"codigo_ibge";"municipio";"agente";"ano";"casos";"populacao";"fonte_populacao";"taxa_bruta_100mil";"taxa_bruta_pop2024_100mil";"taxa_suavizada_100mil";"taxa_padronizada_idade_100mil"
"3300100";"Angra dos Reis";"Influenza";2022;1;167434;"Censo 2022, população residente (data de referência 01/08/2022)";0,6;0,56;0,75;1,06
"3300159";"Aperibé";"Influenza";2022;0;11034;"Censo 2022, população residente (data de referência 01/08/2022)";0;0;1,38;0
"3300209";"Araruama";"Influenza";2022;9;129671;"Censo 2022, população residente (data de referência 01/08/2022)";6,94;6,53;6,46;6,59
"3300225";"Areal";"Influenza";2022;0;11828;"Censo 2022, população residente (data de referência 01/08/2022)";0;0;1,34;0
"3300233";"Armação dos Búzios";"Influenza";2022;0;40006;"Censo 2022, população residente (data de referência 01/08/2022)";0;0;0,66;0
"3300258";"Arraial do Cabo";"Influenza";2022;0;30986;"Censo 2022, população residente (data de referência 01/08/2022)";0;0;0,79;0
"3300308";"Barra do Piraí";"Influenza";2022;2;92883;"Censo 2022, população residente (data de referência 01/08/2022)";2,15;2,03;2,19;2,04
"3300407";"Barra Mansa";"Influenza";2022;2;169894;"Censo 2022, população residente (data de referência 01/08/2022)";1,18;1,1;1,28;1,18
"3300456";"Belford Roxo";"Influenza";2022;3;483087;"Censo 2022, população residente (data de referência 01/08/2022)";0,62;0,58;0,67;0,54
"3300506";"Bom Jardim";"Influenza";2022;0;28102;"Censo 2022, população residente (data de referência 01/08/2022)";0;0;0,84;0
"3300605";"Bom Jesus do Itabapoana";"Influenza";2022;0;35173;"Censo 2022, população residente (data de referência 01/08/2022)";0;0;0,72;0
"3300704";"Cabo Frio";"Influenza";2022;2;222161;"Censo 2022, população residente (data de referência 01/08/2022)";0,9;0,84;1;0,84
"3300803";"Cachoeiras de Macacu";"Influenza";2022;2;56943;"Censo 2022, população residente (data de referência 01/08/2022)";3,51;3,34;3,28;3,62
"3300902";"Cambuci";"Influenza";2022;0;14616;"Censo 2022, população residente (data de referência 01/08/2022)";0;0;1,22;0
"3301009";"Campos dos Goytacazes";"Influenza";2022;8;483540;"Censo 2022, população residente (data de referência 01/08/2022)";1,65;1,54;1,68;1,69
"3301108";"Cantagalo";"Influenza";2022;2;19390;"Censo 2022, população residente (data de referência 01/08/2022)";10,31;10;6,84;9,82
"3300936";"Carapebus";"Influenza";2022;0;13847;"Censo 2022, população residente (data de referência 01/08/2022)";0;0;1,25;0
"3301157";"Cardoso Moreira";"Influenza";2022;0;12958;"Censo 2022, população residente (data de referência 01/08/2022)";0;0;1,29;0
"3301207";"Carmo";"Influenza";2022;3;17198;"Censo 2022, população residente (data de referência 01/08/2022)";17,44;16,91;10,39;17,67
"3301306";"Casimiro de Abreu";"Influenza";2022;4;46110;"Censo 2022, população residente (data de referência 01/08/2022)";8,67;8,24;7,12;9,76
"3300951";"Comendador Levy Gasparian";"Influenza";2022;0;8741;"Censo 2022, população residente (data de referência 01/08/2022)";0;0;1,52;0
"3301405";"Conceição de Macabu";"Influenza";2022;0;21104;"Censo 2022, população residente (data de referência 01/08/2022)";0;0;1;0
"3301504";"Cordeiro";"Influenza";2022;0;20783;"Censo 2022, população residente (data de referência 01/08/2022)";0;0;1,01;0
"3301603";"Duas Barras";"Influenza";2022;0;10980;"Censo 2022, população residente (data de referência 01/08/2022)";0;0;1,39;0
"3301702";"Duque de Caxias";"Influenza";2022;15;808161;"Censo 2022, população residente (data de referência 01/08/2022)";1,86;1,73;1,87;1,76
"3301801";"Engenheiro Paulo de Frontin";"Influenza";2022;0;12242;"Censo 2022, população residente (data de referência 01/08/2022)";0;0;1,32;0
"3301850";"Guapimirim";"Influenza";2022;0;51696;"Censo 2022, população residente (data de referência 01/08/2022)";0;0;0,54;0
"3301876";"Iguaba Grande";"Influenza";2022;1;27920;"Censo 2022, população residente (data de referência 01/08/2022)";3,58;3,38;3,16;3,74
"3301900";"Itaboraí";"Influenza";2022;1;224267;"Censo 2022, população residente (data de referência 01/08/2022)";0,45;0,42;0,57;0,39
"3302007";"Itaguaí";"Influenza";2022;1;116841;"Censo 2022, população residente (data de referência 01/08/2022)";0,86;0,81;1,03;0,98
"3302056";"Italva";"Influenza";2022;0;14073;"Censo 2022, população residente (data de referência 01/08/2022)";0;0;1,24;0
"3302106";"Itaocara";"Influenza";2022;0;22919;"Censo 2022, população residente (data de referência 01/08/2022)";0;0;0,95;0
"3302205";"Itaperuna";"Influenza";2022;0;101041;"Censo 2022, população residente (data de referência 01/08/2022)";0;0;0,31;0
"3302254";"Itatiaia";"Influenza";2022;1;30908;"Censo 2022, população residente (data de referência 01/08/2022)";3,24;3,06;2,96;3,19
"3302270";"Japeri";"Influenza";2022;0;96289;"Censo 2022, população residente (data de referência 01/08/2022)";0;0;0,33;0
"3302304";"Laje do Muriaé";"Influenza";2022;0;7336;"Censo 2022, população residente (data de referência 01/08/2022)";0;0;1,61;0
"3302403";"Macaé";"Influenza";2022;48;246391;"Censo 2022, população residente (data de referência 01/08/2022)";19,48;18,17;18,49;20,88
"3302452";"Macuco";"Influenza";2022;0;5415;"Censo 2022, população residente (data de referência 01/08/2022)";0;0;1,76;0
"3302502";"Magé";"Influenza";2022;4;228127;"Censo 2022, população residente (data de referência 01/08/2022)";1,75;1,64;1,79;1,61
"3302601";"Mangaratiba";"Influenza";2022;0;41220;"Censo 2022, população residente (data de referência 01/08/2022)";0;0;0,64;0
"3302700";"Maricá";"Influenza";2022;1;197277;"Censo 2022, população residente (data de referência 01/08/2022)";0,51;0,47;0,64;0,47
"3302809";"Mendes";"Influenza";2022;0;17502;"Censo 2022, população residente (data de referência 01/08/2022)";0;0;1,11;0
"3302858";"Mesquita";"Influenza";2022;0;167127;"Censo 2022, população residente (data de referência 01/08/2022)";0;0;0,2;0
"3302908";"Miguel Pereira";"Influenza";2022;0;26582;"Censo 2022, população residente (data de referência 01/08/2022)";0;0;0,87;0
"3303005";"Miracema";"Influenza";2022;0;26881;"Censo 2022, população residente (data de referência 01/08/2022)";0;0;0,86;0
"3303104";"Natividade";"Influenza";2022;0;15074;"Censo 2022, população residente (data de referência 01/08/2022)";0;0;1,2;0
"3303203";"Nilópolis";"Influenza";2022;1;146774;"Censo 2022, população residente (data de referência 01/08/2022)";0,68;0,64;0,84;0,73
"3303302";"Niterói";"Influenza";2022;11;481749;"Censo 2022, população residente (data de referência 01/08/2022)";2,28;2,13;2,29;2,45
"3303401";"Nova Friburgo";"Influenza";2022;35;189939;"Censo 2022, população residente (data de referência 01/08/2022)";18,43;17,21;17,24;18,33
"3303500";"Nova Iguaçu";"Influenza";2022;8;785867;"Censo 2022, população residente (data de referência 01/08/2022)";1,02;0,95;1,04;1,14
"3303609";"Paracambi";"Influenza";2022;5;41375;"Censo 2022, população residente (data de referência 01/08/2022)";12,08;11,45;9,49;12,34
"3303708";"Paraíba do Sul";"Influenza";2022;0;42063;"Censo 2022, população residente (data de referência 01/08/2022)";0;0;0,63;0
"3303807";"Paraty";"Influenza";2022;0;45243;"Censo 2022, população residente (data de referência 01/08/2022)";0;0;0,6;0
"3303856";"Paty do Alferes";"Influenza";2022;0;29619;"Censo 2022, população residente (data de referência 01/08/2022)";0;0;0,81;0
"3303906";"Petrópolis";"Influenza";2022;24;278881;"Censo 2022, população residente (data de referência 01/08/2022)";8,61;8,14;8,29;8,88
"3303955";"Pinheiral";"Influenza";2022;1;24298;"Censo 2022, população residente (data de referência 01/08/2022)";4,12;3,99;3,45;3,91
"3304003";"Piraí";"Influenza";2022;1;27474;"Censo 2022, população residente (data de referência 01/08/2022)";3,64;3,44;3,2;2,96
"3304102";"Porciúncula";"Influenza";2022;0;17288;"Censo 2022, população residente (data de referência 01/08/2022)";0;0;1,12;0
"3304110";"Porto Real";"Influenza";2022;1;20373;"Censo 2022, população residente (data de referência 01/08/2022)";4,91;4,75;3,84;8,02
"3304128";"Quatis";"Influenza";2022;2;13682;"Censo 2022, população residente (data de referência 01/08/2022)";14,62;14,13;8,19;14,48
"3304144";"Queimados";"Influenza";2022;0;140523;"Censo 2022, população residente (data de referência 01/08/2022)";0;0;0,23;0
"3304151";"Quissamã";"Influenza";2022;0;22393;"Censo 2022, população residente (data de referência 01/08/2022)";0;0;0,97;0
"3304201";"Resende";"Influenza";2022;35;129612;"Censo 2022, população residente (data de referência 01/08/2022)";27;25,43;24,43;28,23
"3304300";"Rio Bonito";"Influenza";2022;3;56276;"Censo 2022, população residente (data de referência 01/08/2022)";5,33;5,08;4,71;5,2
"3304409";"Rio Claro";"Influenza";2022;1;17401;"Censo 2022, população residente (data de referência 01/08/2022)";5,75;5,57;4,19;6
"3304508";"Rio das Flores";"Influenza";2022;0;8954;"Censo 2022, população residente (data de referência 01/08/2022)";0;0;1,5;0
"3304524";"Rio das Ostras";"Influenza";2022;9;156491;"Censo 2022, população residente (data de referência 01/08/2022)";5,75;5,35;5,45;5,46
"3304557";"Rio de Janeiro";"Influenza";2022;89;6211223;"Censo 2022, população residente (data de referência 01/08/2022)";1,43;1,32;1,44;1,46
"3304607";"Santa Maria Madalena";"Influenza";2022;0;10232;"Censo 2022, população residente (data de referência 01/08/2022)";0;0;1,43;0
"3304706";"Santo Antônio de Pádua";"Influenza";2022;1;41325;"Censo 2022, população residente (data de referência 01/08/2022)";2,42;2,29;2,41;2,64
"3304805";"São Fidélis";"Influenza";2022;0;38961;"Censo 2022, população residente (data de referência 01/08/2022)";0;0;0,67;0
"3304755";"São Francisco de Itabapoana";"Influenza";2022;2;45059;"Censo 2022, população residente (data de referência 01/08/2022)";4,44;4,22;3,92;4,51
"3304904";"São Gonçalo";"Influenza";2022;7;896744;"Censo 2022, população residente (data de referência 01/08/2022)";0,78;0,73;0,81;0,8
"3305000";"São João da Barra";"Influenza";2022;0;36573;"Censo 2022, população residente (data de referência 01/08/2022)";0;0;0,7;0
"3305109";"São João de Meriti";"Influenza";2022;1;440962;"Censo 2022, população residente (data de referência 01/08/2022)";0,23;0,21;0,3;0,23
"3305133";"São José de Ubá";"Influenza";2022;0;7070;"Censo 2022, população residente (data de referência 01/08/2022)";0;0;1,63;0
"3305158";"São José do Vale do Rio Preto";"Influenza";2022;0;22080;"Censo 2022, população residente (data de referência 01/08/2022)";0;0;0,97;0
"3305208";"São Pedro da Aldeia";"Influenza";2022;2;104029;"Censo 2022, população residente (data de referência 01/08/2022)";1,92;1,81;1,98;1,73
"3305307";"São Sebastião do Alto";"Influenza";2022;0;7750;"Censo 2022, população residente (data de referência 01/08/2022)";0;0;1,58;0
"3305406";"Sapucaia";"Influenza";2022;2;17729;"Censo 2022, população residente (data de referência 01/08/2022)";11,28;10,94;7,19;11,44
"3305505";"Saquarema";"Influenza";2022;1;89559;"Censo 2022, população residente (data de referência 01/08/2022)";1,12;1,05;1,3;1,09
"3305554";"Seropédica";"Influenza";2022;0;80596;"Censo 2022, população residente (data de referência 01/08/2022)";0;0;0,38;0
"3305604";"Silva Jardim";"Influenza";2022;2;21352;"Censo 2022, população residente (data de referência 01/08/2022)";9,37;9,08;6,47;8,16
"3305703";"Sumidouro";"Influenza";2022;0;15206;"Censo 2022, população residente (data de referência 01/08/2022)";0;0;1,19;0
"3305752";"Tanguá";"Influenza";2022;0;31086;"Censo 2022, população residente (data de referência 01/08/2022)";0;0;0,78;0
"3305802";"Teresópolis";"Influenza";2022;2;165123;"Censo 2022, população residente (data de referência 01/08/2022)";1,21;1,13;1,31;1,18
"3305901";"Trajano de Moraes";"Influenza";2022;0;10302;"Censo 2022, população residente (data de referência 01/08/2022)";0;0;1,42;0
"3306008";"Três Rios";"Influenza";2022;3;78346;"Censo 2022, população residente (data de referência 01/08/2022)";3,83;3,65;3,6;3,6
"3306107";"Valença";"Influenza";2022;11;68088;"Censo 2022, população residente (data de referência 01/08/2022)";16,16;15,39;13,65;15,56
"3306156";"Varre-Sai";"Influenza";2022;0;10207;"Censo 2022, população residente (data de referência 01/08/2022)";0;0;1,43;0
"3306206";"Vassouras";"Influenza";2022;5;33976;"Censo 2022, população residente (data de referência 01/08/2022)";14,72;13,93;10,92;15,19
"3306305";"Volta Redonda";"Influenza";2022;9;261563;"Censo 2022, população residente (data de referência 01/08/2022)";3,44;3,22;3,38;3,29
"3300100";"Angra dos Reis";"Influenza";2023;19;173010;"interpolação linear (peso 0.4771) entre 2022-08-01 e 2024-07-01";10,98;10,61;9,87;10,31
"3300159";"Aperibé";"Influenza";2023;0;11218;"interpolação linear (peso 0.4771) entre 2022-08-01 e 2024-07-01";0;0;3,02;0
"3300209";"Araruama";"Influenza";2023;9;133537;"interpolação linear (peso 0.4771) entre 2022-08-01 e 2024-07-01";6,74;6,53;6,2;6,42
"3300225";"Areal";"Influenza";2023;2;12023;"interpolação linear (peso 0.4771) entre 2022-08-01 e 2024-07-01";16,63;16,35;7,4;15,02
"3300233";"Armação dos Búzios";"Influenza";2023;1;41168;"interpolação linear (peso 0.4771) entre 2022-08-01 e 2024-07-01";2,43;2,36;3,15;2,31
"3300258";"Arraial do Cabo";"Influenza";2023;0;31849;"interpolação linear (peso 0.4771) entre 2022-08-01 e 2024-07-01";0;0;2,06;0
"3300308";"Barra do Piraí";"Influenza";2023;8;95564;"interpolação linear (peso 0.4771) entre 2022-08-01 e 2024-07-01";8,37;8,12;7,26;8,16
"3300407";"Barra Mansa";"Influenza";2023;3;175521;"interpolação linear (peso 0.4771) entre 2022-08-01 e 2024-07-01";1,71;1,65;2,08;1,75
"3300456";"Belford Roxo";"Influenza";2023;5;499871;"interpolação linear (peso 0.4771) entre 2022-08-01 e 2024-07-01";1;0,96;1,19;1,1
"3300506";"Bom Jardim";"Influenza";2023;1;28882;"interpolação linear (peso 0.4771) entre 2022-08-01 e 2024-07-01";3,46;3,36;3,77;3,37
"3300605";"Bom Jesus do Itabapoana";"Influenza";2023;0;36127;"interpolação linear (peso 0.4771) entre 2022-08-01 e 2024-07-01";0;0;1,93;0
"3300704";"Cabo Frio";"Influenza";2023;16;229798;"interpolação linear (peso 0.4771) entre 2022-08-01 e 2024-07-01";6,96;6,72;6,59;6,74
"3300803";"Cachoeiras de Macacu";"Influenza";2023;1;58324;"interpolação linear (peso 0.4771) entre 2022-08-01 e 2024-07-01";1,71;1,67;2,56;1,55
"3300902";"Cambuci";"Influenza";2023;0;14833;"interpolação linear (peso 0.4771) entre 2022-08-01 e 2024-07-01";0;0;2,79;0
"3301009";"Campos dos Goytacazes";"Influenza";2023;15;500465;"interpolação linear (peso 0.4771) entre 2022-08-01 e 2024-07-01";3;2,89;3,06;2,82
"3301108";"Cantagalo";"Influenza";2023;2;19679;"interpolação linear (peso 0.4771) entre 2022-08-01 e 2024-07-01";10,16;10;6,32;8,45
"3300936";"Carapebus";"Influenza";2023;1;14075;"interpolação linear (peso 0.4771) entre 2022-08-01 e 2024-07-01";7,1;6,98;4,95;8,36
"3301157";"Cardoso Moreira";"Influenza";2023;1;13170;"interpolação linear (peso 0.4771) entre 2022-08-01 e 2024-07-01";7,59;7,46;5,05;7,23
"3301207";"Carmo";"Influenza";2023;0;17457;"interpolação linear (peso 0.4771) entre 2022-08-01 e 2024-07-01";0;0;2,64;0
"3301306";"Casimiro de Abreu";"Influenza";2023;0;47280;"interpolação linear (peso 0.4771) entre 2022-08-01 e 2024-07-01";0;0;1,66;0
"3300951";"Comendador Levy Gasparian";"Influenza";2023;2;8886;"interpolação linear (peso 0.4771) entre 2022-08-01 e 2024-07-01";22,51;22,11;7,95;20,78
"3301405";"Conceição de Macabu";"Influenza";2023;3;21421;"interpolação linear (peso 0.4771) entre 2022-08-01 e 2024-07-01";14;13,78;7,96;11,95
"3301504";"Cordeiro";"Influenza";2023;4;21098;"interpolação linear (peso 0.4771) entre 2022-08-01 e 2024-07-01";18,96;18,65;9,85;17,83
"3301603";"Duas Barras";"Influenza";2023;1;11158;"interpolação linear (peso 0.4771) entre 2022-08-01 e 2024-07-01";8,96;8,81;5,28;8,6
"3301702";"Duque de Caxias";"Influenza";2023;23;835924;"interpolação linear (peso 0.4771) entre 2022-08-01 e 2024-07-01";2,75;2,65;2,8;2,69
"3301801";"Engenheiro Paulo de Frontin";"Influenza";2023;0;12436;"interpolação linear (peso 0.4771) entre 2022-08-01 e 2024-07-01";0;0;2,94;0
"3301850";"Guapimirim";"Influenza";2023;0;52938;"interpolação linear (peso 0.4771) entre 2022-08-01 e 2024-07-01";0;0;1,55;0
"3301876";"Iguaba Grande";"Influenza";2023;1;28711;"interpolação linear (peso 0.4771) entre 2022-08-01 e 2024-07-01";3,48;3,38;3,78;3,74
"3301900";"Itaboraí";"Influenza";2023;6;231793;"interpolação linear (peso 0.4771) entre 2022-08-01 e 2024-07-01";2,59;2,5;2,77;2,61
"3302007";"Itaguaí";"Influenza";2023;3;120247;"interpolação linear (peso 0.4771) entre 2022-08-01 e 2024-07-01";2,49;2,42;2,83;2,14
"3302056";"Italva";"Influenza";2023;0;14285;"interpolação linear (peso 0.4771) entre 2022-08-01 e 2024-07-01";0;0;2,82;0
"3302106";"Itaocara";"Influenza";2023;0;23264;"interpolação linear (peso 0.4771) entre 2022-08-01 e 2024-07-01";0;0;2,37;0
"3302205";"Itaperuna";"Influenza";2023;5;104002;"interpolação linear (peso 0.4771) entre 2022-08-01 e 2024-07-01";4,81;4,66;4,62;4,67
"3302254";"Itatiaia";"Influenza";2023;8;31760;"interpolação linear (peso 0.4771) entre 2022-08-01 e 2024-07-01";25,19;24,47;14,4;25,15
"3302270";"Japeri";"Influenza";2023;1;99085;"interpolação linear (peso 0.4771) entre 2022-08-01 e 2024-07-01";1,01;0,98;1,77;1,15
"3302304";"Laje do Muriaé";"Influenza";2023;0;7454;"interpolação linear (peso 0.4771) entre 2022-08-01 e 2024-07-01";0;0;3,3;0
"3302403";"Macaé";"Influenza";2023;29;254859;"interpolação linear (peso 0.4771) entre 2022-08-01 e 2024-07-01";11,38;10,98;10,54;11,48
"3302452";"Macuco";"Influenza";2023;0;5504;"interpolação linear (peso 0.4771) entre 2022-08-01 e 2024-07-01";0;0;3,46;0
"3302502";"Magé";"Influenza";2023;4;235745;"interpolação linear (peso 0.4771) entre 2022-08-01 e 2024-07-01";1,7;1,64;1,99;1,61
"3302601";"Mangaratiba";"Influenza";2023;0;42367;"interpolação linear (peso 0.4771) entre 2022-08-01 e 2024-07-01";0;0;1,77;0
"3302700";"Maricá";"Influenza";2023;2;204295;"interpolação linear (peso 0.4771) entre 2022-08-01 e 2024-07-01";0,98;0,94;1,41;1,02
"3302809";"Mendes";"Influenza";2023;1;17763;"interpolação linear (peso 0.4771) entre 2022-08-01 e 2024-07-01";5,63;5,54;4,6;5,78
"3302858";"Mesquita";"Influenza";2023;2;172698;"interpolação linear (peso 0.4771) entre 2022-08-01 e 2024-07-01";1,16;1,12;1,62;1,1
"3302908";"Miguel Pereira";"Influenza";2023;1;27317;"interpolação linear (peso 0.4771) entre 2022-08-01 e 2024-07-01";3,66;3,56;3,87;3,87
"3303005";"Miracema";"Influenza";2023;0;27611;"interpolação linear (peso 0.4771) entre 2022-08-01 e 2024-07-01";0;0;2,2;0
"3303104";"Natividade";"Influenza";2023;0;15301;"interpolação linear (peso 0.4771) entre 2022-08-01 e 2024-07-01";0;0;2,76;0
"3303203";"Nilópolis";"Influenza";2023;5;150959;"interpolação linear (peso 0.4771) entre 2022-08-01 e 2024-07-01";3,31;3,21;3,44;3,48
"3303302";"Niterói";"Influenza";2023;43;498435;"interpolação linear (peso 0.4771) entre 2022-08-01 e 2024-07-01";8,63;8,32;8,34;8,71
"3303401";"Nova Friburgo";"Influenza";2023;38;196327;"interpolação linear (peso 0.4771) entre 2022-08-01 e 2024-07-01";19,36;18,69;17,15;18,79
"3303500";"Nova Iguaçu";"Influenza";2023;15;813150;"interpolação linear (peso 0.4771) entre 2022-08-01 e 2024-07-01";1,84;1,78;1,93;1,78
"3303609";"Paracambi";"Influenza";2023;0;42463;"interpolação linear (peso 0.4771) entre 2022-08-01 e 2024-07-01";0;0;1,77;0
"3303708";"Paraíba do Sul";"Influenza";2023;2;43210;"interpolação linear (peso 0.4771) entre 2022-08-01 e 2024-07-01";4,63;4,5;4,37;4,4
"3303807";"Paraty";"Influenza";2023;0;46374;"interpolação linear (peso 0.4771) entre 2022-08-01 e 2024-07-01";0;0;1,68;0
"3303856";"Paty do Alferes";"Influenza";2023;0;30443;"interpolação linear (peso 0.4771) entre 2022-08-01 e 2024-07-01";0;0;2,1;0
"3303906";"Petrópolis";"Influenza";2023;29;286564;"interpolação linear (peso 0.4771) entre 2022-08-01 e 2024-07-01";10,12;9,83;9,49;10,51
"3303955";"Pinheiral";"Influenza";2023;1;24674;"interpolação linear (peso 0.4771) entre 2022-08-01 e 2024-07-01";4,05;3,99;4,05;4,07
"3304003";"Piraí";"Influenza";2023;0;28228;"interpolação linear (peso 0.4771) entre 2022-08-01 e 2024-07-01";0;0;2,18;0
"3304102";"Porciúncula";"Influenza";2023;1;17548;"interpolação linear (peso 0.4771) entre 2022-08-01 e 2024-07-01";5,7;5,61;4,61;5,06
"3304110";"Porto Real";"Influenza";2023;3;20703;"interpolação linear (peso 0.4771) entre 2022-08-01 e 2024-07-01";14,49;14,24;8,06;12,91
"3304128";"Quatis";"Influenza";2023;1;13909;"interpolação linear (peso 0.4771) entre 2022-08-01 e 2024-07-01";7,19;7,06;4,97;8,69
"3304144";"Queimados";"Influenza";2023;2;144612;"interpolação linear (peso 0.4771) entre 2022-08-01 e 2024-07-01";1,38;1,34;1,88;1,22
"3304151";"Quissamã";"Influenza";2023;6;22743;"interpolação linear (peso 0.4771) entre 2022-08-01 e 2024-07-01";26,38;25,94;13,14;25,59
"3304201";"Resende";"Influenza";2023;23;133429;"interpolação linear (peso 0.4771) entre 2022-08-01 e 2024-07-01";17,24;16,71;14,62;17,55
"3304300";"Rio Bonito";"Influenza";2023;9;57630;"interpolação linear (peso 0.4771) entre 2022-08-01 e 2024-07-01";15,62;15,23;11,39;15,24
"3304409";"Rio Claro";"Influenza";2023;0;17663;"interpolação linear (peso 0.4771) entre 2022-08-01 e 2024-07-01";0;0;2,63;0
"3304508";"Rio das Flores";"Influenza";2023;0;9102;"interpolação linear (peso 0.4771) entre 2022-08-01 e 2024-07-01";0;0;3,17;0
"3304524";"Rio das Ostras";"Influenza";2023;2;162030;"interpolação linear (peso 0.4771) entre 2022-08-01 e 2024-07-01";1,23;1,19;1,71;1,11
"3304557";"Rio de Janeiro";"Influenza";2023;209;6458703;"interpolação linear (peso 0.4771) entre 2022-08-01 e 2024-07-01";3,24;3,11;3,24;3,26
"3304607";"Santa Maria Madalena";"Influenza";2023;0;10398;"interpolação linear (peso 0.4771) entre 2022-08-01 e 2024-07-01";0;0;3,07;0
"3304706";"Santo Antônio de Pádua";"Influenza";2023;0;42452;"interpolação linear (peso 0.4771) entre 2022-08-01 e 2024-07-01";0;0;1,77;0
"3304805";"São Fidélis";"Influenza";2023;0;40028;"interpolação linear (peso 0.4771) entre 2022-08-01 e 2024-07-01";0;0;1,83;0
"3304755";"São Francisco de Itabapoana";"Influenza";2023;0;46161;"interpolação linear (peso 0.4771) entre 2022-08-01 e 2024-07-01";0;0;1,69;0
"3304904";"São Gonçalo";"Influenza";2023;25;927237;"interpolação linear (peso 0.4771) entre 2022-08-01 e 2024-07-01";2,7;2,6;2,74;2,82
"3305000";"São João da Barra";"Influenza";2023;0;37592;"interpolação linear (peso 0.4771) entre 2022-08-01 e 2024-07-01";0;0;1,89;0
"3305109";"São João de Meriti";"Influenza";2023;9;453164;"interpolação linear (peso 0.4771) entre 2022-08-01 e 2024-07-01";1,99;1,93;2,13;2,04
"3305133";"São José de Ubá";"Influenza";2023;0;7187;"interpolação linear (peso 0.4771) entre 2022-08-01 e 2024-07-01";0;0;3,32;0
"3305158";"São José do Vale do Rio Preto";"Influenza";2023;0;22423;"interpolação linear (peso 0.4771) entre 2022-08-01 e 2024-07-01";0;0;2,41;0
"3305208";"São Pedro da Aldeia";"Influenza";2023;9;107143;"interpolação linear (peso 0.4771) entre 2022-08-01 e 2024-07-01";8,4;8,14;7,37;8,07
"3305307";"São Sebastião do Alto";"Influenza";2023;0;7869;"interpolação linear (peso 0.4771) entre 2022-08-01 e 2024-07-01";0;0;3,26;0
"3305406";"Sapucaia";"Influenza";2023;0;17996;"interpolação linear (peso 0.4771) entre 2022-08-01 e 2024-07-01";0;0;2,62;0
"3305505";"Saquarema";"Influenza";2023;18;92251;"interpolação linear (peso 0.4771) entre 2022-08-01 e 2024-07-01";19,51;18,91;15,43;19,43
"3305554";"Seropédica";"Influenza";2023;2;82572;"interpolação linear (peso 0.4771) entre 2022-08-01 e 2024-07-01";2,42;2,36;2,88;2,54
"3305604";"Silva Jardim";"Influenza";2023;1;21674;"interpolação linear (peso 0.4771) entre 2022-08-01 e 2024-07-01";4,61;4,54;4,27;3,94
"3305703";"Sumidouro";"Influenza";2023;1;15437;"interpolação linear (peso 0.4771) entre 2022-08-01 e 2024-07-01";6,48;6,37;4,82;6,43
"3305752";"Tanguá";"Influenza";2023;4;31931;"interpolação linear (peso 0.4771) entre 2022-08-01 e 2024-07-01";12,53;12,17;8,21;10,89
"3305802";"Teresópolis";"Influenza";2023;1;170643;"interpolação linear (peso 0.4771) entre 2022-08-01 e 2024-07-01";0,59;0,57;1,15;0,58
"3305901";"Trajano de Moraes";"Influenza";2023;1;10469;"interpolação linear (peso 0.4771) entre 2022-08-01 e 2024-07-01";9,55;9,39;5,36;9,67
"3306008";"Três Rios";"Influenza";2023;5;80233;"interpolação linear (peso 0.4771) entre 2022-08-01 e 2024-07-01";6,23;6,08;5,59;5,76
"3306107";"Valença";"Influenza";2023;6;69698;"interpolação linear (peso 0.4771) entre 2022-08-01 e 2024-07-01";8,61;8,4;7,14;8,85
"3306156";"Varre-Sai";"Influenza";2023;0;10375;"interpolação linear (peso 0.4771) entre 2022-08-01 e 2024-07-01";0;0;3,08;0
"3306206";"Vassouras";"Influenza";2023;2;34896;"interpolação linear (peso 0.4771) entre 2022-08-01 e 2024-07-01";5,73;5,57;4,91;5,41
"3306305";"Volta Redonda";"Influenza";2023;18;270311;"interpolação linear (peso 0.4771) entre 2022-08-01 e 2024-07-01";6,66;6,43;6,37;6,69
"3300100";"Angra dos Reis";"Influenza";2024;21;179120;"Estimativa da população residente, 1º de julho de 2024";11,72;11,72;11,48;12,5
"3300159";"Aperibé";"Influenza";2024;3;11420;"Estimativa da população residente, 1º de julho de 2024";26,27;26,27;14,51;24,43
"3300209";"Araruama";"Influenza";2024;10;137773;"Estimativa da população residente, 1º de julho de 2024";7,26;7,26;7,75;7,06
"3300225";"Areal";"Influenza";2024;1;12236;"Estimativa da população residente, 1º de julho de 2024";8,17;8,17;9,49;7,06
"3300233";"Armação dos Búzios";"Influenza";2024;2;42442;"Estimativa da população residente, 1º de julho de 2024";4,71;4,71;6,91;6,58
"3300258";"Arraial do Cabo";"Influenza";2024;1;32794;"Estimativa da população residente, 1º de julho de 2024";3,05;3,05;6,38;3,3
"3300308";"Barra do Piraí";"Influenza";2024;45;98501;"Estimativa da população residente, 1º de julho de 2024";45,68;45,68;37,36;45,5
"3300407";"Barra Mansa";"Influenza";2024;11;181688;"Estimativa da população residente, 1º de julho de 2024";6,05;6,05;6,62;6,1
"3300456";"Belford Roxo";"Influenza";2024;19;518263;"Estimativa da população residente, 1º de julho de 2024";3,67;3,67;4,01;3,82
"3300506";"Bom Jardim";"Influenza";2024;5;29736;"Estimativa da população residente, 1º de julho de 2024";16,81;16,81;13,41;16,93
"3300605";"Bom Jesus do Itabapoana";"Influenza";2024;0;37172;"Estimativa da população residente, 1º de julho de 2024";0;0;4,48;0
"3300704";"Cabo Frio";"Influenza";2024;34;238166;"Estimativa da população residente, 1º de julho de 2024";14,28;14,28;13,8;14,6
"3300803";"Cachoeiras de Macacu";"Influenza";2024;8;59837;"Estimativa da população residente, 1º de julho de 2024";13,37;13,37;12,25;12,77
"3300902";"Cambuci";"Influenza";2024;10;15070;"Estimativa da população residente, 1º de julho de 2024";66,36;66,36;28,87;66,95
"3301009";"Campos dos Goytacazes";"Influenza";2024;23;519011;"Estimativa da população residente, 1º de julho de 2024";4,43;4,43;4,74;4,4
"3301108";"Cantagalo";"Influenza";2024;3;19996;"Estimativa da população residente, 1º de julho de 2024";15;15;12,02;14,03
"3300936";"Carapebus";"Influenza";2024;8;14325;"Estimativa da população residente, 1º de julho de 2024";55,85;55,85;24,84;54,43
"3301157";"Cardoso Moreira";"Influenza";2024;3;13403;"Estimativa da população residente, 1º de julho de 2024";22,38;22,38;13,85;21,98
"3301207";"Carmo";"Influenza";2024;2;17740;"Estimativa da população residente, 1º de julho de 2024";11,27;11,27;10,49;10,23
"3301306";"Casimiro de Abreu";"Influenza";2024;10;48563;"Estimativa da população residente, 1º de julho de 2024";20,59;20,59;16,56;20,22
"3300951";"Comendador Levy Gasparian";"Influenza";2024;1;9044;"Estimativa da população residente, 1º de julho de 2024";11,06;11,06;10,27;10,21
"3301405";"Conceição de Macabu";"Influenza";2024;3;21769;"Estimativa da população residente, 1º de julho de 2024";13,78;13,78;11,61;11,72
"3301504";"Cordeiro";"Influenza";2024;2;21444;"Estimativa da população residente, 1º de julho de 2024";9,33;9,33;9,74;9,92
"3301603";"Duas Barras";"Influenza";2024;2;11354;"Estimativa da população residente, 1º de julho de 2024";17,61;17,61;12,11;17,61
"3301702";"Duque de Caxias";"Influenza";2024;57;866347;"Estimativa da população residente, 1º de julho de 2024";6,58;6,58;6,69;6,26
"3301801";"Engenheiro Paulo de Frontin";"Influenza";2024;0;12648;"Estimativa da população residente, 1º de julho de 2024";0;0;7,05;0
"3301850";"Guapimirim";"Influenza";2024;1;54300;"Estimativa da população residente, 1º de julho de 2024";1,84;1,84;4,75;1,62
"3301876";"Iguaba Grande";"Influenza";2024;4;29577;"Estimativa da população residente, 1º de julho de 2024";13,52;13,52;11,76;14,16
"3301900";"Itaboraí";"Influenza";2024;19;240040;"Estimativa da população residente, 1º de julho de 2024";7,92;7,92;8,15;8,83
"3302007";"Itaguaí";"Influenza";2024;6;123980;"Estimativa da população residente, 1º de julho de 2024";4,84;4,84;5,85;4,85
"3302056";"Italva";"Influenza";2024;1;14517;"Estimativa da população residente, 1º de julho de 2024";6,89;6,89;9;7,71
"3302106";"Itaocara";"Influenza";2024;5;23643;"Estimativa da população residente, 1º de julho de 2024";21,15;21,15;14,93;23,1
"3302205";"Itaperuna";"Influenza";2024;29;107246;"Estimativa da população residente, 1º de julho de 2024";27,04;27,04;23,32;27,06
"3302254";"Itatiaia";"Influenza";2024;2;32694;"Estimativa da população residente, 1º de julho de 2024";6,12;6,12;7,99;5,68
"3302270";"Japeri";"Influenza";2024;7;102149;"Estimativa da população residente, 1º de julho de 2024";6,85;6,85;7,57;6,8
"3302304";"Laje do Muriaé";"Influenza";2024;0;7584;"Estimativa da população residente, 1º de julho de 2024";0;0;8;0
"3302403";"Macaé";"Influenza";2024;52;264138;"Estimativa da população residente, 1º de julho de 2024";19,69;19,69;18,7;19,98
"3302452";"Macuco";"Influenza";2024;1;5601;"Estimativa da população residente, 1º de julho de 2024";17,85;17,85;11,26;19,36
"3302502";"Magé";"Influenza";2024;21;244092;"Estimativa da população residente, 1º de julho de 2024";8,6;8,6;8,76;8,27
"3302601";"Mangaratiba";"Influenza";2024;1;43624;"Estimativa da população residente, 1º de julho de 2024";2,29;2,29;5,44;2,36
"3302700";"Maricá";"Influenza";2024;14;211986;"Estimativa da população residente, 1º de julho de 2024";6,6;6,6;7,03;6,69
"3302809";"Mendes";"Influenza";2024;1;18049;"Estimativa da população residente, 1º de julho de 2024";5,54;5,54;8,34;6,02
"3302858";"Mesquita";"Influenza";2024;10;178803;"Estimativa da população residente, 1º de julho de 2024";5,59;5,59;6,23;5,57
"3302908";"Miguel Pereira";"Influenza";2024;0;28123;"Estimativa da população residente, 1º de julho de 2024";0;0;5,18;0
"3303005";"Miracema";"Influenza";2024;3;28411;"Estimativa da população residente, 1º de julho de 2024";10,56;10,56;10,29;9,83
"3303104";"Natividade";"Influenza";2024;2;15550;"Estimativa da população residente, 1º de julho de 2024";12,86;12,86;11;10,37
"3303203";"Nilópolis";"Influenza";2024;15;155544;"Estimativa da população residente, 1º de julho de 2024";9,64;9,64;9,71;9,76
"3303302";"Niterói";"Influenza";2024;50;516720;"Estimativa da população residente, 1º de julho de 2024";9,68;9,68;9,7;10,05
"3303401";"Nova Friburgo";"Influenza";2024;53;203328;"Estimativa da população residente, 1º de julho de 2024";26,07;26,07;24,01;25,39
"3303500";"Nova Iguaçu";"Influenza";2024;49;843046;"Estimativa da população residente, 1º de julho de 2024";5,81;5,81;5,96;5,59
"3303609";"Paracambi";"Influenza";2024;1;43656;"Estimativa da população residente, 1º de julho de 2024";2,29;2,29;5,44;2,32
"3303708";"Paraíba do Sul";"Influenza";2024;1;44467;"Estimativa da população residente, 1º de julho de 2024";2,25;2,25;5,38;2,05
"3303807";"Paraty";"Influenza";2024;2;47614;"Estimativa da população residente, 1º de julho de 2024";4,2;4,2;6,45;5,04
"3303856";"Paty do Alferes";"Influenza";2024;1;31345;"Estimativa da população residente, 1º de julho de 2024";3,19;3,19;6,53;2,8
"3303906";"Petrópolis";"Influenza";2024;39;294983;"Estimativa da população residente, 1º de julho de 2024";13,22;13,22;12,93;13,56
"3303955";"Pinheiral";"Influenza";2024;0;25085;"Estimativa da população residente, 1º de julho de 2024";0;0;5,46;0
"3304003";"Piraí";"Influenza";2024;3;29054;"Estimativa da população residente, 1º de julho de 2024";10,33;10,33;10,18;9,42
"3304102";"Porciúncula";"Influenza";2024;1;17832;"Estimativa da população residente, 1º de julho de 2024";5,61;5,61;8,38;4,98
"3304110";"Porto Real";"Influenza";2024;2;21064;"Estimativa da população residente, 1º de julho de 2024";9,49;9,49;9,81;14,69
"3304128";"Quatis";"Influenza";2024;0;14158;"Estimativa da população residente, 1º de julho de 2024";0;0;6,81;0
"3304144";"Queimados";"Influenza";2024;8;149093;"Estimativa da população residente, 1º de julho de 2024";5,37;5,37;6,15;5,07
"3304151";"Quissamã";"Influenza";2024;1;23126;"Estimativa da população residente, 1º de julho de 2024";4,32;4,32;7,55;3,85
"3304201";"Resende";"Influenza";2024;58;137612;"Estimativa da população residente, 1º de julho de 2024";42,15;42,15;36,4;44,5
"3304300";"Rio Bonito";"Influenza";2024;4;59113;"Estimativa da população residente, 1º de julho de 2024";6,77;6,77;7,86;6,66
"3304409";"Rio Claro";"Influenza";2024;2;17950;"Estimativa da população residente, 1º de julho de 2024";11,14;11,14;10,45;11,73
"3304508";"Rio das Flores";"Influenza";2024;0;9264;"Estimativa da população residente, 1º de julho de 2024";0;0;7,66;0
"3304524";"Rio das Ostras";"Influenza";2024;17;168099;"Estimativa da população residente, 1º de julho de 2024";10,11;10,11;10,1;10,24
"3304557";"Rio de Janeiro";"Influenza";2024;719;6729894;"Estimativa da população residente, 1º de julho de 2024";10,68;10,68;10,68;10,43
"3304607";"Santa Maria Madalena";"Influenza";2024;0;10579;"Estimativa da população residente, 1º de julho de 2024";0;0;7,41;0
"3304706";"Santo Antônio de Pádua";"Influenza";2024;11;43686;"Estimativa da população residente, 1º de julho de 2024";25,18;25,18;19,01;23,93
"3304805";"São Fidélis";"Influenza";2024;1;41197;"Estimativa da população residente, 1º de julho de 2024";2,43;2,43;5,63;2,7
"3304755";"São Francisco de Itabapoana";"Influenza";2024;0;47368;"Estimativa da população residente, 1º de julho de 2024";0;0;3,89;0
"3304904";"São Gonçalo";"Influenza";2024;91;960652;"Estimativa da população residente, 1º de julho de 2024";9,47;9,47;9,49;9,89
"3305000";"São João da Barra";"Influenza";2024;2;38708;"Estimativa da população residente, 1º de julho de 2024";5,17;5,17;7,29;5,07
"3305109";"São João de Meriti";"Influenza";2024;19;466536;"Estimativa da população residente, 1º de julho de 2024";4,07;4,07;4,43;3,91
"3305133";"São José de Ubá";"Influenza";2024;2;7315;"Estimativa da população residente, 1º de julho de 2024";27,34;27,34;13,42;24,41
"3305158";"São José do Vale do Rio Preto";"Influenza";2024;2;22799;"Estimativa da população residente, 1º de julho de 2024";8,77;8,77;9,49;11,38
"3305208";"São Pedro da Aldeia";"Influenza";2024;9;110556;"Estimativa da população residente, 1º de julho de 2024";8,14;8,14;8,54;7,97
"3305307";"São Sebastião do Alto";"Influenza";2024;0;7999;"Estimativa da população residente, 1º de julho de 2024";0;0;7,92;0
"3305406";"Sapucaia";"Influenza";2024;2;18289;"Estimativa da população residente, 1º de julho de 2024";10,94;10,94;10,37;10,85
"3305505";"Saquarema";"Influenza";2024;17;95201;"Estimativa da população residente, 1º de julho de 2024";17,86;17,86;15,98;17,3
"3305554";"Seropédica";"Influenza";2024;3;84737;"Estimativa da população residente, 1º de julho de 2024";3,54;3,54;5,24;3,11
"3305604";"Silva Jardim";"Influenza";2024;0;22026;"Estimativa da população residente, 1º de julho de 2024";0;0;5,78;0
"3305703";"Sumidouro";"Influenza";2024;1;15690;"Estimativa da população residente, 1º de julho de 2024";6,37;6,37;8,77;6,33
"3305752";"Tanguá";"Influenza";2024;0;32858;"Estimativa da população residente, 1º de julho de 2024";0;0;4,79;0
"3305802";"Teresópolis";"Influenza";2024;17;176692;"Estimativa da população residente, 1º de julho de 2024";9,62;9,62;9,68;9,4
"3305901";"Trajano de Moraes";"Influenza";2024;0;10652;"Estimativa da população residente, 1º de julho de 2024";0;0;7,4;0
"3306008";"Três Rios";"Influenza";2024;3;82300;"Estimativa da população residente, 1º de julho de 2024";3,65;3,65;5,35;3,48
"3306107";"Valença";"Influenza";2024;6;71462;"Estimativa da população residente, 1º de julho de 2024";8,4;8,4;8,88;8,39
"3306156";"Varre-Sai";"Influenza";2024;1;10559;"Estimativa da população residente, 1º de julho de 2024";9,47;9,47;9,88;7,31
"3306206";"Vassouras";"Influenza";2024;5;35904;"Estimativa da população residente, 1º de julho de 2024";13,93;13,93;12,15;12,59
"3306305";"Volta Redonda";"Influenza";2024;46;279898;"Estimativa da população residente, 1º de julho de 2024";16,43;16,43;15,81;16,46
"3300100";"Angra dos Reis";"Influenza";2025;15;179142;"Estimativa da população residente, 1º de julho de 2025";8,37;8,37;8,8;9,03
"3300159";"Aperibé";"Influenza";2025;0;11426;"Estimativa da população residente, 1º de julho de 2025";0;0;7,72;0
"3300209";"Araruama";"Influenza";2025;11;137906;"Estimativa da população residente, 1º de julho de 2025";7,98;7,98;8,55;7,67
"3300225";"Areal";"Influenza";2025;0;12239;"Estimativa da população residente, 1º de julho de 2025";0;0;7,44;0
"3300233";"Armação dos Búzios";"Influenza";2025;1;42527;"Estimativa da população residente, 1º de julho de 2025";2,35;2,36;5,09;4,33
"3300258";"Arraial do Cabo";"Influenza";2025;4;32822;"Estimativa da população residente, 1º de julho de 2025";12,19;12,2;13,12;12,31
"3300308";"Barra do Piraí";"Influenza";2025;28;98506;"Estimativa da população residente, 1º de julho de 2025";28,42;28,43;27,21;27,8
"3300407";"Barra Mansa";"Influenza";2025;64;181679;"Estimativa da população residente, 1º de julho de 2025";35,23;35,23;34,16;34,81
"3300456";"Belford Roxo";"Influenza";2025;18;518384;"Estimativa da população residente, 1º de julho de 2025";3,47;3,47;3,72;3,41
"3300506";"Bom Jardim";"Influenza";2025;8;29758;"Estimativa da população residente, 1º de julho de 2025";26,88;26,9;24,01;26,47
"3300605";"Bom Jesus do Itabapoana";"Influenza";2025;20;37176;"Estimativa da população residente, 1º de julho de 2025";53,8;53,8;45,37;49,8
"3300704";"Cabo Frio";"Influenza";2025;23;238438;"Estimativa da população residente, 1º de julho de 2025";9,65;9,66;9,92;9,76
"3300803";"Cachoeiras de Macacu";"Influenza";2025;5;59861;"Estimativa da população residente, 1º de julho de 2025";8,35;8,36;9,51;8,48
"3300902";"Cambuci";"Influenza";2025;12;15069;"Estimativa da população residente, 1º de julho de 2025";79,63;79,63;53,26;72,54
"3301009";"Campos dos Goytacazes";"Influenza";2025;42;519259;"Estimativa da população residente, 1º de julho de 2025";8,09;8,09;8,25;7,92
"3301108";"Cantagalo";"Influenza";2025;4;19995;"Estimativa da população residente, 1º de julho de 2025";20,01;20;18,61;19,9
"3300936";"Carapebus";"Influenza";2025;12;14329;"Estimativa da população residente, 1º de julho de 2025";83,75;83,77;54,84;85,33
"3301157";"Cardoso Moreira";"Influenza";2025;0;13407;"Estimativa da população residente, 1º de julho de 2025";0;0;7,08;0
"3301207";"Carmo";"Influenza";2025;3;17741;"Estimativa da população residente, 1º de julho de 2025";16,91;16,91;16,56;16,41
"3301306";"Casimiro de Abreu";"Influenza";2025;7;48636;"Estimativa da população residente, 1º de julho de 2025";14,39;14,41;14,68;14,52
"3300951";"Comendador Levy Gasparian";"Influenza";2025;2;9048;"Estimativa da população residente, 1º de julho de 2025";22,1;22,11;18,8;21,28
"3301405";"Conceição de Macabu";"Influenza";2025;4;21770;"Estimativa da população residente, 1º de julho de 2025";18,37;18,37;17,59;15,81
"3301504";"Cordeiro";"Influenza";2025;3;21448;"Estimativa da população residente, 1º de julho de 2025";13,99;13,99;14,65;12,49
"3301603";"Duas Barras";"Influenza";2025;7;11355;"Estimativa da população residente, 1º de julho de 2025";61,65;61,65;39,54;61,22
"3301702";"Duque de Caxias";"Influenza";2025;60;866225;"Estimativa da população residente, 1º de julho de 2025";6,93;6,93;7,04;6,79
"3301801";"Engenheiro Paulo de Frontin";"Influenza";2025;2;12644;"Estimativa da população residente, 1º de julho de 2025";15,82;15,81;15,9;15,69
"3301850";"Guapimirim";"Influenza";2025;6;54311;"Estimativa da população residente, 1º de julho de 2025";11,05;11,05;11,86;12,77
"3301876";"Iguaba Grande";"Influenza";2025;4;29616;"Estimativa da população residente, 1º de julho de 2025";13,51;13,52;14,16;12,51
"3301900";"Itaboraí";"Influenza";2025;18;240127;"Estimativa da população residente, 1º de julho de 2025";7,5;7,5;7,86;7,39
"3302007";"Itaguaí";"Influenza";2025;24;124021;"Estimativa da população residente, 1º de julho de 2025";19,35;19,36;19,09;17,66
"3302056";"Italva";"Influenza";2025;3;14518;"Estimativa da população residente, 1º de julho de 2025";20,66;20,67;18,68;23,94
"3302106";"Itaocara";"Influenza";2025;3;23645;"Estimativa da população residente, 1º de julho de 2025";12,69;12,69;13,71;12,98
"3302205";"Itaperuna";"Influenza";2025;22;107297;"Estimativa da população residente, 1º de julho de 2025";20,5;20,51;20,1;20,27
"3302254";"Itatiaia";"Influenza";2025;11;32713;"Estimativa da população residente, 1º de julho de 2025";33,63;33,65;29,29;34,81
"3302270";"Japeri";"Influenza";2025;1;102171;"Estimativa da população residente, 1º de julho de 2025";0,98;0,98;2,4;0,94
"3302304";"Laje do Muriaé";"Influenza";2025;0;7584;"Estimativa da população residente, 1º de julho de 2025";0;0;9,34;0
"3302403";"Macaé";"Influenza";2025;119;264439;"Estimativa da população residente, 1º de julho de 2025";45;45,05;43,88;44,26
"3302452";"Macuco";"Influenza";2025;1;5602;"Estimativa da população residente, 1º de julho de 2025";17,85;17,85;16,63;19,36
"3302502";"Magé";"Influenza";2025;19;244142;"Estimativa da população residente, 1º de julho de 2025";7,78;7,78;8,13;7,74
"3302601";"Mangaratiba";"Influenza";2025;5;43660;"Estimativa da população residente, 1º de julho de 2025";11,45;11,46;12,34;11,64
"3302700";"Maricá";"Influenza";2025;36;212470;"Estimativa da população residente, 1º de julho de 2025";16,94;16,98;16,9;17,4
"3302809";"Mendes";"Influenza";2025;4;18048;"Estimativa da população residente, 1º de julho de 2025";22,16;22,16;19,87;23,9
"3302858";"Mesquita";"Influenza";2025;13;178830;"Estimativa da população residente, 1º de julho de 2025";7,27;7,27;7,76;7,41
"3302908";"Miguel Pereira";"Influenza";2025;6;28142;"Estimativa da população residente, 1º de julho de 2025";21,32;21,33;19,86;25,53
"3303005";"Miracema";"Influenza";2025;1;28416;"Estimativa da população residente, 1º de julho de 2025";3,52;3,52;6,92;3,38
"3303104";"Natividade";"Influenza";2025;2;15551;"Estimativa da população residente, 1º de julho de 2025";12,86;12,86;14,13;13,2
"3303203";"Nilópolis";"Influenza";2025;18;155500;"Estimativa da população residente, 1º de julho de 2025";11,58;11,57;11,86;11,62
"3303302";"Niterói";"Influenza";2025;126;516787;"Estimativa da população residente, 1º de julho de 2025";24,38;24,38;24,21;24,22
"3303401";"Nova Friburgo";"Influenza";2025;110;203417;"Estimativa da população residente, 1º de julho de 2025";54,08;54,1;52,18;51,7
"3303500";"Nova Iguaçu";"Influenza";2025;62;843220;"Estimativa da população residente, 1º de julho de 2025";7,35;7,35;7,46;7,35
"3303609";"Paracambi";"Influenza";2025;2;43627;"Estimativa da população residente, 1º de julho de 2025";4,58;4,58;6,82;4,79
"3303708";"Paraíba do Sul";"Influenza";2025;3;44479;"Estimativa da população residente, 1º de julho de 2025";6,74;6,75;8,53;6,63
"3303807";"Paraty";"Influenza";2025;2;47668;"Estimativa da população residente, 1º de julho de 2025";4,2;4,2;6,35;4,4
"3303856";"Paty do Alferes";"Influenza";2025;2;31370;"Estimativa da população residente, 1º de julho de 2025";6,38;6,38;8,81;5,27
"3303906";"Petrópolis";"Influenza";2025;73;294926;"Estimativa da população residente, 1º de julho de 2025";24,75;24,75;24,45;24,36
"3303955";"Pinheiral";"Influenza";2025;14;25096;"Estimativa da população residente, 1º de julho de 2025";55,79;55,81;43,92;61,77
"3304003";"Piraí";"Influenza";2025;4;29066;"Estimativa da população residente, 1º de julho de 2025";13,76;13,77;14,36;12,88
"3304102";"Porciúncula";"Influenza";2025;4;17832;"Estimativa da população residente, 1º de julho de 2025";22,43;22,43;20,02;21,57
"3304110";"Porto Real";"Influenza";2025;4;21089;"Estimativa da população residente, 1º de julho de 2025";18,97;18,99;17,97;22,48
"3304128";"Quatis";"Influenza";2025;4;14165;"Estimativa da população residente, 1º de julho de 2025";28,24;28,25;22,98;28,33
"3304144";"Queimados";"Influenza";2025;7;149135;"Estimativa da população residente, 1º de julho de 2025";4,69;4,7;5,45;4,56
"3304151";"Quissamã";"Influenza";2025;2;23142;"Estimativa da população residente, 1º de julho de 2025";8,64;8,65;10,96;9
"3304201";"Resende";"Influenza";2025;66;137697;"Estimativa da população residente, 1º de julho de 2025";47,93;47,96;45,64;51,97
"3304300";"Rio Bonito";"Influenza";2025;9;59126;"Estimativa da população residente, 1º de julho de 2025";15,22;15,23;15,34;14,87
"3304409";"Rio Claro";"Influenza";2025;3;17951;"Estimativa da população residente, 1º de julho de 2025";16,71;16,71;16,44;17,03
"3304508";"Rio das Flores";"Influenza";2025;0;9267;"Estimativa da população residente, 1º de julho de 2025";0;0;8,55;0
"3304524";"Rio das Ostras";"Influenza";2025;23;168455;"Estimativa da população residente, 1º de julho de 2025";13,65;13,68;13,79;13,82
"3304557";"Rio de Janeiro";"Influenza";2025;1063;6730729;"Estimativa da população residente, 1º de julho de 2025";15,79;15,8;15,79;15,3
"3304607";"Santa Maria Madalena";"Influenza";2025;0;10580;"Estimativa da população residente, 1º de julho de 2025";0;0;8,03;0
"3304706";"Santo Antônio de Pádua";"Influenza";2025;12;43697;"Estimativa da população residente, 1º de julho de 2025";27,46;27,47;25,21;26,91
"3304805";"São Fidélis";"Influenza";2025;0;41212;"Estimativa da população residente, 1º de julho de 2025";0;0;3,29;0
"3304755";"São Francisco de Itabapoana";"Influenza";2025;2;47397;"Estimativa da população residente, 1º de julho de 2025";4,22;4,22;6,38;3,74
"3304904";"São Gonçalo";"Influenza";2025;106;960196;"Estimativa da população residente, 1º de julho de 2025";11,04;11,03;11,09;11,5
"3305000";"São João da Barra";"Influenza";2025;5;38740;"Estimativa da população residente, 1º de julho de 2025";12,91;12,92;13,57;13,26
"3305109";"São João de Meriti";"Influenza";2025;40;466503;"Estimativa da população residente, 1º de julho de 2025";8,57;8,57;8,74;8,69
"3305133";"São José de Ubá";"Influenza";2025;4;7318;"Estimativa da população residente, 1º de julho de 2025";54,66;54,68;31,73;52,09
"3305158";"São José do Vale do Rio Preto";"Influenza";2025;7;22813;"Estimativa da população residente, 1º de julho de 2025";30,68;30,7;26;28,64
"3305208";"São Pedro da Aldeia";"Influenza";2025;14;110677;"Estimativa da população residente, 1º de julho de 2025";12,65;12,66;12,94;13,41
"3305307";"São Sebastião do Alto";"Influenza";2025;0;7993;"Estimativa da população residente, 1º de julho de 2025";0;0;9,14;0
"3305406";"Sapucaia";"Influenza";2025;1;18291;"Estimativa da população residente, 1º de julho de 2025";5,47;5,47;9,34;5,6
"3305505";"Saquarema";"Influenza";2025;10;95315;"Estimativa da população residente, 1º de julho de 2025";10,49;10,5;11,04;10,26
"3305554";"Seropédica";"Influenza";2025;3;84794;"Estimativa da população residente, 1º de julho de 2025";3,54;3,54;4,93;3,06
"3305604";"Silva Jardim";"Influenza";2025;0;22028;"Estimativa da população residente, 1º de julho de 2025";0;0;5,22;0
"3305703";"Sumidouro";"Influenza";2025;6;15693;"Estimativa da população residente, 1º de julho de 2025";38,23;38,24;29,23;41,45
"3305752";"Tanguá";"Influenza";2025;2;32865;"Estimativa da população residente, 1º de julho de 2025";6,09;6,09;8,51;5,62
"3305802";"Teresópolis";"Influenza";2025;33;176735;"Estimativa da população residente, 1º de julho de 2025";18,67;18,68;18,52;18,35
"3305901";"Trajano de Moraes";"Influenza";2025;0;10654;"Estimativa da população residente, 1º de julho de 2025";0;0;8;0
"3306008";"Três Rios";"Influenza";2025;21;82319;"Estimativa da população residente, 1º de julho de 2025";25,51;25,52;24,42;25,08
"3306107";"Valença";"Influenza";2025;4;71449;"Estimativa da população residente, 1º de julho de 2025";5,6;5,6;6,95;5,93
"3306156";"Varre-Sai";"Influenza";2025;0;10563;"Estimativa da população residente, 1º de julho de 2025";0;0;8,03;0
"3306206";"Vassouras";"Influenza";2025;41;35907;"Estimativa da população residente, 1º de julho de 2025";114,18;114,19;91,7;103,76
"3306305";"Volta Redonda";"Influenza";2025;189;279971;"Estimativa da população residente, 1º de julho de 2025";67,51;67,52;65,62;68,39
"3300100";"Angra dos Reis";"SARS-CoV-2";2022;145;167434;"Censo 2022, população residente (data de referência 01/08/2022)";86,6;80,95;86,88;110,42
"3300159";"Aperibé";"SARS-CoV-2";2022;2;11034;"Censo 2022, população residente (data de referência 01/08/2022)";18,13;17,51;35,34;16,65
"3300209";"Araruama";"SARS-CoV-2";2022;66;129671;"Censo 2022, população residente (data de referência 01/08/2022)";50,9;47,9;52,01;47,73
"3300225";"Areal";"SARS-CoV-2";2022;14;11828;"Censo 2022, população residente (data de referência 01/08/2022)";118,36;114,42;115,59;118,75
"3300233";"Armação dos Búzios";"SARS-CoV-2";2022;15;40006;"Censo 2022, população residente (data de referência 01/08/2022)";37,49;35,34;41,79;49,68
"3300258";"Arraial do Cabo";"SARS-CoV-2";2022;5;30986;"Censo 2022, população residente (data de referência 01/08/2022)";16,14;15,25;23,34;15,85
"3300308";"Barra do Piraí";"SARS-CoV-2";2022;208;92883;"Censo 2022, população residente (data de referência 01/08/2022)";223,94;211,17;220,45;213,68
"3300407";"Barra Mansa";"SARS-CoV-2";2022;120;169894;"Censo 2022, população residente (data de referência 01/08/2022)";70,63;66,05;71,16;69,63
"3300456";"Belford Roxo";"SARS-CoV-2";2022;163;483087;"Censo 2022, população residente (data de referência 01/08/2022)";33,74;31,45;34,14;38,38
"3300506";"Bom Jardim";"SARS-CoV-2";2022;25;28102;"Censo 2022, população residente (data de referência 01/08/2022)";88,96;84,07;90,29;91,91
"3300605";"Bom Jesus do Itabapoana";"SARS-CoV-2";2022;12;35173;"Censo 2022, população residente (data de referência 01/08/2022)";34,12;32,28;39,21;29,22
"3300704";"Cabo Frio";"SARS-CoV-2";2022;248;222161;"Censo 2022, população residente (data de referência 01/08/2022)";111,63;104,13;111,53;119,01
"3300803";"Cachoeiras de Macacu";"SARS-CoV-2";2022;30;56943;"Censo 2022, população residente (data de referência 01/08/2022)";52,68;50,14;55,06;53,09
"3300902";"Cambuci";"SARS-CoV-2";2022;66;14616;"Censo 2022, população residente (data de referência 01/08/2022)";451,56;437,96;396,04;379,39
"3301009";"Campos dos Goytacazes";"SARS-CoV-2";2022;459;483540;"Censo 2022, população residente (data de referência 01/08/2022)";94,92;88,44;94,98;103,08
"3301108";"Cantagalo";"SARS-CoV-2";2022;39;19390;"Censo 2022, população residente (data de referência 01/08/2022)";201,13;195,04;188,94;180,71
"3300936";"Carapebus";"SARS-CoV-2";2022;12;13847;"Censo 2022, população residente (data de referência 01/08/2022)";86,66;83,77;89,52;89,88
"3301157";"Cardoso Moreira";"SARS-CoV-2";2022;2;12958;"Censo 2022, população residente (data de referência 01/08/2022)";15,43;14,92;31,02;13,19
"3301207";"Carmo";"SARS-CoV-2";2022;24;17198;"Censo 2022, população residente (data de referência 01/08/2022)";139,55;135,29;134,58;133,25
"3301306";"Casimiro de Abreu";"SARS-CoV-2";2022;49;46110;"Censo 2022, população residente (data de referência 01/08/2022)";106,27;100,9;106,12;117,7
"3300951";"Comendador Levy Gasparian";"SARS-CoV-2";2022;1;8741;"Censo 2022, população residente (data de referência 01/08/2022)";11,44;11,06;33,69;12,02
"3301405";"Conceição de Macabu";"SARS-CoV-2";2022;19;21104;"Censo 2022, população residente (data de referência 01/08/2022)";90,03;87,28;91,63;89,63
"3301504";"Cordeiro";"SARS-CoV-2";2022;22;20783;"Censo 2022, população residente (data de referência 01/08/2022)";105,86;102,59;105,61;95,95
"3301603";"Duas Barras";"SARS-CoV-2";2022;9;10980;"Censo 2022, população residente (data de referência 01/08/2022)";81,97;79,27;86,36;85,18
"3301702";"Duque de Caxias";"SARS-CoV-2";2022;445;808161;"Censo 2022, população residente (data de referência 01/08/2022)";55,06;51,37;55,23;62,22
"3301801";"Engenheiro Paulo de Frontin";"SARS-CoV-2";2022;7;12242;"Censo 2022, população residente (data de referência 01/08/2022)";57,18;55,34;65,79;50,69
"3301850";"Guapimirim";"SARS-CoV-2";2022;26;51696;"Censo 2022, população residente (data de referência 01/08/2022)";50,29;47,88;53,02;56,77
"3301876";"Iguaba Grande";"SARS-CoV-2";2022;53;27920;"Censo 2022, população residente (data de referência 01/08/2022)";189,83;179,19;182,04;165,12
"3301900";"Itaboraí";"SARS-CoV-2";2022;264;224267;"Censo 2022, população residente (data de referência 01/08/2022)";117,72;109,98;117,55;134,78
"3302007";"Itaguaí";"SARS-CoV-2";2022;94;116841;"Censo 2022, população residente (data de referência 01/08/2022)";80,45;75,82;80,99;93,55
"3302056";"Italva";"SARS-CoV-2";2022;4;14073;"Censo 2022, população residente (data de referência 01/08/2022)";28,42;27,55;40,84;24,67
"3302106";"Itaocara";"SARS-CoV-2";2022;7;22919;"Censo 2022, população residente (data de referência 01/08/2022)";30,54;29,61;38,45;26,88
"3302205";"Itaperuna";"SARS-CoV-2";2022;64;101041;"Censo 2022, população residente (data de referência 01/08/2022)";63,34;59,68;64,42;60,61
"3302254";"Itatiaia";"SARS-CoV-2";2022;46;30908;"Censo 2022, população residente (data de referência 01/08/2022)";148,83;140,7;145,11;160,89
"3302270";"Japeri";"SARS-CoV-2";2022;25;96289;"Censo 2022, população residente (data de referência 01/08/2022)";25,96;24,47;28,14;29,65
"3302304";"Laje do Muriaé";"SARS-CoV-2";2022;1;7336;"Censo 2022, população residente (data de referência 01/08/2022)";13,63;13,19;38,37;12,23
"3302403";"Macaé";"SARS-CoV-2";2022;383;246391;"Censo 2022, população residente (data de referência 01/08/2022)";155,44;145;154,87;198,5
"3302452";"Macuco";"SARS-CoV-2";2022;13;5415;"Censo 2022, população residente (data de referência 01/08/2022)";240,07;232,1;193,87;246,28
"3302502";"Magé";"SARS-CoV-2";2022;90;228127;"Censo 2022, população residente (data de referência 01/08/2022)";39,45;36,87;40,22;44,71
"3302601";"Mangaratiba";"SARS-CoV-2";2022;24;41220;"Censo 2022, população residente (data de referência 01/08/2022)";58,22;55,02;61,1;59,25
"3302700";"Maricá";"SARS-CoV-2";2022;273;197277;"Censo 2022, população residente (data de referência 01/08/2022)";138,38;128,78;137,9;143,62
"3302809";"Mendes";"SARS-CoV-2";2022;11;17502;"Censo 2022, população residente (data de referência 01/08/2022)";62,85;60,95;68,45;53,52
"3302858";"Mesquita";"SARS-CoV-2";2022;75;167127;"Censo 2022, população residente (data de referência 01/08/2022)";44,88;41,95;45,84;48,32
"3302908";"Miguel Pereira";"SARS-CoV-2";2022;8;26582;"Censo 2022, população residente (data de referência 01/08/2022)";30,1;28,45;37,06;23,2
"3303005";"Miracema";"SARS-CoV-2";2022;26;26881;"Censo 2022, população residente (data de referência 01/08/2022)";96,72;91,51;97,38;90,24
"3303104";"Natividade";"SARS-CoV-2";2022;4;15074;"Censo 2022, população residente (data de referência 01/08/2022)";26,54;25,72;38,55;22,53
"3303203";"Nilópolis";"SARS-CoV-2";2022;93;146774;"Censo 2022, população residente (data de referência 01/08/2022)";63,36;59,79;64,11;61,6
"3303302";"Niterói";"SARS-CoV-2";2022;1130;481749;"Censo 2022, população residente (data de referência 01/08/2022)";234,56;218,69;233,81;191,36
"3303401";"Nova Friburgo";"SARS-CoV-2";2022;718;189939;"Censo 2022, população residente (data de referência 01/08/2022)";378,02;353,12;374,07;346,18
"3303500";"Nova Iguaçu";"SARS-CoV-2";2022;384;785867;"Censo 2022, população residente (data de referência 01/08/2022)";48,86;45,55;49,06;56,55
"3303609";"Paracambi";"SARS-CoV-2";2022;23;41375;"Censo 2022, população residente (data de referência 01/08/2022)";55,59;52,68;58,62;55,77
"3303708";"Paraíba do Sul";"SARS-CoV-2";2022;88;42063;"Censo 2022, população residente (data de referência 01/08/2022)";209,21;197,9;202,68;199,74
"3303807";"Paraty";"SARS-CoV-2";2022;15;45243;"Censo 2022, população residente (data de referência 01/08/2022)";33,15;31,5;37,24;40,56
"3303856";"Paty do Alferes";"SARS-CoV-2";2022;4;29619;"Censo 2022, população residente (data de referência 01/08/2022)";13,5;12,76;21,24;14,18
"3303906";"Petrópolis";"SARS-CoV-2";2022;500;278881;"Censo 2022, população residente (data de referência 01/08/2022)";179,29;169,5;178,54;162,25
"3303955";"Pinheiral";"SARS-CoV-2";2022;38;24298;"Censo 2022, população residente (data de referência 01/08/2022)";156,39;151,48;150,99;171,27
"3304003";"Piraí";"SARS-CoV-2";2022;44;27474;"Censo 2022, população residente (data de referência 01/08/2022)";160,15;151,44;154,98;162,13
"3304102";"Porciúncula";"SARS-CoV-2";2022;14;17288;"Censo 2022, população residente (data de referência 01/08/2022)";80,98;78,51;84,13;76,24
"3304110";"Porto Real";"SARS-CoV-2";2022;30;20373;"Censo 2022, população residente (data de referência 01/08/2022)";147,25;142,42;142,04;191,23
"3304128";"Quatis";"SARS-CoV-2";2022;17;13682;"Censo 2022, população residente (data de referência 01/08/2022)";124,25;120,07;120,79;133,72
"3304144";"Queimados";"SARS-CoV-2";2022;32;140523;"Censo 2022, população residente (data de referência 01/08/2022)";22,77;21,46;24,34;29,26
"3304151";"Quissamã";"SARS-CoV-2";2022;19;22393;"Censo 2022, população residente (data de referência 01/08/2022)";84,85;82,16;86,93;90,77
"3304201";"Resende";"SARS-CoV-2";2022;356;129612;"Censo 2022, população residente (data de referência 01/08/2022)";274,67;258,7;271,08;295,29
"3304300";"Rio Bonito";"SARS-CoV-2";2022;117;56276;"Censo 2022, população residente (data de referência 01/08/2022)";207,9;197,93;203,01;207,35
"3304409";"Rio Claro";"SARS-CoV-2";2022;26;17401;"Censo 2022, população residente (data de referência 01/08/2022)";149,42;144,85;143,13;143,75
"3304508";"Rio das Flores";"SARS-CoV-2";2022;9;8954;"Censo 2022, população residente (data de referência 01/08/2022)";100,51;97,15;101,28;101,84
"3304524";"Rio das Ostras";"SARS-CoV-2";2022;188;156491;"Censo 2022, população residente (data de referência 01/08/2022)";120,13;111,84;119,85;153,86
"3304557";"Rio de Janeiro";"SARS-CoV-2";2022;6379;6211223;"Censo 2022, população residente (data de referência 01/08/2022)";102,7;94,79;102,7;94,91
"3304607";"Santa Maria Madalena";"SARS-CoV-2";2022;0;10232;"Censo 2022, população residente (data de referência 01/08/2022)";0;0;22,14;0
"3304706";"Santo Antônio de Pádua";"SARS-CoV-2";2022;27;41325;"Censo 2022, população residente (data de referência 01/08/2022)";65,34;61,8;67,75;60,12
"3304805";"São Fidélis";"SARS-CoV-2";2022;16;38961;"Censo 2022, população residente (data de referência 01/08/2022)";41,07;38,84;45,24;38,13
"3304755";"São Francisco de Itabapoana";"SARS-CoV-2";2022;26;45059;"Censo 2022, população residente (data de referência 01/08/2022)";57,7;54,89;60,37;62,67
"3304904";"São Gonçalo";"SARS-CoV-2";2022;908;896744;"Censo 2022, população residente (data de referência 01/08/2022)";101,26;94,52;101,26;103,08
"3305000";"São João da Barra";"SARS-CoV-2";2022;15;36573;"Censo 2022, população residente (data de referência 01/08/2022)";41,01;38,75;45,44;42,01
"3305109";"São João de Meriti";"SARS-CoV-2";2022;222;440962;"Censo 2022, população residente (data de referência 01/08/2022)";50,34;47,58;50,68;55,93
"3305133";"São José de Ubá";"SARS-CoV-2";2022;1;7070;"Censo 2022, população residente (data de referência 01/08/2022)";14,14;13,67;39,41;15,71
"3305158";"São José do Vale do Rio Preto";"SARS-CoV-2";2022;4;22080;"Censo 2022, população residente (data de referência 01/08/2022)";18,12;17,54;27,68;18,35
"3305208";"São Pedro da Aldeia";"SARS-CoV-2";2022;46;104029;"Censo 2022, população residente (data de referência 01/08/2022)";44,22;41,61;45,77;47,78
"3305307";"São Sebastião do Alto";"SARS-CoV-2";2022;10;7750;"Censo 2022, população residente (data de referência 01/08/2022)";129,03;125,02;122,37;112,98
"3305406";"Sapucaia";"SARS-CoV-2";2022;25;17729;"Censo 2022, população residente (data de referência 01/08/2022)";141,01;136,69;135,97;136,06
"3305505";"Saquarema";"SARS-CoV-2";2022;22;89559;"Censo 2022, população residente (data de referência 01/08/2022)";24,56;23,11;26,95;22,89
"3305554";"Seropédica";"SARS-CoV-2";2022;39;80596;"Censo 2022, população residente (data de referência 01/08/2022)";48,39;46,02;50,23;55,93
"3305604";"Silva Jardim";"SARS-CoV-2";2022;7;21352;"Censo 2022, população residente (data de referência 01/08/2022)";32,78;31,78;40,95;32,32
"3305703";"Sumidouro";"SARS-CoV-2";2022;13;15206;"Censo 2022, população residente (data de referência 01/08/2022)";85,49;82,86;88,31;99,64
"3305752";"Tanguá";"SARS-CoV-2";2022;46;31086;"Censo 2022, população residente (data de referência 01/08/2022)";147,98;140;144,35;166,02
"3305802";"Teresópolis";"SARS-CoV-2";2022;267;165123;"Censo 2022, população residente (data de referência 01/08/2022)";161,7;151,11;160,74;158,06
"3305901";"Trajano de Moraes";"SARS-CoV-2";2022;5;10302;"Censo 2022, população residente (data de referência 01/08/2022)";48,53;46,94;60,26;46,44
"3306008";"Três Rios";"SARS-CoV-2";2022;96;78346;"Censo 2022, população residente (data de referência 01/08/2022)";122,53;116,65;121,89;122,66
"3306107";"Valença";"SARS-CoV-2";2022;242;68088;"Censo 2022, população residente (data de referência 01/08/2022)";355,42;338,64;345,56;321,05
"3306156";"Varre-Sai";"SARS-CoV-2";2022;1;10207;"Censo 2022, população residente (data de referência 01/08/2022)";9,8;9,47;29,89;10,4
"3306206";"Vassouras";"SARS-CoV-2";2022;52;33976;"Censo 2022, população residente (data de referência 01/08/2022)";153,05;144,83;149,33;145,65
"3306305";"Volta Redonda";"SARS-CoV-2";2022;646;261563;"Censo 2022, população residente (data de referência 01/08/2022)";246,98;230,8;245,47;235,83
"3300100";"Angra dos Reis";"SARS-CoV-2";2023;31;173010;"interpolação linear (peso 0.4771) entre 2022-08-01 e 2024-07-01";17,92;17,31;18,12;19,11
"3300159";"Aperibé";"SARS-CoV-2";2023;1;11218;"interpolação linear (peso 0.4771) entre 2022-08-01 e 2024-07-01";8,91;8,76;13,98;7,57
"3300209";"Araruama";"SARS-CoV-2";2023;11;133537;"interpolação linear (peso 0.4771) entre 2022-08-01 e 2024-07-01";8,24;7,98;8,87;7,62
"3300225";"Areal";"SARS-CoV-2";2023;3;12023;"interpolação linear (peso 0.4771) entre 2022-08-01 e 2024-07-01";24,95;24,52;24,8;24,71
"3300233";"Armação dos Búzios";"SARS-CoV-2";2023;0;41168;"interpolação linear (peso 0.4771) entre 2022-08-01 e 2024-07-01";0;0;2,85;0
"3300258";"Arraial do Cabo";"SARS-CoV-2";2023;4;31849;"interpolação linear (peso 0.4771) entre 2022-08-01 e 2024-07-01";12,56;12,2;14,29;12,42
"3300308";"Barra do Piraí";"SARS-CoV-2";2023;44;95564;"interpolação linear (peso 0.4771) entre 2022-08-01 e 2024-07-01";46,04;44,67;44,88;43,76
"3300407";"Barra Mansa";"SARS-CoV-2";2023;30;175521;"interpolação linear (peso 0.4771) entre 2022-08-01 e 2024-07-01";17,09;16,51;17,31;16,73
"3300456";"Belford Roxo";"SARS-CoV-2";2023;21;499871;"interpolação linear (peso 0.4771) entre 2022-08-01 e 2024-07-01";4,2;4,05;4,42;4,73
"3300506";"Bom Jardim";"SARS-CoV-2";2023;8;28882;"interpolação linear (peso 0.4771) entre 2022-08-01 e 2024-07-01";27,7;26,9;27,19;27,83
"3300605";"Bom Jesus do Itabapoana";"SARS-CoV-2";2023;0;36127;"interpolação linear (peso 0.4771) entre 2022-08-01 e 2024-07-01";0;0;3,19;0
"3300704";"Cabo Frio";"SARS-CoV-2";2023;56;229798;"interpolação linear (peso 0.4771) entre 2022-08-01 e 2024-07-01";24,37;23,51;24,37;26,6
"3300803";"Cachoeiras de Macacu";"SARS-CoV-2";2023;7;58324;"interpolação linear (peso 0.4771) entre 2022-08-01 e 2024-07-01";12;11,7;13,06;12,1
"3300902";"Cambuci";"SARS-CoV-2";2023;13;14833;"interpolação linear (peso 0.4771) entre 2022-08-01 e 2024-07-01";87,64;86,26;70,73;73,96
"3301009";"Campos dos Goytacazes";"SARS-CoV-2";2023;139;500465;"interpolação linear (peso 0.4771) entre 2022-08-01 e 2024-07-01";27,77;26,78;27,74;29,22
"3301108";"Cantagalo";"SARS-CoV-2";2023;4;19679;"interpolação linear (peso 0.4771) entre 2022-08-01 e 2024-07-01";20,33;20;21,22;17,76
"3300936";"Carapebus";"SARS-CoV-2";2023;2;14075;"interpolação linear (peso 0.4771) entre 2022-08-01 e 2024-07-01";14,21;13,96;17,06;15,24
"3301157";"Cardoso Moreira";"SARS-CoV-2";2023;0;13170;"interpolação linear (peso 0.4771) entre 2022-08-01 e 2024-07-01";0;0;7,13;0
"3301207";"Carmo";"SARS-CoV-2";2023;11;17457;"interpolação linear (peso 0.4771) entre 2022-08-01 e 2024-07-01";63,01;62,01;53,87;58,12
"3301306";"Casimiro de Abreu";"SARS-CoV-2";2023;3;47280;"interpolação linear (peso 0.4771) entre 2022-08-01 e 2024-07-01";6,35;6,18;8,21;6,4
"3300951";"Comendador Levy Gasparian";"SARS-CoV-2";2023;0;8886;"interpolação linear (peso 0.4771) entre 2022-08-01 e 2024-07-01";0;0;9,27;0
"3301405";"Conceição de Macabu";"SARS-CoV-2";2023;6;21421;"interpolação linear (peso 0.4771) entre 2022-08-01 e 2024-07-01";28,01;27,56;27,29;29,01
"3301504";"Cordeiro";"SARS-CoV-2";2023;1;21098;"interpolação linear (peso 0.4771) entre 2022-08-01 e 2024-07-01";4,74;4,66;8,77;4,68
"3301603";"Duas Barras";"SARS-CoV-2";2023;5;11158;"interpolação linear (peso 0.4771) entre 2022-08-01 e 2024-07-01";44,81;44,04;38,15;46,23
"3301702";"Duque de Caxias";"SARS-CoV-2";2023;80;835924;"interpolação linear (peso 0.4771) entre 2022-08-01 e 2024-07-01";9,57;9,23;9,67;10,58
"3301801";"Engenheiro Paulo de Frontin";"SARS-CoV-2";2023;2;12436;"interpolação linear (peso 0.4771) entre 2022-08-01 e 2024-07-01";16,08;15,81;18,62;13,31
"3301850";"Guapimirim";"SARS-CoV-2";2023;5;52938;"interpolação linear (peso 0.4771) entre 2022-08-01 e 2024-07-01";9,45;9,21;10,84;10,16
"3301876";"Iguaba Grande";"SARS-CoV-2";2023;5;28711;"interpolação linear (peso 0.4771) entre 2022-08-01 e 2024-07-01";17,41;16,91;18,53;14,26
"3301900";"Itaboraí";"SARS-CoV-2";2023;41;231793;"interpolação linear (peso 0.4771) entre 2022-08-01 e 2024-07-01";17,69;17,08;17,84;19,99
"3302007";"Itaguaí";"SARS-CoV-2";2023;9;120247;"interpolação linear (peso 0.4771) entre 2022-08-01 e 2024-07-01";7,48;7,26;8,22;8,69
"3302056";"Italva";"SARS-CoV-2";2023;1;14285;"interpolação linear (peso 0.4771) entre 2022-08-01 e 2024-07-01";7;6,89;11,8;4,98
"3302106";"Itaocara";"SARS-CoV-2";2023;4;23264;"interpolação linear (peso 0.4771) entre 2022-08-01 e 2024-07-01";17,19;16,92;18,57;14,66
"3302205";"Itaperuna";"SARS-CoV-2";2023;11;104002;"interpolação linear (peso 0.4771) entre 2022-08-01 e 2024-07-01";10,58;10,26;11,26;10,28
"3302254";"Itatiaia";"SARS-CoV-2";2023;12;31760;"interpolação linear (peso 0.4771) entre 2022-08-01 e 2024-07-01";37,78;36,7;35,84;40,88
"3302270";"Japeri";"SARS-CoV-2";2023;5;99085;"interpolação linear (peso 0.4771) entre 2022-08-01 e 2024-07-01";5,05;4,89;6,05;5,85
"3302304";"Laje do Muriaé";"SARS-CoV-2";2023;2;7454;"interpolação linear (peso 0.4771) entre 2022-08-01 e 2024-07-01";26,83;26,37;25,83;29,83
"3302403";"Macaé";"SARS-CoV-2";2023;140;254859;"interpolação linear (peso 0.4771) entre 2022-08-01 e 2024-07-01";54,93;53;54,3;69,86
"3302452";"Macuco";"SARS-CoV-2";2023;1;5504;"interpolação linear (peso 0.4771) entre 2022-08-01 e 2024-07-01";18,17;17,85;21,29;15,5
"3302502";"Magé";"SARS-CoV-2";2023;17;235745;"interpolação linear (peso 0.4771) entre 2022-08-01 e 2024-07-01";7,21;6,96;7,6;8,26
"3302601";"Mangaratiba";"SARS-CoV-2";2023;5;42367;"interpolação linear (peso 0.4771) entre 2022-08-01 e 2024-07-01";11,8;11,46;13,24;11,99
"3302700";"Maricá";"SARS-CoV-2";2023;95;204295;"interpolação linear (peso 0.4771) entre 2022-08-01 e 2024-07-01";46,5;44,81;45,93;48,05
"3302809";"Mendes";"SARS-CoV-2";2023;3;17763;"interpolação linear (peso 0.4771) entre 2022-08-01 e 2024-07-01";16,89;16,62;18,66;13,95
"3302858";"Mesquita";"SARS-CoV-2";2023;16;172698;"interpolação linear (peso 0.4771) entre 2022-08-01 e 2024-07-01";9,26;8,95;9,73;10,47
"3302908";"Miguel Pereira";"SARS-CoV-2";2023;3;27317;"interpolação linear (peso 0.4771) entre 2022-08-01 e 2024-07-01";10,98;10,67;13,21;9,08
"3303005";"Miracema";"SARS-CoV-2";2023;0;27611;"interpolação linear (peso 0.4771) entre 2022-08-01 e 2024-07-01";0;0;4,01;0
"3303104";"Natividade";"SARS-CoV-2";2023;0;15301;"interpolação linear (peso 0.4771) entre 2022-08-01 e 2024-07-01";0;0;6,4;0
"3303203";"Nilópolis";"SARS-CoV-2";2023;16;150959;"interpolação linear (peso 0.4771) entre 2022-08-01 e 2024-07-01";10,6;10,29;11,08;10,58
"3303302";"Niterói";"SARS-CoV-2";2023;271;498435;"interpolação linear (peso 0.4771) entre 2022-08-01 e 2024-07-01";54,37;52,45;54,05;48,18
"3303401";"Nova Friburgo";"SARS-CoV-2";2023;272;196327;"interpolação linear (peso 0.4771) entre 2022-08-01 e 2024-07-01";138,54;133,77;135,48;125,7
"3303500";"Nova Iguaçu";"SARS-CoV-2";2023;68;813150;"interpolação linear (peso 0.4771) entre 2022-08-01 e 2024-07-01";8,36;8,07;8,47;9,64
"3303609";"Paracambi";"SARS-CoV-2";2023;3;42463;"interpolação linear (peso 0.4771) entre 2022-08-01 e 2024-07-01";7,06;6,87;9,03;7,43
"3303708";"Paraíba do Sul";"SARS-CoV-2";2023;2;43210;"interpolação linear (peso 0.4771) entre 2022-08-01 e 2024-07-01";4,63;4,5;6,84;4,31
"3303807";"Paraty";"SARS-CoV-2";2023;2;46374;"interpolação linear (peso 0.4771) entre 2022-08-01 e 2024-07-01";4,31;4,2;6,42;3,78
"3303856";"Paty do Alferes";"SARS-CoV-2";2023;1;30443;"interpolação linear (peso 0.4771) entre 2022-08-01 e 2024-07-01";3,28;3,19;6,49;2,71
"3303906";"Petrópolis";"SARS-CoV-2";2023;251;286564;"interpolação linear (peso 0.4771) entre 2022-08-01 e 2024-07-01";87,59;85,09;86,42;76,65
"3303955";"Pinheiral";"SARS-CoV-2";2023;8;24674;"interpolação linear (peso 0.4771) entre 2022-08-01 e 2024-07-01";32,42;31,89;30,99;35,84
"3304003";"Piraí";"SARS-CoV-2";2023;8;28228;"interpolação linear (peso 0.4771) entre 2022-08-01 e 2024-07-01";28,34;27,53;27,71;28,53
"3304102";"Porciúncula";"SARS-CoV-2";2023;6;17548;"interpolação linear (peso 0.4771) entre 2022-08-01 e 2024-07-01";34,19;33,65;31,89;32,69
"3304110";"Porto Real";"SARS-CoV-2";2023;9;20703;"interpolação linear (peso 0.4771) entre 2022-08-01 e 2024-07-01";43,47;42,73;39,52;53,62
"3304128";"Quatis";"SARS-CoV-2";2023;8;13909;"interpolação linear (peso 0.4771) entre 2022-08-01 e 2024-07-01";57,52;56,51;48,24;63,01
"3304144";"Queimados";"SARS-CoV-2";2023;12;144612;"interpolação linear (peso 0.4771) entre 2022-08-01 e 2024-07-01";8,3;8,05;8,88;10,06
"3304151";"Quissamã";"SARS-CoV-2";2023;8;22743;"interpolação linear (peso 0.4771) entre 2022-08-01 e 2024-07-01";35,18;34,59;33,11;38,38
"3304201";"Resende";"SARS-CoV-2";2023;61;133429;"interpolação linear (peso 0.4771) entre 2022-08-01 e 2024-07-01";45,72;44,33;44,89;49,67
"3304300";"Rio Bonito";"SARS-CoV-2";2023;35;57630;"interpolação linear (peso 0.4771) entre 2022-08-01 e 2024-07-01";60,73;59,21;57,61;60,82
"3304409";"Rio Claro";"SARS-CoV-2";2023;10;17663;"interpolação linear (peso 0.4771) entre 2022-08-01 e 2024-07-01";56,62;55,71;49,06;54,71
"3304508";"Rio das Flores";"SARS-CoV-2";2023;5;9102;"interpolação linear (peso 0.4771) entre 2022-08-01 e 2024-07-01";54,93;53,97;43,55;54,42
"3304524";"Rio das Ostras";"SARS-CoV-2";2023;16;162030;"interpolação linear (peso 0.4771) entre 2022-08-01 e 2024-07-01";9,87;9,52;10,35;12,55
"3304557";"Rio de Janeiro";"SARS-CoV-2";2023;1474;6458703;"interpolação linear (peso 0.4771) entre 2022-08-01 e 2024-07-01";22,82;21,9;22,82;21,35
"3304607";"Santa Maria Madalena";"SARS-CoV-2";2023;0;10398;"interpolação linear (peso 0.4771) entre 2022-08-01 e 2024-07-01";0;0;8,38;0
"3304706";"Santo Antônio de Pádua";"SARS-CoV-2";2023;7;42452;"interpolação linear (peso 0.4771) entre 2022-08-01 e 2024-07-01";16,49;16,02;17,39;14,99
"3304805";"São Fidélis";"SARS-CoV-2";2023;2;40028;"interpolação linear (peso 0.4771) entre 2022-08-01 e 2024-07-01";5;4,85;7,32;4,57
"3304755";"São Francisco de Itabapoana";"SARS-CoV-2";2023;6;46161;"interpolação linear (peso 0.4771) entre 2022-08-01 e 2024-07-01";13;12,67;14,2;12,29
"3304904";"São Gonçalo";"SARS-CoV-2";2023;188;927237;"interpolação linear (peso 0.4771) entre 2022-08-01 e 2024-07-01";20,28;19,57;20,3;20,79
"3305000";"São João da Barra";"SARS-CoV-2";2023;2;37592;"interpolação linear (peso 0.4771) entre 2022-08-01 e 2024-07-01";5,32;5,17;7,73;5,09
"3305109";"São João de Meriti";"SARS-CoV-2";2023;32;453164;"interpolação linear (peso 0.4771) entre 2022-08-01 e 2024-07-01";7,06;6,86;7,27;7,69
"3305133";"São José de Ubá";"SARS-CoV-2";2023;0;7187;"interpolação linear (peso 0.4771) entre 2022-08-01 e 2024-07-01";0;0;10,52;0
"3305158";"São José do Vale do Rio Preto";"SARS-CoV-2";2023;0;22423;"interpolação linear (peso 0.4771) entre 2022-08-01 e 2024-07-01";0;0;4,76;0
"3305208";"São Pedro da Aldeia";"SARS-CoV-2";2023;9;107143;"interpolação linear (peso 0.4771) entre 2022-08-01 e 2024-07-01";8,4;8,14;9,17;9,61
"3305307";"São Sebastião do Alto";"SARS-CoV-2";2023;0;7869;"interpolação linear (peso 0.4771) entre 2022-08-01 e 2024-07-01";0;0;9,98;0
"3305406";"Sapucaia";"SARS-CoV-2";2023;4;17996;"interpolação linear (peso 0.4771) entre 2022-08-01 e 2024-07-01";22,23;21,87;22,74;21,68
"3305505";"Saquarema";"SARS-CoV-2";2023;17;92251;"interpolação linear (peso 0.4771) entre 2022-08-01 e 2024-07-01";18,43;17,86;18,76;16,93
"3305554";"Seropédica";"SARS-CoV-2";2023;9;82572;"interpolação linear (peso 0.4771) entre 2022-08-01 e 2024-07-01";10,9;10,62;11,73;12,48
"3305604";"Silva Jardim";"SARS-CoV-2";2023;5;21674;"interpolação linear (peso 0.4771) entre 2022-08-01 e 2024-07-01";23,07;22,7;23,35;23,05
"3305703";"Sumidouro";"SARS-CoV-2";2023;2;15437;"interpolação linear (peso 0.4771) entre 2022-08-01 e 2024-07-01";12,96;12,75;15,94;13,07
"3305752";"Tanguá";"SARS-CoV-2";2023;11;31931;"interpolação linear (peso 0.4771) entre 2022-08-01 e 2024-07-01";34,45;33,48;33;40,47
"3305802";"Teresópolis";"SARS-CoV-2";2023;38;170643;"interpolação linear (peso 0.4771) entre 2022-08-01 e 2024-07-01";22,27;21,51;22,34;21,8
"3305901";"Trajano de Moraes";"SARS-CoV-2";2023;1;10469;"interpolação linear (peso 0.4771) entre 2022-08-01 e 2024-07-01";9,55;9,39;14,64;8,6
"3306008";"Três Rios";"SARS-CoV-2";2023;10;80233;"interpolação linear (peso 0.4771) entre 2022-08-01 e 2024-07-01";12,46;12,15;13,22;12,59
"3306107";"Valença";"SARS-CoV-2";2023;61;69698;"interpolação linear (peso 0.4771) entre 2022-08-01 e 2024-07-01";87,52;85,36;82,97;78,7
"3306156";"Varre-Sai";"SARS-CoV-2";2023;1;10375;"interpolação linear (peso 0.4771) entre 2022-08-01 e 2024-07-01";9,64;9,47;14,72;10,94
"3306206";"Vassouras";"SARS-CoV-2";2023;14;34896;"interpolação linear (peso 0.4771) entre 2022-08-01 e 2024-07-01";40,12;38,99;38,01;38,63
"3306305";"Volta Redonda";"SARS-CoV-2";2023;240;270311;"interpolação linear (peso 0.4771) entre 2022-08-01 e 2024-07-01";88,79;85,75;87,52;84,6
"3300100";"Angra dos Reis";"SARS-CoV-2";2024;21;179120;"Estimativa da população residente, 1º de julho de 2024";11,72;11,72;11,84;13,89
"3300159";"Aperibé";"SARS-CoV-2";2024;0;11420;"Estimativa da população residente, 1º de julho de 2024";0;0;7,45;0
"3300209";"Araruama";"SARS-CoV-2";2024;5;137773;"Estimativa da população residente, 1º de julho de 2024";3,63;3,63;4,55;3,41
"3300225";"Areal";"SARS-CoV-2";2024;2;12236;"Estimativa da população residente, 1º de julho de 2024";16,35;16,35;14,64;17,54
"3300233";"Armação dos Búzios";"SARS-CoV-2";2024;3;42442;"Estimativa da população residente, 1º de julho de 2024";7,07;7,07;8,65;9,97
"3300258";"Arraial do Cabo";"SARS-CoV-2";2024;1;32794;"Estimativa da população residente, 1º de julho de 2024";3,05;3,05;6,2;3,41
"3300308";"Barra do Piraí";"SARS-CoV-2";2024;19;98501;"Estimativa da população residente, 1º de julho de 2024";19,29;19,29;18,5;18,12
"3300407";"Barra Mansa";"SARS-CoV-2";2024;20;181688;"Estimativa da população residente, 1º de julho de 2024";11,01;11,01;11,17;10,77
"3300456";"Belford Roxo";"SARS-CoV-2";2024;12;518263;"Estimativa da população residente, 1º de julho de 2024";2,32;2,32;2,62;2,55
"3300506";"Bom Jardim";"SARS-CoV-2";2024;7;29736;"Estimativa da população residente, 1º de julho de 2024";23,54;23,54;20,13;23,4
"3300605";"Bom Jesus do Itabapoana";"SARS-CoV-2";2024;0;37172;"Estimativa da população residente, 1º de julho de 2024";0;0;3,75;0
"3300704";"Cabo Frio";"SARS-CoV-2";2024;28;238166;"Estimativa da população residente, 1º de julho de 2024";11,76;11,76;11,84;12,76
"3300803";"Cachoeiras de Macacu";"SARS-CoV-2";2024;4;59837;"Estimativa da população residente, 1º de julho de 2024";6,68;6,68;7,98;6,93
"3300902";"Cambuci";"SARS-CoV-2";2024;21;15070;"Estimativa da população residente, 1º de julho de 2024";139,35;139,35;77,07;120,26
"3301009";"Campos dos Goytacazes";"SARS-CoV-2";2024;81;519011;"Estimativa da população residente, 1º de julho de 2024";15,61;15,61;15,54;16,03
"3301108";"Cantagalo";"SARS-CoV-2";2024;1;19996;"Estimativa da população residente, 1º de julho de 2024";5;5;8,49;4,09
"3300936";"Carapebus";"SARS-CoV-2";2024;0;14325;"Estimativa da população residente, 1º de julho de 2024";0;0;6,7;0
"3301157";"Cardoso Moreira";"SARS-CoV-2";2024;0;13403;"Estimativa da população residente, 1º de julho de 2024";0;0;6,92;0
"3301207";"Carmo";"SARS-CoV-2";2024;5;17740;"Estimativa da população residente, 1º de julho de 2024";28,18;28,18;21,41;25,97
"3301306";"Casimiro de Abreu";"SARS-CoV-2";2024;4;48563;"Estimativa da população residente, 1º de julho de 2024";8,24;8,24;9,4;10,02
"3300951";"Comendador Levy Gasparian";"SARS-CoV-2";2024;0;9044;"Estimativa da população residente, 1º de julho de 2024";0;0;8,19;0
"3301405";"Conceição de Macabu";"SARS-CoV-2";2024;2;21769;"Estimativa da população residente, 1º de julho de 2024";9,19;9,19;10,82;9,16
"3301504";"Cordeiro";"SARS-CoV-2";2024;0;21444;"Estimativa da população residente, 1º de julho de 2024";0;0;5,38;0
"3301603";"Duas Barras";"SARS-CoV-2";2024;0;11354;"Estimativa da população residente, 1º de julho de 2024";0;0;7,46;0
"3301702";"Duque de Caxias";"SARS-CoV-2";2024;68;866347;"Estimativa da população residente, 1º de julho de 2024";7,85;7,85;7,94;8,48
"3301801";"Engenheiro Paulo de Frontin";"SARS-CoV-2";2024;0;12648;"Estimativa da população residente, 1º de julho de 2024";0;0;7,11;0
"3301850";"Guapimirim";"SARS-CoV-2";2024;8;54300;"Estimativa da população residente, 1º de julho de 2024";14,73;14,73;14,41;16,15
"3301876";"Iguaba Grande";"SARS-CoV-2";2024;6;29577;"Estimativa da população residente, 1º de julho de 2024";20,29;20,29;17,94;18,62
"3301900";"Itaboraí";"SARS-CoV-2";2024;24;240040;"Estimativa da população residente, 1º de julho de 2024";10;10;10,18;11,8
"3302007";"Itaguaí";"SARS-CoV-2";2024;7;123980;"Estimativa da população residente, 1º de julho de 2024";5,65;5,65;6,45;5,55
"3302056";"Italva";"SARS-CoV-2";2024;2;14517;"Estimativa da população residente, 1º de julho de 2024";13,78;13,78;13,5;15,47
"3302106";"Itaocara";"SARS-CoV-2";2024;2;23643;"Estimativa da população residente, 1º de julho de 2024";8,46;8,46;10,29;6,73
"3302205";"Itaperuna";"SARS-CoV-2";2024;1;107246;"Estimativa da população residente, 1º de julho de 2024";0,93;0,93;2,41;0,87
"3302254";"Itatiaia";"SARS-CoV-2";2024;9;32694;"Estimativa da população residente, 1º de julho de 2024";27,53;27,53;23,09;29,1
"3302270";"Japeri";"SARS-CoV-2";2024;2;102149;"Estimativa da população residente, 1º de julho de 2024";1,96;1,96;3,38;2,24
"3302304";"Laje do Muriaé";"SARS-CoV-2";2024;0;7584;"Estimativa da população residente, 1º de julho de 2024";0;0;8,73;0
"3302403";"Macaé";"SARS-CoV-2";2024;35;264138;"Estimativa da população residente, 1º de julho de 2024";13,25;13,25;13,25;16,68
"3302452";"Macuco";"SARS-CoV-2";2024;0;5601;"Estimativa da população residente, 1º de julho de 2024";0;0;9,58;0
"3302502";"Magé";"SARS-CoV-2";2024;11;244092;"Estimativa da população residente, 1º de julho de 2024";4,51;4,51;5;4,34
"3302601";"Mangaratiba";"SARS-CoV-2";2024;4;43624;"Estimativa da população residente, 1º de julho de 2024";9,17;9,17;10,19;9,75
"3302700";"Maricá";"SARS-CoV-2";2024;64;211986;"Estimativa da população residente, 1º de julho de 2024";30,19;30,19;29,09;31,8
"3302809";"Mendes";"SARS-CoV-2";2024;0;18049;"Estimativa da população residente, 1º de julho de 2024";0;0;5,94;0
"3302858";"Mesquita";"SARS-CoV-2";2024;15;178803;"Estimativa da população residente, 1º de julho de 2024";8,39;8,39;8,76;8,92
"3302908";"Miguel Pereira";"SARS-CoV-2";2024;1;28123;"Estimativa da população residente, 1º de julho de 2024";3,56;3,56;6,88;4,89
"3303005";"Miracema";"SARS-CoV-2";2024;0;28411;"Estimativa da população residente, 1º de julho de 2024";0;0;4,51;0
"3303104";"Natividade";"SARS-CoV-2";2024;0;15550;"Estimativa da população residente, 1º de julho de 2024";0;0;6,43;0
"3303203";"Nilópolis";"SARS-CoV-2";2024;14;155544;"Estimativa da população residente, 1º de julho de 2024";9;9;9,37;8,94
"3303302";"Niterói";"SARS-CoV-2";2024;107;516720;"Estimativa da população residente, 1º de julho de 2024";20,71;20,71;20,5;18,24
"3303401";"Nova Friburgo";"SARS-CoV-2";2024;117;203328;"Estimativa da população residente, 1º de julho de 2024";57,54;57,54;54,55;52,96
"3303500";"Nova Iguaçu";"SARS-CoV-2";2024;37;843046;"Estimativa da população residente, 1º de julho de 2024";4,39;4,39;4,54;4,9
"3303609";"Paracambi";"SARS-CoV-2";2024;5;43656;"Estimativa da população residente, 1º de julho de 2024";11,45;11,45;11,9;11,89
"3303708";"Paraíba do Sul";"SARS-CoV-2";2024;1;44467;"Estimativa da população residente, 1º de julho de 2024";2,25;2,25;4,98;2,14
"3303807";"Paraty";"SARS-CoV-2";2024;4;47614;"Estimativa da população residente, 1º de julho de 2024";8,4;8,4;9,54;9,12
"3303856";"Paty do Alferes";"SARS-CoV-2";2024;0;31345;"Estimativa da população residente, 1º de julho de 2024";0;0;4,22;0
"3303906";"Petrópolis";"SARS-CoV-2";2024;66;294983;"Estimativa da população residente, 1º de julho de 2024";22,37;22,37;21,94;20,43
"3303955";"Pinheiral";"SARS-CoV-2";2024;6;25085;"Estimativa da população residente, 1º de julho de 2024";23,92;23,92;19,97;26
"3304003";"Piraí";"SARS-CoV-2";2024;5;29054;"Estimativa da população residente, 1º de julho de 2024";17,21;17,21;15,87;17,11
"3304102";"Porciúncula";"SARS-CoV-2";2024;1;17832;"Estimativa da população residente, 1º de julho de 2024";5,61;5,61;9,05;5,34
"3304110";"Porto Real";"SARS-CoV-2";2024;5;21064;"Estimativa da população residente, 1º de julho de 2024";23,74;23,74;19,42;29,23
"3304128";"Quatis";"SARS-CoV-2";2024;7;14158;"Estimativa da população residente, 1º de julho de 2024";49,44;49,44;30,99;50,78
"3304144";"Queimados";"SARS-CoV-2";2024;1;149093;"Estimativa da população residente, 1º de julho de 2024";0,67;0,67;1,8;0,91
"3304151";"Quissamã";"SARS-CoV-2";2024;17;23126;"Estimativa da população residente, 1º de julho de 2024";73,51;73,51;50,08;79,62
"3304201";"Resende";"SARS-CoV-2";2024;51;137612;"Estimativa da população residente, 1º de julho de 2024";37,06;37,06;34,76;40,21
"3304300";"Rio Bonito";"SARS-CoV-2";2024;19;59113;"Estimativa da população residente, 1º de julho de 2024";32,14;32,14;28,38;32,09
"3304409";"Rio Claro";"SARS-CoV-2";2024;4;17950;"Estimativa da população residente, 1º de julho de 2024";22,28;22,28;18,21;22,41
"3304508";"Rio das Flores";"SARS-CoV-2";2024;1;9264;"Estimativa da população residente, 1º de julho de 2024";10,79;10,79;12,29;10,05
"3304524";"Rio das Ostras";"SARS-CoV-2";2024;13;168099;"Estimativa da população residente, 1º de julho de 2024";7,73;7,73;8,18;9,67
"3304557";"Rio de Janeiro";"SARS-CoV-2";2024;890;6729894;"Estimativa da população residente, 1º de julho de 2024";13,22;13,22;13,22;12,36
"3304607";"Santa Maria Madalena";"SARS-CoV-2";2024;0;10579;"Estimativa da população residente, 1º de julho de 2024";0;0;7,69;0
"3304706";"Santo Antônio de Pádua";"SARS-CoV-2";2024;3;43686;"Estimativa da população residente, 1º de julho de 2024";6,87;6,87;8,47;6,46
"3304805";"São Fidélis";"SARS-CoV-2";2024;3;41197;"Estimativa da população residente, 1º de julho de 2024";7,28;7,28;8,85;6,65
"3304755";"São Francisco de Itabapoana";"SARS-CoV-2";2024;1;47368;"Estimativa da população residente, 1º de julho de 2024";2,11;2,11;4,74;1,57
"3304904";"São Gonçalo";"SARS-CoV-2";2024;157;960652;"Estimativa da população residente, 1º de julho de 2024";16,34;16,34;16,3;16,64
"3305000";"São João da Barra";"SARS-CoV-2";2024;2;38708;"Estimativa da população residente, 1º de julho de 2024";5,17;5,17;7,39;5,11
"3305109";"São João de Meriti";"SARS-CoV-2";2024;23;466536;"Estimativa da população residente, 1º de julho de 2024";4,93;4,93;5,18;5,65
"3305133";"São José de Ubá";"SARS-CoV-2";2024;0;7315;"Estimativa da população residente, 1º de julho de 2024";0;0;8,83;0
"3305158";"São José do Vale do Rio Preto";"SARS-CoV-2";2024;0;22799;"Estimativa da população residente, 1º de julho de 2024";0;0;5,19;0
"3305208";"São Pedro da Aldeia";"SARS-CoV-2";2024;2;110556;"Estimativa da população residente, 1º de julho de 2024";1,81;1,81;3,15;2,19
"3305307";"São Sebastião do Alto";"SARS-CoV-2";2024;0;7999;"Estimativa da população residente, 1º de julho de 2024";0;0;8,57;0
"3305406";"Sapucaia";"SARS-CoV-2";2024;0;18289;"Estimativa da população residente, 1º de julho de 2024";0;0;5,9;0
"3305505";"Saquarema";"SARS-CoV-2";2024;19;95201;"Estimativa da população residente, 1º de julho de 2024";19,96;19,96;19,06;18,19
"3305554";"Seropédica";"SARS-CoV-2";2024;7;84737;"Estimativa da população residente, 1º de julho de 2024";8,26;8,26;9;9,48
"3305604";"Silva Jardim";"SARS-CoV-2";2024;1;22026;"Estimativa da população residente, 1º de julho de 2024";4,54;4,54;8,02;3,99
"3305703";"Sumidouro";"SARS-CoV-2";2024;2;15690;"Estimativa da população residente, 1º de julho de 2024";12,75;12,75;12,98;12,26
"3305752";"Tanguá";"SARS-CoV-2";2024;6;32858;"Estimativa da população residente, 1º de julho de 2024";18,26;18,26;16,71;21,28
"3305802";"Teresópolis";"SARS-CoV-2";2024;43;176692;"Estimativa da população residente, 1º de julho de 2024";24,34;24,34;23,48;23,75
"3305901";"Trajano de Moraes";"SARS-CoV-2";2024;3;10652;"Estimativa da população residente, 1º de julho de 2024";28,16;28,16;19,5;23,7
"3306008";"Três Rios";"SARS-CoV-2";2024;7;82300;"Estimativa da população residente, 1º de julho de 2024";8,51;8,51;9,22;8,44
"3306107";"Valença";"SARS-CoV-2";2024;10;71462;"Estimativa da população residente, 1º de julho de 2024";13,99;13,99;13,86;13,1
"3306156";"Varre-Sai";"SARS-CoV-2";2024;0;10559;"Estimativa da população residente, 1º de julho de 2024";0;0;7,7;0
"3306206";"Vassouras";"SARS-CoV-2";2024;3;35904;"Estimativa da população residente, 1º de julho de 2024";8,36;8,36;9,77;7,78
"3306305";"Volta Redonda";"SARS-CoV-2";2024;120;279898;"Estimativa da população residente, 1º de julho de 2024";42,87;42,87;41,39;40,55
"3300100";"Angra dos Reis";"SARS-CoV-2";2025;13;179142;"Estimativa da população residente, 1º de julho de 2025";7,26;7,26;7,05;6,98
"3300159";"Aperibé";"SARS-CoV-2";2025;0;11426;"Estimativa da população residente, 1º de julho de 2025";0;0;5,17;0
"3300209";"Araruama";"SARS-CoV-2";2025;1;137906;"Estimativa da população residente, 1º de julho de 2025";0,73;0,73;2,24;0,75
"3300225";"Areal";"SARS-CoV-2";2025;0;12239;"Estimativa da população residente, 1º de julho de 2025";0;0;5,1;0
"3300233";"Armação dos Búzios";"SARS-CoV-2";2025;4;42527;"Estimativa da população residente, 1º de julho de 2025";9,41;9,42;7,72;11,1
"3300258";"Arraial do Cabo";"SARS-CoV-2";2025;0;32822;"Estimativa da população residente, 1º de julho de 2025";0;0;3,85;0
"3300308";"Barra do Piraí";"SARS-CoV-2";2025;9;98506;"Estimativa da população residente, 1º de julho de 2025";9,14;9,14;8,18;8,93
"3300407";"Barra Mansa";"SARS-CoV-2";2025;19;181679;"Estimativa da população residente, 1º de julho de 2025";10,46;10,46;9,55;10,09
"3300456";"Belford Roxo";"SARS-CoV-2";2025;17;518384;"Estimativa da população residente, 1º de julho de 2025";3,28;3,28;3,55;3,35
"3300506";"Bom Jardim";"SARS-CoV-2";2025;0;29758;"Estimativa da população residente, 1º de julho de 2025";0;0;3,99;0
"3300605";"Bom Jesus do Itabapoana";"SARS-CoV-2";2025;3;37176;"Estimativa da população residente, 1º de julho de 2025";8,07;8,07;7,06;6,68
"3300704";"Cabo Frio";"SARS-CoV-2";2025;19;238438;"Estimativa da população residente, 1º de julho de 2025";7,97;7,98;7,68;8,07
"3300803";"Cachoeiras de Macacu";"SARS-CoV-2";2025;2;59861;"Estimativa da população residente, 1º de julho de 2025";3,34;3,34;4,71;3,4
"3300902";"Cambuci";"SARS-CoV-2";2025;2;15069;"Estimativa da população residente, 1º de julho de 2025";13,27;13,27;7,91;9,84
"3301009";"Campos dos Goytacazes";"SARS-CoV-2";2025;14;519259;"Estimativa da população residente, 1º de julho de 2025";2,7;2,7;3,02;2,67
"3301108";"Cantagalo";"SARS-CoV-2";2025;0;19995;"Estimativa da população residente, 1º de julho de 2025";0;0;4,54;0
"3300936";"Carapebus";"SARS-CoV-2";2025;1;14329;"Estimativa da população residente, 1º de julho de 2025";6,98;6,98;6,47;6,91
"3301157";"Cardoso Moreira";"SARS-CoV-2";2025;0;13407;"Estimativa da população residente, 1º de julho de 2025";0;0;5,01;0
"3301207";"Carmo";"SARS-CoV-2";2025;0;17741;"Estimativa da população residente, 1º de julho de 2025";0;0;4,69;0
"3301306";"Casimiro de Abreu";"SARS-CoV-2";2025;5;48636;"Estimativa da população residente, 1º de julho de 2025";10,28;10,3;8,25;10,98
"3300951";"Comendador Levy Gasparian";"SARS-CoV-2";2025;0;9048;"Estimativa da população residente, 1º de julho de 2025";0;0;5,37;0
"3301405";"Conceição de Macabu";"SARS-CoV-2";2025;0;21770;"Estimativa da população residente, 1º de julho de 2025";0;0;4,43;0
"3301504";"Cordeiro";"SARS-CoV-2";2025;0;21448;"Estimativa da população residente, 1º de julho de 2025";0;0;4,45;0
"3301603";"Duas Barras";"SARS-CoV-2";2025;0;11355;"Estimativa da população residente, 1º de julho de 2025";0;0;5,17;0
"3301702";"Duque de Caxias";"SARS-CoV-2";2025;36;866225;"Estimativa da população residente, 1º de julho de 2025";4,16;4,16;4,28;4,37
"3301801";"Engenheiro Paulo de Frontin";"SARS-CoV-2";2025;2;12644;"Estimativa da população residente, 1º de julho de 2025";15,82;15,81;8,21;16,59
"3301850";"Guapimirim";"SARS-CoV-2";2025;3;54311;"Estimativa da população residente, 1º de julho de 2025";5,52;5,52;5,91;6,25
"3301876";"Iguaba Grande";"SARS-CoV-2";2025;1;29616;"Estimativa da população residente, 1º de julho de 2025";3,38;3,38;5,24;3,54
"3301900";"Itaboraí";"SARS-CoV-2";2025;13;240127;"Estimativa da população residente, 1º de julho de 2025";5,41;5,42;5,57;6,07
"3302007";"Itaguaí";"SARS-CoV-2";2025;7;124021;"Estimativa da população residente, 1º de julho de 2025";5,64;5,65;5,84;4,84
"3302056";"Italva";"SARS-CoV-2";2025;0;14518;"Estimativa da população residente, 1º de julho de 2025";0;0;4,92;0
"3302106";"Itaocara";"SARS-CoV-2";2025;2;23645;"Estimativa da população residente, 1º de julho de 2025";8,46;8,46;7;8,34
"3302205";"Itaperuna";"SARS-CoV-2";2025;2;107297;"Estimativa da população residente, 1º de julho de 2025";1,86;1,86;3,3;1,76
"3302254";"Itatiaia";"SARS-CoV-2";2025;1;32713;"Estimativa da população residente, 1º de julho de 2025";3,06;3,06;5,05;2,7
"3302270";"Japeri";"SARS-CoV-2";2025;4;102171;"Estimativa da população residente, 1º de julho de 2025";3,92;3,92;4,72;3,83
"3302304";"Laje do Muriaé";"SARS-CoV-2";2025;1;7584;"Estimativa da população residente, 1º de julho de 2025";13,19;13,19;7,21;13,3
"3302403";"Macaé";"SARS-CoV-2";2025;58;264439;"Estimativa da população residente, 1º de julho de 2025";21,93;21,96;19,41;22,49
"3302452";"Macuco";"SARS-CoV-2";2025;0;5602;"Estimativa da população residente, 1º de julho de 2025";0;0;5,7;0
"3302502";"Magé";"SARS-CoV-2";2025;7;244142;"Estimativa da população residente, 1º de julho de 2025";2,87;2,87;3,46;2,75
"3302601";"Mangaratiba";"SARS-CoV-2";2025;2;43660;"Estimativa da população residente, 1º de julho de 2025";4,58;4,58;5,52;4,53
"3302700";"Maricá";"SARS-CoV-2";2025;18;212470;"Estimativa da população residente, 1º de julho de 2025";8,47;8,49;8,06;8,35
"3302809";"Mendes";"SARS-CoV-2";2025;0;18048;"Estimativa da população residente, 1º de julho de 2025";0;0;4,67;0
"3302858";"Mesquita";"SARS-CoV-2";2025;9;178830;"Estimativa da população residente, 1º de julho de 2025";5,03;5,03;5,32;4,95
"3302908";"Miguel Pereira";"SARS-CoV-2";2025;0;28142;"Estimativa da população residente, 1º de julho de 2025";0;0;4,07;0
"3303005";"Miracema";"SARS-CoV-2";2025;0;28416;"Estimativa da população residente, 1º de julho de 2025";0;0;4,06;0
"3303104";"Natividade";"SARS-CoV-2";2025;0;15551;"Estimativa da população residente, 1º de julho de 2025";0;0;4,85;0
"3303203";"Nilópolis";"SARS-CoV-2";2025;4;155500;"Estimativa da população residente, 1º de julho de 2025";2,57;2,57;3,5;2,65
"3303302";"Niterói";"SARS-CoV-2";2025;45;516787;"Estimativa da população residente, 1º de julho de 2025";8,71;8,71;8,49;7,39
"3303401";"Nova Friburgo";"SARS-CoV-2";2025;36;203417;"Estimativa da população residente, 1º de julho de 2025";17,7;17,71;15,42;16,19
"3303500";"Nova Iguaçu";"SARS-CoV-2";2025;41;843220;"Estimativa da população residente, 1º de julho de 2025";4,86;4,86;4,95;5,39
"3303609";"Paracambi";"SARS-CoV-2";2025;1;43627;"Estimativa da população residente, 1º de julho de 2025";2,29;2,29;4,46;2,41
"3303708";"Paraíba do Sul";"SARS-CoV-2";2025;1;44479;"Estimativa da população residente, 1º de julho de 2025";2,25;2,25;4,42;2,22
"3303807";"Paraty";"SARS-CoV-2";2025;4;47668;"Estimativa da população residente, 1º de julho de 2025";8,39;8,4;7,32;8,98
"3303856";"Paty do Alferes";"SARS-CoV-2";2025;0;31370;"Estimativa da população residente, 1º de julho de 2025";0;0;3,91;0
"3303906";"Petrópolis";"SARS-CoV-2";2025;27;294926;"Estimativa da população residente, 1º de julho de 2025";9,15;9,15;8,74;9,05
"3303955";"Pinheiral";"SARS-CoV-2";2025;3;25096;"Estimativa da população residente, 1º de julho de 2025";11,95;11,96;8,18;13,28
"3304003";"Piraí";"SARS-CoV-2";2025;2;29066;"Estimativa da população residente, 1º de julho de 2025";6,88;6,88;6,53;7,13
"3304102";"Porciúncula";"SARS-CoV-2";2025;0;17832;"Estimativa da população residente, 1º de julho de 2025";0;0;4,68;0
"3304110";"Porto Real";"SARS-CoV-2";2025;2;21089;"Estimativa da população residente, 1º de julho de 2025";9,48;9,49;7,25;11,9
"3304128";"Quatis";"SARS-CoV-2";2025;2;14165;"Estimativa da população residente, 1º de julho de 2025";14,12;14,13;8,02;15,42
"3304144";"Queimados";"SARS-CoV-2";2025;3;149135;"Estimativa da população residente, 1º de julho de 2025";2,01;2,01;3,11;2,6
"3304151";"Quissamã";"SARS-CoV-2";2025;1;23142;"Estimativa da população residente, 1º de julho de 2025";4,32;4,32;5,7;4,77
"3304201";"Resende";"SARS-CoV-2";2025;9;137697;"Estimativa da população residente, 1º de julho de 2025";6,54;6,54;6,48;6,9
"3304300";"Rio Bonito";"SARS-CoV-2";2025;13;59126;"Estimativa da população residente, 1º de julho de 2025";21,99;21,99;14,73;21,85
"3304409";"Rio Claro";"SARS-CoV-2";2025;1;17951;"Estimativa da população residente, 1º de julho de 2025";5,57;5,57;6,13;5,27
"3304508";"Rio das Flores";"SARS-CoV-2";2025;0;9267;"Estimativa da população residente, 1º de julho de 2025";0;0;5,35;0
"3304524";"Rio das Ostras";"SARS-CoV-2";2025;10;168455;"Estimativa da população residente, 1º de julho de 2025";5,94;5,95;6,03;6,91
"3304557";"Rio de Janeiro";"SARS-CoV-2";2025;396;6730729;"Estimativa da população residente, 1º de julho de 2025";5,88;5,88;5,89;5,7
"3304607";"Santa Maria Madalena";"SARS-CoV-2";2025;0;10580;"Estimativa da população residente, 1º de julho de 2025";0;0;5,24;0
"3304706";"Santo Antônio de Pádua";"SARS-CoV-2";2025;0;43697;"Estimativa da população residente, 1º de julho de 2025";0;0;3,41;0
"3304805";"São Fidélis";"SARS-CoV-2";2025;2;41212;"Estimativa da população residente, 1º de julho de 2025";4,85;4,85;5,67;4,56
"3304755";"São Francisco de Itabapoana";"SARS-CoV-2";2025;0;47397;"Estimativa da população residente, 1º de julho de 2025";0;0;3,28;0
"3304904";"São Gonçalo";"SARS-CoV-2";2025;83;960196;"Estimativa da população residente, 1º de julho de 2025";8,64;8,64;8,53;8,83
"3305000";"São João da Barra";"SARS-CoV-2";2025;1;38740;"Estimativa da população residente, 1º de julho de 2025";2,58;2,58;4,71;2,45
"3305109";"São João de Meriti";"SARS-CoV-2";2025;19;466503;"Estimativa da população residente, 1º de julho de 2025";4,07;4,07;4,29;4,26
"3305133";"São José de Ubá";"SARS-CoV-2";2025;0;7318;"Estimativa da população residente, 1º de julho de 2025";0;0;5,53;0
"3305158";"São José do Vale do Rio Preto";"SARS-CoV-2";2025;1;22813;"Estimativa da população residente, 1º de julho de 2025";4,38;4,39;5,72;6,23
"3305208";"São Pedro da Aldeia";"SARS-CoV-2";2025;4;110677;"Estimativa da população residente, 1º de julho de 2025";3,61;3,62;4,47;4,39
"3305307";"São Sebastião do Alto";"SARS-CoV-2";2025;0;7993;"Estimativa da população residente, 1º de julho de 2025";0;0;5,47;0
"3305406";"Sapucaia";"SARS-CoV-2";2025;2;18291;"Estimativa da população residente, 1º de julho de 2025";10,93;10,94;7,54;10,35
"3305505";"Saquarema";"SARS-CoV-2";2025;4;95315;"Estimativa da população residente, 1º de julho de 2025";4,2;4,2;4,94;4,15
"3305554";"Seropédica";"SARS-CoV-2";2025;2;84794;"Estimativa da população residente, 1º de julho de 2025";2,36;2,36;3,85;3,16
"3305604";"Silva Jardim";"SARS-CoV-2";2025;1;22028;"Estimativa da população residente, 1º de julho de 2025";4,54;4,54;5,78;4,7
"3305703";"Sumidouro";"SARS-CoV-2";2025;1;15693;"Estimativa da população residente, 1º de julho de 2025";6,37;6,37;6,33;9,49
"3305752";"Tanguá";"SARS-CoV-2";2025;5;32865;"Estimativa da população residente, 1º de julho de 2025";15,21;15,22;9,81;16,49
"3305802";"Teresópolis";"SARS-CoV-2";2025;10;176735;"Estimativa da população residente, 1º de julho de 2025";5,66;5,66;5,81;5,59
"3305901";"Trajano de Moraes";"SARS-CoV-2";2025;0;10654;"Estimativa da população residente, 1º de julho de 2025";0;0;5,23;0
"3306008";"Três Rios";"SARS-CoV-2";2025;2;82319;"Estimativa da população residente, 1º de julho de 2025";2,43;2,43;3,92;2,46
"3306107";"Valença";"SARS-CoV-2";2025;8;71449;"Estimativa da população residente, 1º de julho de 2025";11,2;11,19;9,17;10,74
"3306156";"Varre-Sai";"SARS-CoV-2";2025;0;10563;"Estimativa da população residente, 1º de julho de 2025";0;0;5,24;0
"3306206";"Vassouras";"SARS-CoV-2";2025;5;35907;"Estimativa da população residente, 1º de julho de 2025";13,92;13,93;9,46;13,12
"3306305";"Volta Redonda";"SARS-CoV-2";2025;63;279971;"Estimativa da população residente, 1º de julho de 2025";22,5;22,51;20,01;21,81
"3300100";"Angra dos Reis";"VSR";2022;4;167434;"Censo 2022, população residente (data de referência 01/08/2022)";2,39;2,23;3,1;2,58
"3300159";"Aperibé";"VSR";2022;0;11034;"Censo 2022, população residente (data de referência 01/08/2022)";0;0;5,24;0
"3300209";"Araruama";"VSR";2022;4;129671;"Censo 2022, população residente (data de referência 01/08/2022)";3,08;2,9;3,84;2,96
"3300225";"Areal";"VSR";2022;0;11828;"Censo 2022, população residente (data de referência 01/08/2022)";0;0;5,14;0
"3300233";"Armação dos Búzios";"VSR";2022;1;40006;"Censo 2022, população residente (data de referência 01/08/2022)";2,5;2,36;4,48;2,33
"3300258";"Arraial do Cabo";"VSR";2022;1;30986;"Censo 2022, população residente (data de referência 01/08/2022)";3,23;3,05;5,16;3,26
"3300308";"Barra do Piraí";"VSR";2022;1;92883;"Censo 2022, população residente (data de referência 01/08/2022)";1,08;1,02;2,53;0,99
"3300407";"Barra Mansa";"VSR";2022;1;169894;"Censo 2022, população residente (data de referência 01/08/2022)";0,59;0,55;1,54;0,59
"3300456";"Belford Roxo";"VSR";2022;12;483087;"Censo 2022, população residente (data de referência 01/08/2022)";2,48;2,32;2,75;2,17
"3300506";"Bom Jardim";"VSR";2022;0;28102;"Censo 2022, população residente (data de referência 01/08/2022)";0;0;3,66;0
"3300605";"Bom Jesus do Itabapoana";"VSR";2022;0;35173;"Censo 2022, população residente (data de referência 01/08/2022)";0;0;3,25;0
"3300704";"Cabo Frio";"VSR";2022;14;222161;"Censo 2022, população residente (data de referência 01/08/2022)";6,3;5,88;6,41;5,63
"3300803";"Cachoeiras de Macacu";"VSR";2022;0;56943;"Censo 2022, população residente (data de referência 01/08/2022)";0;0;2,42;0
"3300902";"Cambuci";"VSR";2022;0;14616;"Censo 2022, população residente (data de referência 01/08/2022)";0;0;4,8;0
"3301009";"Campos dos Goytacazes";"VSR";2022;19;483540;"Censo 2022, população residente (data de referência 01/08/2022)";3,93;3,66;4,11;3,32
"3301108";"Cantagalo";"VSR";2022;0;19390;"Censo 2022, população residente (data de referência 01/08/2022)";0;0;4,32;0
"3300936";"Carapebus";"VSR";2022;0;13847;"Censo 2022, população residente (data de referência 01/08/2022)";0;0;4,89;0
"3301157";"Cardoso Moreira";"VSR";2022;0;12958;"Censo 2022, população residente (data de referência 01/08/2022)";0;0;5;0
"3301207";"Carmo";"VSR";2022;0;17198;"Censo 2022, população residente (data de referência 01/08/2022)";0;0;4,53;0
"3301306";"Casimiro de Abreu";"VSR";2022;1;46110;"Censo 2022, população residente (data de referência 01/08/2022)";2,17;2,06;4,11;1,82
"3300951";"Comendador Levy Gasparian";"VSR";2022;0;8741;"Censo 2022, população residente (data de referência 01/08/2022)";0;0;5,56;0
"3301405";"Conceição de Macabu";"VSR";2022;0;21104;"Censo 2022, população residente (data de referência 01/08/2022)";0;0;4,17;0
"3301504";"Cordeiro";"VSR";2022;0;20783;"Censo 2022, população residente (data de referência 01/08/2022)";0;0;4,2;0
"3301603";"Duas Barras";"VSR";2022;0;10980;"Censo 2022, população residente (data de referência 01/08/2022)";0;0;5,25;0
"3301702";"Duque de Caxias";"VSR";2022;84;808161;"Censo 2022, população residente (data de referência 01/08/2022)";10,39;9,7;10,29;9,39
"3301801";"Engenheiro Paulo de Frontin";"VSR";2022;0;12242;"Censo 2022, população residente (data de referência 01/08/2022)";0;0;5,08;0
"3301850";"Guapimirim";"VSR";2022;3;51696;"Censo 2022, população residente (data de referência 01/08/2022)";5,8;5,52;6,33;5,21
"3301876";"Iguaba Grande";"VSR";2022;0;27920;"Censo 2022, população residente (data de referência 01/08/2022)";0;0;3,67;0
"3301900";"Itaboraí";"VSR";2022;12;224267;"Censo 2022, população residente (data de referência 01/08/2022)";5,35;5;5,57;4,73
"3302007";"Itaguaí";"VSR";2022;1;116841;"Censo 2022, população residente (data de referência 01/08/2022)";0,86;0,81;2,11;0,7
"3302056";"Italva";"VSR";2022;0;14073;"Censo 2022, população residente (data de referência 01/08/2022)";0;0;4,86;0
"3302106";"Itaocara";"VSR";2022;0;22919;"Censo 2022, população residente (data de referência 01/08/2022)";0;0;4,02;0
"3302205";"Itaperuna";"VSR";2022;0;101041;"Censo 2022, população residente (data de referência 01/08/2022)";0;0;1,59;0
"3302254";"Itatiaia";"VSR";2022;1;30908;"Censo 2022, população residente (data de referência 01/08/2022)";3,24;3,06;5,17;2,86
"3302270";"Japeri";"VSR";2022;2;96289;"Censo 2022, população residente (data de referência 01/08/2022)";2,08;1,96;3,26;1,89
"3302304";"Laje do Muriaé";"VSR";2022;0;7336;"Censo 2022, população residente (data de referência 01/08/2022)";0;0;5,78;0
"3302403";"Macaé";"VSR";2022;5;246391;"Censo 2022, população residente (data de referência 01/08/2022)";2,03;1,89;2,57;1,66
"3302452";"Macuco";"VSR";2022;0;5415;"Censo 2022, população residente (data de referência 01/08/2022)";0;0;6,11;0
"3302502";"Magé";"VSR";2022;17;228127;"Censo 2022, população residente (data de referência 01/08/2022)";7,45;6,96;7,43;6,37
"3302601";"Mangaratiba";"VSR";2022;2;41220;"Censo 2022, população residente (data de referência 01/08/2022)";4,85;4,58;5,84;4,73
"3302700";"Maricá";"VSR";2022;26;197277;"Censo 2022, população residente (data de referência 01/08/2022)";13,18;12,26;12,44;13,37
"3302809";"Mendes";"VSR";2022;0;17502;"Censo 2022, população residente (data de referência 01/08/2022)";0;0;4,5;0
"3302858";"Mesquita";"VSR";2022;5;167127;"Censo 2022, população residente (data de referência 01/08/2022)";2,99;2,8;3,61;2,97
"3302908";"Miguel Pereira";"VSR";2022;0;26582;"Censo 2022, população residente (data de referência 01/08/2022)";0;0;3,76;0
"3303005";"Miracema";"VSR";2022;0;26881;"Censo 2022, população residente (data de referência 01/08/2022)";0;0;3,74;0
"3303104";"Natividade";"VSR";2022;0;15074;"Censo 2022, população residente (data de referência 01/08/2022)";0;0;4,75;0
"3303203";"Nilópolis";"VSR";2022;4;146774;"Censo 2022, população residente (data de referência 01/08/2022)";2,73;2,57;3,46;2,83
"3303302";"Niterói";"VSR";2022;99;481749;"Censo 2022, população residente (data de referência 01/08/2022)";20,55;19,16;19,81;25,68
"3303401";"Nova Friburgo";"VSR";2022;1;189939;"Censo 2022, população residente (data de referência 01/08/2022)";0,53;0,49;1,4;0,58
"3303500";"Nova Iguaçu";"VSR";2022;20;785867;"Censo 2022, população residente (data de referência 01/08/2022)";2,54;2,37;2,71;2,31
"3303609";"Paracambi";"VSR";2022;2;41375;"Censo 2022, população residente (data de referência 01/08/2022)";4,83;4,58;5,83;4,88
"3303708";"Paraíba do Sul";"VSR";2022;0;42063;"Censo 2022, população residente (data de referência 01/08/2022)";0;0;2,93;0
"3303807";"Paraty";"VSR";2022;1;45243;"Censo 2022, população residente (data de referência 01/08/2022)";2,21;2,1;4,16;1,85
"3303856";"Paty do Alferes";"VSR";2022;0;29619;"Censo 2022, população residente (data de referência 01/08/2022)";0;0;3,56;0
"3303906";"Petrópolis";"VSR";2022;56;278881;"Censo 2022, população residente (data de referência 01/08/2022)";20,08;18,98;18,9;21,37
"3303955";"Pinheiral";"VSR";2022;1;24298;"Censo 2022, população residente (data de referência 01/08/2022)";4,12;3,99;5,82;3,91
"3304003";"Piraí";"VSR";2022;0;27474;"Censo 2022, população residente (data de referência 01/08/2022)";0;0;3,7;0
"3304102";"Porciúncula";"VSR";2022;0;17288;"Censo 2022, população residente (data de referência 01/08/2022)";0;0;4,52;0
"3304110";"Porto Real";"VSR";2022;1;20373;"Censo 2022, população residente (data de referência 01/08/2022)";4,91;4,75;6,29;4,04
"3304128";"Quatis";"VSR";2022;0;13682;"Censo 2022, população residente (data de referência 01/08/2022)";0;0;4,91;0
"3304144";"Queimados";"VSR";2022;1;140523;"Censo 2022, população residente (data de referência 01/08/2022)";0,71;0,67;1,81;0,59
"3304151";"Quissamã";"VSR";2022;0;22393;"Censo 2022, população residente (data de referência 01/08/2022)";0;0;4,07;0
"3304201";"Resende";"VSR";2022;1;129612;"Censo 2022, população residente (data de referência 01/08/2022)";0,77;0,73;1,94;0,73
"3304300";"Rio Bonito";"VSR";2022;4;56276;"Censo 2022, população residente (data de referência 01/08/2022)";7,11;6,77;7,17;6,67
"3304409";"Rio Claro";"VSR";2022;0;17401;"Censo 2022, população residente (data de referência 01/08/2022)";0;0;4,51;0
"3304508";"Rio das Flores";"VSR";2022;2;8954;"Censo 2022, população residente (data de referência 01/08/2022)";22,34;21,59;10,9;22,12
"3304524";"Rio das Ostras";"VSR";2022;10;156491;"Censo 2022, população residente (data de referência 01/08/2022)";6,39;5,95;6,53;5,86
"3304557";"Rio de Janeiro";"VSR";2022;654;6211223;"Censo 2022, população residente (data de referência 01/08/2022)";10,53;9,72;10,51;11,43
"3304607";"Santa Maria Madalena";"VSR";2022;0;10232;"Censo 2022, população residente (data de referência 01/08/2022)";0;0;5,35;0
"3304706";"Santo Antônio de Pádua";"VSR";2022;0;41325;"Censo 2022, população residente (data de referência 01/08/2022)";0;0;2,96;0
"3304805";"São Fidélis";"VSR";2022;0;38961;"Censo 2022, população residente (data de referência 01/08/2022)";0;0;3,07;0
"3304755";"São Francisco de Itabapoana";"VSR";2022;1;45059;"Censo 2022, população residente (data de referência 01/08/2022)";2,22;2,11;4,17;1,65
"3304904";"São Gonçalo";"VSR";2022;42;896744;"Censo 2022, população residente (data de referência 01/08/2022)";4,68;4,37;4,76;4,98
"3305000";"São João da Barra";"VSR";2022;2;36573;"Censo 2022, população residente (data de referência 01/08/2022)";5,47;5,17;6,26;5,19
"3305109";"São João de Meriti";"VSR";2022;7;440962;"Censo 2022, população residente (data de referência 01/08/2022)";1,59;1,5;1,93;1,64
"3305133";"São José de Ubá";"VSR";2022;0;7070;"Censo 2022, população residente (data de referência 01/08/2022)";0;0;5,83;0
"3305158";"São José do Vale do Rio Preto";"VSR";2022;0;22080;"Censo 2022, população residente (data de referência 01/08/2022)";0;0;4,09;0
"3305208";"São Pedro da Aldeia";"VSR";2022;2;104029;"Censo 2022, população residente (data de referência 01/08/2022)";1,92;1,81;3,07;1,65
"3305307";"São Sebastião do Alto";"VSR";2022;0;7750;"Censo 2022, população residente (data de referência 01/08/2022)";0;0;5,72;0
"3305406";"Sapucaia";"VSR";2022;0;17729;"Censo 2022, população residente (data de referência 01/08/2022)";0;0;4,48;0
"3305505";"Saquarema";"VSR";2022;1;89559;"Censo 2022, população residente (data de referência 01/08/2022)";1,12;1,05;2,6;1,11
"3305554";"Seropédica";"VSR";2022;1;80596;"Censo 2022, população residente (data de referência 01/08/2022)";1,24;1,18;2,81;1,06
"3305604";"Silva Jardim";"VSR";2022;0;21352;"Censo 2022, população residente (data de referência 01/08/2022)";0;0;4,15;0
"3305703";"Sumidouro";"VSR";2022;0;15206;"Censo 2022, população residente (data de referência 01/08/2022)";0;0;4,74;0
"3305752";"Tanguá";"VSR";2022;1;31086;"Censo 2022, população residente (data de referência 01/08/2022)";3,22;3,04;5,15;2,78
"3305802";"Teresópolis";"VSR";2022;0;165123;"Censo 2022, população residente (data de referência 01/08/2022)";0;0;1,07;0
"3305901";"Trajano de Moraes";"VSR";2022;0;10302;"Censo 2022, população residente (data de referência 01/08/2022)";0;0;5,34;0
"3306008";"Três Rios";"VSR";2022;1;78346;"Censo 2022, população residente (data de referência 01/08/2022)";1,28;1,22;2,87;1,12
"3306107";"Valença";"VSR";2022;27;68088;"Censo 2022, população residente (data de referência 01/08/2022)";39,65;37,78;30,14;40,84
"3306156";"Varre-Sai";"VSR";2022;1;10207;"Censo 2022, população residente (data de referência 01/08/2022)";9,8;9,47;7,95;6,02
"3306206";"Vassouras";"VSR";2022;0;33976;"Censo 2022, população residente (data de referência 01/08/2022)";0;0;3,31;0
"3306305";"Volta Redonda";"VSR";2022;10;261563;"Censo 2022, população residente (data de referência 01/08/2022)";3,82;3,57;4,16;3,97
"3300100";"Angra dos Reis";"VSR";2023;12;173010;"interpolação linear (peso 0.4771) entre 2022-08-01 e 2024-07-01";6,94;6,7;6,82;6
"3300159";"Aperibé";"VSR";2023;0;11218;"interpolação linear (peso 0.4771) entre 2022-08-01 e 2024-07-01";0;0;3,21;0
"3300209";"Araruama";"VSR";2023;4;133537;"interpolação linear (peso 0.4771) entre 2022-08-01 e 2024-07-01";3;2,9;3,26;2,84
"3300225";"Areal";"VSR";2023;1;12023;"interpolação linear (peso 0.4771) entre 2022-08-01 e 2024-07-01";8,32;8,17;6,76;7,01
"3300233";"Armação dos Búzios";"VSR";2023;0;41168;"interpolação linear (peso 0.4771) entre 2022-08-01 e 2024-07-01";0;0;1,51;0
"3300258";"Arraial do Cabo";"VSR";2023;0;31849;"interpolação linear (peso 0.4771) entre 2022-08-01 e 2024-07-01";0;0;1,81;0
"3300308";"Barra do Piraí";"VSR";2023;6;95564;"interpolação linear (peso 0.4771) entre 2022-08-01 e 2024-07-01";6,28;6,09;6,18;5,74
"3300407";"Barra Mansa";"VSR";2023;1;175521;"interpolação linear (peso 0.4771) entre 2022-08-01 e 2024-07-01";0,57;0,55;0,97;0,57
"3300456";"Belford Roxo";"VSR";2023;13;499871;"interpolação linear (peso 0.4771) entre 2022-08-01 e 2024-07-01";2,6;2,51;2,69;2,29
"3300506";"Bom Jardim";"VSR";2023;2;28882;"interpolação linear (peso 0.4771) entre 2022-08-01 e 2024-07-01";6,92;6,73;6,44;6,69
"3300605";"Bom Jesus do Itabapoana";"VSR";2023;0;36127;"interpolação linear (peso 0.4771) entre 2022-08-01 e 2024-07-01";0;0;1,66;0
"3300704";"Cabo Frio";"VSR";2023;5;229798;"interpolação linear (peso 0.4771) entre 2022-08-01 e 2024-07-01";2,18;2,1;2,39;2,09
"3300803";"Cachoeiras de Macacu";"VSR";2023;9;58324;"interpolação linear (peso 0.4771) entre 2022-08-01 e 2024-07-01";15,43;15,04;13,36;14,17
"3300902";"Cambuci";"VSR";2023;0;14833;"interpolação linear (peso 0.4771) entre 2022-08-01 e 2024-07-01";0;0;2,83;0
"3301009";"Campos dos Goytacazes";"VSR";2023;31;500465;"interpolação linear (peso 0.4771) entre 2022-08-01 e 2024-07-01";6,19;5,97;6,17;5,18
"3301108";"Cantagalo";"VSR";2023;0;19679;"interpolação linear (peso 0.4771) entre 2022-08-01 e 2024-07-01";0;0;2,44;0
"3300936";"Carapebus";"VSR";2023;0;14075;"interpolação linear (peso 0.4771) entre 2022-08-01 e 2024-07-01";0;0;2,9;0
"3301157";"Cardoso Moreira";"VSR";2023;0;13170;"interpolação linear (peso 0.4771) entre 2022-08-01 e 2024-07-01";0;0;2,99;0
"3301207";"Carmo";"VSR";2023;0;17457;"interpolação linear (peso 0.4771) entre 2022-08-01 e 2024-07-01";0;0;2,6;0
"3301306";"Casimiro de Abreu";"VSR";2023;1;47280;"interpolação linear (peso 0.4771) entre 2022-08-01 e 2024-07-01";2,12;2,06;2,96;1,78
"3300951";"Comendador Levy Gasparian";"VSR";2023;0;8886;"interpolação linear (peso 0.4771) entre 2022-08-01 e 2024-07-01";0;0;3,52;0
"3301405";"Conceição de Macabu";"VSR";2023;1;21421;"interpolação linear (peso 0.4771) entre 2022-08-01 e 2024-07-01";4,67;4,59;5,04;3,5
"3301504";"Cordeiro";"VSR";2023;0;21098;"interpolação linear (peso 0.4771) entre 2022-08-01 e 2024-07-01";0;0;2,34;0
"3301603";"Duas Barras";"VSR";2023;0;11158;"interpolação linear (peso 0.4771) entre 2022-08-01 e 2024-07-01";0;0;3,22;0
"3301702";"Duque de Caxias";"VSR";2023;26;835924;"interpolação linear (peso 0.4771) entre 2022-08-01 e 2024-07-01";3,11;3;3,15;2,78
"3301801";"Engenheiro Paulo de Frontin";"VSR";2023;1;12436;"interpolação linear (peso 0.4771) entre 2022-08-01 e 2024-07-01";8,04;7,91;6,66;8,54
"3301850";"Guapimirim";"VSR";2023;0;52938;"interpolação linear (peso 0.4771) entre 2022-08-01 e 2024-07-01";0;0;1,25;0
"3301876";"Iguaba Grande";"VSR";2023;0;28711;"interpolação linear (peso 0.4771) entre 2022-08-01 e 2024-07-01";0;0;1,94;0
"3301900";"Itaboraí";"VSR";2023;14;231793;"interpolação linear (peso 0.4771) entre 2022-08-01 e 2024-07-01";6,04;5,83;6,01;5,36
"3302007";"Itaguaí";"VSR";2023;5;120247;"interpolação linear (peso 0.4771) entre 2022-08-01 e 2024-07-01";4,16;4,03;4,32;3,42
"3302056";"Italva";"VSR";2023;0;14285;"interpolação linear (peso 0.4771) entre 2022-08-01 e 2024-07-01";0;0;2,88;0
"3302106";"Itaocara";"VSR";2023;0;23264;"interpolação linear (peso 0.4771) entre 2022-08-01 e 2024-07-01";0;0;2,21;0
"3302205";"Itaperuna";"VSR";2023;0;104002;"interpolação linear (peso 0.4771) entre 2022-08-01 e 2024-07-01";0;0;0,72;0
"3302254";"Itatiaia";"VSR";2023;0;31760;"interpolação linear (peso 0.4771) entre 2022-08-01 e 2024-07-01";0;0;1,81;0
"3302270";"Japeri";"VSR";2023;3;99085;"interpolação linear (peso 0.4771) entre 2022-08-01 e 2024-07-01";3,03;2,94;3,37;2,8
"3302304";"Laje do Muriaé";"VSR";2023;0;7454;"interpolação linear (peso 0.4771) entre 2022-08-01 e 2024-07-01";0;0;3,74;0
"3302403";"Macaé";"VSR";2023;5;254859;"interpolação linear (peso 0.4771) entre 2022-08-01 e 2024-07-01";1,96;1,89;2,17;1,8
"3302452";"Macuco";"VSR";2023;0;5504;"interpolação linear (peso 0.4771) entre 2022-08-01 e 2024-07-01";0;0;4,09;0
"3302502";"Magé";"VSR";2023;5;235745;"interpolação linear (peso 0.4771) entre 2022-08-01 e 2024-07-01";2,12;2,05;2,33;1,81
"3302601";"Mangaratiba";"VSR";2023;1;42367;"interpolação linear (peso 0.4771) entre 2022-08-01 e 2024-07-01";2,36;2,29;3,21;2,3
"3302700";"Maricá";"VSR";2023;12;204295;"interpolação linear (peso 0.4771) entre 2022-08-01 e 2024-07-01";5,87;5,66;5,85;6,09
"3302809";"Mendes";"VSR";2023;0;17763;"interpolação linear (peso 0.4771) entre 2022-08-01 e 2024-07-01";0;0;2,58;0
"3302858";"Mesquita";"VSR";2023;4;172698;"interpolação linear (peso 0.4771) entre 2022-08-01 e 2024-07-01";2,32;2,24;2,58;2,26
"3302908";"Miguel Pereira";"VSR";2023;0;27317;"interpolação linear (peso 0.4771) entre 2022-08-01 e 2024-07-01";0;0;2;0
"3303005";"Miracema";"VSR";2023;0;27611;"interpolação linear (peso 0.4771) entre 2022-08-01 e 2024-07-01";0;0;1,99;0
"3303104";"Natividade";"VSR";2023;0;15301;"interpolação linear (peso 0.4771) entre 2022-08-01 e 2024-07-01";0;0;2,78;0
"3303203";"Nilópolis";"VSR";2023;2;150959;"interpolação linear (peso 0.4771) entre 2022-08-01 e 2024-07-01";1,32;1,29;1,72;1,37
"3303302";"Niterói";"VSR";2023;86;498435;"interpolação linear (peso 0.4771) entre 2022-08-01 e 2024-07-01";17,25;16,64;16,9;20,43
"3303401";"Nova Friburgo";"VSR";2023;8;196327;"interpolação linear (peso 0.4771) entre 2022-08-01 e 2024-07-01";4,07;3,93;4,18;4,56
"3303500";"Nova Iguaçu";"VSR";2023;17;813150;"interpolação linear (peso 0.4771) entre 2022-08-01 e 2024-07-01";2,09;2,02;2,15;1,93
"3303609";"Paracambi";"VSR";2023;0;42463;"interpolação linear (peso 0.4771) entre 2022-08-01 e 2024-07-01";0;0;1,48;0
"3303708";"Paraíba do Sul";"VSR";2023;0;43210;"interpolação linear (peso 0.4771) entre 2022-08-01 e 2024-07-01";0;0;1,46;0
"3303807";"Paraty";"VSR";2023;0;46374;"interpolação linear (peso 0.4771) entre 2022-08-01 e 2024-07-01";0;0;1,38;0
"3303856";"Paty do Alferes";"VSR";2023;0;30443;"interpolação linear (peso 0.4771) entre 2022-08-01 e 2024-07-01";0;0;1,86;0
"3303906";"Petrópolis";"VSR";2023;131;286564;"interpolação linear (peso 0.4771) entre 2022-08-01 e 2024-07-01";45,71;44,41;43,66;48,75
"3303955";"Pinheiral";"VSR";2023;1;24674;"interpolação linear (peso 0.4771) entre 2022-08-01 e 2024-07-01";4,05;3,99;4,63;3,85
"3304003";"Piraí";"VSR";2023;1;28228;"interpolação linear (peso 0.4771) entre 2022-08-01 e 2024-07-01";3,54;3,44;4,25;2,88
"3304102";"Porciúncula";"VSR";2023;0;17548;"interpolação linear (peso 0.4771) entre 2022-08-01 e 2024-07-01";0;0;2,59;0
"3304110";"Porto Real";"VSR";2023;0;20703;"interpolação linear (peso 0.4771) entre 2022-08-01 e 2024-07-01";0;0;2,37;0
"3304128";"Quatis";"VSR";2023;0;13909;"interpolação linear (peso 0.4771) entre 2022-08-01 e 2024-07-01";0;0;2,92;0
"3304144";"Queimados";"VSR";2023;5;144612;"interpolação linear (peso 0.4771) entre 2022-08-01 e 2024-07-01";3,46;3,35;3,66;2,91
"3304151";"Quissamã";"VSR";2023;1;22743;"interpolação linear (peso 0.4771) entre 2022-08-01 e 2024-07-01";4,4;4,32;4,86;3,7
"3304201";"Resende";"VSR";2023;1;133429;"interpolação linear (peso 0.4771) entre 2022-08-01 e 2024-07-01";0,75;0,73;1,25;0,76
"3304300";"Rio Bonito";"VSR";2023;6;57630;"interpolação linear (peso 0.4771) entre 2022-08-01 e 2024-07-01";10,41;10,15;9,38;9,43
"3304409";"Rio Claro";"VSR";2023;1;17663;"interpolação linear (peso 0.4771) entre 2022-08-01 e 2024-07-01";5,66;5,57;5,61;5,51
"3304508";"Rio das Flores";"VSR";2023;0;9102;"interpolação linear (peso 0.4771) entre 2022-08-01 e 2024-07-01";0;0;3,49;0
"3304524";"Rio das Ostras";"VSR";2023;1;162030;"interpolação linear (peso 0.4771) entre 2022-08-01 e 2024-07-01";0,62;0,59;1,05;0,56
"3304557";"Rio de Janeiro";"VSR";2023;425;6458703;"interpolação linear (peso 0.4771) entre 2022-08-01 e 2024-07-01";6,58;6,32;6,58;7,18
"3304607";"Santa Maria Madalena";"VSR";2023;1;10398;"interpolação linear (peso 0.4771) entre 2022-08-01 e 2024-07-01";9,62;9,45;7,18;9,57
"3304706";"Santo Antônio de Pádua";"VSR";2023;1;42452;"interpolação linear (peso 0.4771) entre 2022-08-01 e 2024-07-01";2,36;2,29;3,21;2,07
"3304805";"São Fidélis";"VSR";2023;0;40028;"interpolação linear (peso 0.4771) entre 2022-08-01 e 2024-07-01";0;0;1,54;0
"3304755";"São Francisco de Itabapoana";"VSR";2023;0;46161;"interpolação linear (peso 0.4771) entre 2022-08-01 e 2024-07-01";0;0;1,39;0
"3304904";"São Gonçalo";"VSR";2023;45;927237;"interpolação linear (peso 0.4771) entre 2022-08-01 e 2024-07-01";4,85;4,68;4,86;5,18
"3305000";"São João da Barra";"VSR";2023;1;37592;"interpolação linear (peso 0.4771) entre 2022-08-01 e 2024-07-01";2,66;2,58;3,5;2,52
"3305109";"São João de Meriti";"VSR";2023;6;453164;"interpolação linear (peso 0.4771) entre 2022-08-01 e 2024-07-01";1,32;1,29;1,46;1,36
"3305133";"São José de Ubá";"VSR";2023;0;7187;"interpolação linear (peso 0.4771) entre 2022-08-01 e 2024-07-01";0;0;3,78;0
"3305158";"São José do Vale do Rio Preto";"VSR";2023;2;22423;"interpolação linear (peso 0.4771) entre 2022-08-01 e 2024-07-01";8,92;8,77;7,54;6,88
"3305208";"São Pedro da Aldeia";"VSR";2023;1;107143;"interpolação linear (peso 0.4771) entre 2022-08-01 e 2024-07-01";0,93;0,9;1,51;0,87
"3305307";"São Sebastião do Alto";"VSR";2023;0;7869;"interpolação linear (peso 0.4771) entre 2022-08-01 e 2024-07-01";0;0;3,67;0
"3305406";"Sapucaia";"VSR";2023;0;17996;"interpolação linear (peso 0.4771) entre 2022-08-01 e 2024-07-01";0;0;2,56;0
"3305505";"Saquarema";"VSR";2023;3;92251;"interpolação linear (peso 0.4771) entre 2022-08-01 e 2024-07-01";3,25;3,15;3,58;3,22
"3305554";"Seropédica";"VSR";2023;0;82572;"interpolação linear (peso 0.4771) entre 2022-08-01 e 2024-07-01";0;0;0,87;0
"3305604";"Silva Jardim";"VSR";2023;0;21674;"interpolação linear (peso 0.4771) entre 2022-08-01 e 2024-07-01";0;0;2,31;0
"3305703";"Sumidouro";"VSR";2023;0;15437;"interpolação linear (peso 0.4771) entre 2022-08-01 e 2024-07-01";0;0;2,77;0
"3305752";"Tanguá";"VSR";2023;2;31931;"interpolação linear (peso 0.4771) entre 2022-08-01 e 2024-07-01";6,26;6,09;6,03;5,42
"3305802";"Teresópolis";"VSR";2023;2;170643;"interpolação linear (peso 0.4771) entre 2022-08-01 e 2024-07-01";1,17;1,13;1,53;1,15
"3305901";"Trajano de Moraes";"VSR";2023;0;10469;"interpolação linear (peso 0.4771) entre 2022-08-01 e 2024-07-01";0;0;3,3;0
"3306008";"Três Rios";"VSR";2023;0;80233;"interpolação linear (peso 0.4771) entre 2022-08-01 e 2024-07-01";0;0;0,89;0
"3306107";"Valença";"VSR";2023;2;69698;"interpolação linear (peso 0.4771) entre 2022-08-01 e 2024-07-01";2,87;2,8;3,35;2,96
"3306156";"Varre-Sai";"VSR";2023;0;10375;"interpolação linear (peso 0.4771) entre 2022-08-01 e 2024-07-01";0;0;3,31;0
"3306206";"Vassouras";"VSR";2023;1;34896;"interpolação linear (peso 0.4771) entre 2022-08-01 e 2024-07-01";2,87;2,79;3,69;2,5
"3306305";"Volta Redonda";"VSR";2023;6;270311;"interpolação linear (peso 0.4771) entre 2022-08-01 e 2024-07-01";2,22;2,14;2,4;2,31
"3300100";"Angra dos Reis";"VSR";2024;27;179120;"Estimativa da população residente, 1º de julho de 2024";15,07;15,07;14,54;13,44
"3300159";"Aperibé";"VSR";2024;0;11420;"Estimativa da população residente, 1º de julho de 2024";0;0;8,94;0
"3300209";"Araruama";"VSR";2024;10;137773;"Estimativa da população residente, 1º de julho de 2024";7,26;7,26;8,19;6,9
"3300225";"Areal";"VSR";2024;0;12236;"Estimativa da população residente, 1º de julho de 2024";0;0;8,78;0
"3300233";"Armação dos Búzios";"VSR";2024;0;42442;"Estimativa da população residente, 1º de julho de 2024";0;0;5,37;0
"3300258";"Arraial do Cabo";"VSR";2024;2;32794;"Estimativa da população residente, 1º de julho de 2024";6,1;6,1;9,07;6,18
"3300308";"Barra do Piraí";"VSR";2024;29;98501;"Estimativa da população residente, 1º de julho de 2024";29,44;29,44;24,8;27,85
"3300407";"Barra Mansa";"VSR";2024;6;181688;"Estimativa da população residente, 1º de julho de 2024";3,3;3,3;4,69;3,28
"3300456";"Belford Roxo";"VSR";2024;41;518263;"Estimativa da população residente, 1º de julho de 2024";7,91;7,91;8,16;6,93
"3300506";"Bom Jardim";"VSR";2024;0;29736;"Estimativa da população residente, 1º de julho de 2024";0;0;6,42;0
"3300605";"Bom Jesus do Itabapoana";"VSR";2024;0;37172;"Estimativa da população residente, 1º de julho de 2024";0;0;5,76;0
"3300704";"Cabo Frio";"VSR";2024;25;238166;"Estimativa da população residente, 1º de julho de 2024";10,5;10,5;10,67;9,67
"3300803";"Cachoeiras de Macacu";"VSR";2024;14;59837;"Estimativa da população residente, 1º de julho de 2024";23,4;23,4;19,11;21,37
"3300902";"Cambuci";"VSR";2024;0;15070;"Estimativa da população residente, 1º de julho de 2024";0;0;8,29;0
"3301009";"Campos dos Goytacazes";"VSR";2024;46;519011;"Estimativa da população residente, 1º de julho de 2024";8,86;8,86;9,05;7,43
"3301108";"Cantagalo";"VSR";2024;0;19996;"Estimativa da população residente, 1º de julho de 2024";0;0;7,55;0
"3300936";"Carapebus";"VSR";2024;1;14325;"Estimativa da população residente, 1º de julho de 2024";6,98;6,98;10,43;7,27
"3301157";"Cardoso Moreira";"VSR";2024;0;13403;"Estimativa da população residente, 1º de julho de 2024";0;0;8,57;0
"3301207";"Carmo";"VSR";2024;1;17740;"Estimativa da população residente, 1º de julho de 2024";5,64;5,64;9,76;6,06
"3301306";"Casimiro de Abreu";"VSR";2024;8;48563;"Estimativa da população residente, 1º de julho de 2024";16,47;16,47;14,52;14,53
"3300951";"Comendador Levy Gasparian";"VSR";2024;0;9044;"Estimativa da população residente, 1º de julho de 2024";0;0;9,42;0
"3301405";"Conceição de Macabu";"VSR";2024;0;21769;"Estimativa da população residente, 1º de julho de 2024";0;0;7,31;0
"3301504";"Cordeiro";"VSR";2024;1;21444;"Estimativa da população residente, 1º de julho de 2024";4,66;4,66;9,12;4,96
"3301603";"Duas Barras";"VSR";2024;0;11354;"Estimativa da população residente, 1º de julho de 2024";0;0;8,95;0
"3301702";"Duque de Caxias";"VSR";2024;45;866347;"Estimativa da população residente, 1º de julho de 2024";5,19;5,19;5,45;4,67
"3301801";"Engenheiro Paulo de Frontin";"VSR";2024;0;12648;"Estimativa da população residente, 1º de julho de 2024";0;0;8,71;0
"3301850";"Guapimirim";"VSR";2024;1;54300;"Estimativa da população residente, 1º de julho de 2024";1,84;1,84;5,77;1,65
"3301876";"Iguaba Grande";"VSR";2024;1;29577;"Estimativa da população residente, 1º de julho de 2024";3,38;3,38;7,98;3,63
"3301900";"Itaboraí";"VSR";2024;32;240040;"Estimativa da população residente, 1º de julho de 2024";13,33;13,33;13,14;12,14
"3302007";"Itaguaí";"VSR";2024;9;123980;"Estimativa da população residente, 1º de julho de 2024";7,26;7,26;8,27;5,97
"3302056";"Italva";"VSR";2024;0;14517;"Estimativa da população residente, 1º de julho de 2024";0;0;8,38;0
"3302106";"Itaocara";"VSR";2024;0;23643;"Estimativa da população residente, 1º de julho de 2024";0;0;7,08;0
"3302205";"Itaperuna";"VSR";2024;4;107246;"Estimativa da população residente, 1º de julho de 2024";3,73;3,73;5,73;3,68
"3302254";"Itatiaia";"VSR";2024;0;32694;"Estimativa da população residente, 1º de julho de 2024";0;0;6,14;0
"3302270";"Japeri";"VSR";2024;3;102149;"Estimativa da população residente, 1º de julho de 2024";2,94;2,94;5,22;3,28
"3302304";"Laje do Muriaé";"VSR";2024;0;7584;"Estimativa da população residente, 1º de julho de 2024";0;0;9,74;0
"3302403";"Macaé";"VSR";2024;19;264138;"Estimativa da população residente, 1º de julho de 2024";7,19;7,19;7,74;5,91
"3302452";"Macuco";"VSR";2024;0;5601;"Estimativa da população residente, 1º de julho de 2024";0;0;10,21;0
"3302502";"Magé";"VSR";2024;12;244092;"Estimativa da população residente, 1º de julho de 2024";4,92;4,92;5,79;4,21
"3302601";"Mangaratiba";"VSR";2024;1;43624;"Estimativa da população residente, 1º de julho de 2024";2,29;2,29;6,56;2,36
"3302700";"Maricá";"VSR";2024;41;211986;"Estimativa da população residente, 1º de julho de 2024";19,34;19,34;18,27;19,5
"3302809";"Mendes";"VSR";2024;0;18049;"Estimativa da população residente, 1º de julho de 2024";0;0;7,82;0
"3302858";"Mesquita";"VSR";2024;9;178803;"Estimativa da população residente, 1º de julho de 2024";5,03;5,03;6,15;5,03
"3302908";"Miguel Pereira";"VSR";2024;1;28123;"Estimativa da população residente, 1º de julho de 2024";3,56;3,56;8,16;4,89
"3303005";"Miracema";"VSR";2024;1;28411;"Estimativa da população residente, 1º de julho de 2024";3,52;3,52;8,12;2,84
"3303104";"Natividade";"VSR";2024;0;15550;"Estimativa da população residente, 1º de julho de 2024";0;0;8,21;0
"3303203";"Nilópolis";"VSR";2024;15;155544;"Estimativa da população residente, 1º de julho de 2024";9,64;9,64;10,05;10,1
"3303302";"Niterói";"VSR";2024;116;516720;"Estimativa da população residente, 1º de julho de 2024";22,45;22,45;21,77;28,01
"3303401";"Nova Friburgo";"VSR";2024;32;203328;"Estimativa da população residente, 1º de julho de 2024";15,74;15,74;15,16;17,62
"3303500";"Nova Iguaçu";"VSR";2024;72;843046;"Estimativa da população residente, 1º de julho de 2024";8,54;8,54;8,67;7,78
"3303609";"Paracambi";"VSR";2024;0;43656;"Estimativa da população residente, 1º de julho de 2024";0;0;5,29;0
"3303708";"Paraíba do Sul";"VSR";2024;0;44467;"Estimativa da população residente, 1º de julho de 2024";0;0;5,23;0
"3303807";"Paraty";"VSR";2024;1;47614;"Estimativa da população residente, 1º de julho de 2024";2,1;2,1;6,24;1,76
"3303856";"Paty do Alferes";"VSR";2024;0;31345;"Estimativa da população residente, 1º de julho de 2024";0;0;6,26;0
"3303906";"Petrópolis";"VSR";2024;75;294983;"Estimativa da população residente, 1º de julho de 2024";25,43;25,43;23,97;27,07
"3303955";"Pinheiral";"VSR";2024;3;25085;"Estimativa da população residente, 1º de julho de 2024";11,96;11,96;11,88;11,25
"3304003";"Piraí";"VSR";2024;1;29054;"Estimativa da população residente, 1º de julho de 2024";3,44;3,44;8,04;2,8
"3304102";"Porciúncula";"VSR";2024;0;17832;"Estimativa da população residente, 1º de julho de 2024";0;0;7,86;0
"3304110";"Porto Real";"VSR";2024;0;21064;"Estimativa da população residente, 1º de julho de 2024";0;0;7,41;0
"3304128";"Quatis";"VSR";2024;2;14158;"Estimativa da população residente, 1º de julho de 2024";14,13;14,13;12,49;13,57
"3304144";"Queimados";"VSR";2024;12;149093;"Estimativa da população residente, 1º de julho de 2024";8,05;8,05;8,77;6,69
"3304151";"Quissamã";"VSR";2024;1;23126;"Estimativa da população residente, 1º de julho de 2024";4,32;4,32;8,86;3,64
"3304201";"Resende";"VSR";2024;4;137612;"Estimativa da população residente, 1º de julho de 2024";2,91;2,91;4,73;2,81
"3304300";"Rio Bonito";"VSR";2024;26;59113;"Estimativa da população residente, 1º de julho de 2024";43,98;43,98;31,97;41,28
"3304409";"Rio Claro";"VSR";2024;0;17950;"Estimativa da população residente, 1º de julho de 2024";0;0;7,84;0
"3304508";"Rio das Flores";"VSR";2024;1;9264;"Estimativa da população residente, 1º de julho de 2024";10,79;10,79;11,61;10,69
"3304524";"Rio das Ostras";"VSR";2024;17;168099;"Estimativa da população residente, 1º de julho de 2024";10,11;10,11;10,41;9,33
"3304557";"Rio de Janeiro";"VSR";2024;931;6729894;"Estimativa da população residente, 1º de julho de 2024";13,83;13,83;13,82;15,08
"3304607";"Santa Maria Madalena";"VSR";2024;0;10579;"Estimativa da população residente, 1º de julho de 2024";0;0;9,1;0
"3304706";"Santo Antônio de Pádua";"VSR";2024;1;43686;"Estimativa da população residente, 1º de julho de 2024";2,29;2,29;6,55;2,01
"3304805";"São Fidélis";"VSR";2024;1;41197;"Estimativa da população residente, 1º de julho de 2024";2,43;2,43;6,76;2,31
"3304755";"São Francisco de Itabapoana";"VSR";2024;1;47368;"Estimativa da população residente, 1º de julho de 2024";2,11;2,11;6,26;1,57
"3304904";"São Gonçalo";"VSR";2024;202;960652;"Estimativa da população residente, 1º de julho de 2024";21,03;21,03;20,7;22,35
"3305000";"São João da Barra";"VSR";2024;1;38708;"Estimativa da população residente, 1º de julho de 2024";2,58;2,58;6,99;2,45
"3305109";"São João de Meriti";"VSR";2024;37;466536;"Estimativa da população residente, 1º de julho de 2024";7,93;7,93;8,2;8,26
"3305133";"São José de Ubá";"VSR";2024;0;7315;"Estimativa da população residente, 1º de julho de 2024";0;0;9,8;0
"3305158";"São José do Vale do Rio Preto";"VSR";2024;1;22799;"Estimativa da população residente, 1º de julho de 2024";4,39;4,39;8,91;3,13
"3305208";"São Pedro da Aldeia";"VSR";2024;8;110556;"Estimativa da população residente, 1º de julho de 2024";7,24;7,24;8,35;6,2
"3305307";"São Sebastião do Alto";"VSR";2024;0;7999;"Estimativa da população residente, 1º de julho de 2024";0;0;9,64;0
"3305406";"Sapucaia";"VSR";2024;0;18289;"Estimativa da população residente, 1º de julho de 2024";0;0;7,79;0
"3305505";"Saquarema";"VSR";2024;25;95201;"Estimativa da população residente, 1º de julho de 2024";26,26;26,26;22,36;25,77
"3305554";"Seropédica";"VSR";2024;5;84737;"Estimativa da população residente, 1º de julho de 2024";5,9;5,9;7,64;5,07
"3305604";"Silva Jardim";"VSR";2024;4;22026;"Estimativa da população residente, 1º de julho de 2024";18,16;18,16;14,26;15,84
"3305703";"Sumidouro";"VSR";2024;2;15690;"Estimativa da população residente, 1º de julho de 2024";12,75;12,75;12,11;11,09
"3305752";"Tanguá";"VSR";2024;9;32858;"Estimativa da população residente, 1º de julho de 2024";27,39;27,39;19,33;23,86
"3305802";"Teresópolis";"VSR";2024;8;176692;"Estimativa da população residente, 1º de julho de 2024";4,53;4,53;5,74;4,46
"3305901";"Trajano de Moraes";"VSR";2024;1;10652;"Estimativa da população residente, 1º de julho de 2024";9,39;9,39;11,26;8,95
"3306008";"Três Rios";"VSR";2024;1;82300;"Estimativa da população residente, 1º de julho de 2024";1,22;1,22;4,4;1,07
"3306107";"Valença";"VSR";2024;17;71462;"Estimativa da população residente, 1º de julho de 2024";23,79;23,79;19,84;24,61
"3306156";"Varre-Sai";"VSR";2024;0;10559;"Estimativa da população residente, 1º de julho de 2024";0;0;9,1;0
"3306206";"Vassouras";"VSR";2024;0;35904;"Estimativa da população residente, 1º de julho de 2024";0;0;5,86;0
"3306305";"Volta Redonda";"VSR";2024;14;279898;"Estimativa da população residente, 1º de julho de 2024";5;5;5,77;5,19
"3300100";"Angra dos Reis";"VSR";2025;46;179142;"Estimativa da população residente, 1º de julho de 2025";25,68;25,68;25,43;22,08
"3300159";"Aperibé";"VSR";2025;0;11426;"Estimativa da população residente, 1º de julho de 2025";0;0;11,86;0
"3300209";"Araruama";"VSR";2025;33;137906;"Estimativa da população residente, 1º de julho de 2025";23,93;23,95;23,77;22,74
"3300225";"Areal";"VSR";2025;2;12239;"Estimativa da população residente, 1º de julho de 2025";16,34;16,35;19,34;13,78
"3300233";"Armação dos Búzios";"VSR";2025;3;42527;"Estimativa da população residente, 1º de julho de 2025";7,05;7,07;10,62;6,67
"3300258";"Arraial do Cabo";"VSR";2025;3;32822;"Estimativa da população residente, 1º de julho de 2025";9,14;9,15;12,86;9,26
"3300308";"Barra do Piraí";"VSR";2025;53;98506;"Estimativa da população residente, 1º de julho de 2025";53,8;53,81;50,07;50,63
"3300407";"Barra Mansa";"VSR";2025;6;181679;"Estimativa da população residente, 1º de julho de 2025";3,3;3,3;4,58;3,35
"3300456";"Belford Roxo";"VSR";2025;55;518384;"Estimativa da população residente, 1º de julho de 2025";10,61;10,61;10,9;9,38
"3300506";"Bom Jardim";"VSR";2025;0;29758;"Estimativa da população residente, 1º de julho de 2025";0;0;6,79;0
"3300605";"Bom Jesus do Itabapoana";"VSR";2025;0;37176;"Estimativa da população residente, 1º de julho de 2025";0;0;5,79;0
"3300704";"Cabo Frio";"VSR";2025;34;238438;"Estimativa da população residente, 1º de julho de 2025";14,26;14,28;14,67;12,91
"3300803";"Cachoeiras de Macacu";"VSR";2025;15;59861;"Estimativa da população residente, 1º de julho de 2025";25,06;25,07;24,53;23,13
"3300902";"Cambuci";"VSR";2025;0;15069;"Estimativa da população residente, 1º de julho de 2025";0;0;10,33;0
"3301009";"Campos dos Goytacazes";"VSR";2025;52;519259;"Estimativa da população residente, 1º de julho de 2025";10,01;10,02;10,31;8,54
"3301108";"Cantagalo";"VSR";2025;1;19995;"Estimativa da população residente, 1º de julho de 2025";5;5;11,81;4,34
"3300936";"Carapebus";"VSR";2025;0;14329;"Estimativa da população residente, 1º de julho de 2025";0;0;10,61;0
"3301157";"Cardoso Moreira";"VSR";2025;0;13407;"Estimativa da população residente, 1º de julho de 2025";0;0;10,97;0
"3301207";"Carmo";"VSR";2025;9;17741;"Estimativa da população residente, 1º de julho de 2025";50,73;50,73;38,54;51,11
"3301306";"Casimiro de Abreu";"VSR";2025;5;48636;"Estimativa da população residente, 1º de julho de 2025";10,28;10,3;12,81;9,12
"3300951";"Comendador Levy Gasparian";"VSR";2025;0;9048;"Estimativa da população residente, 1º de julho de 2025";0;0;13,12;0
"3301405";"Conceição de Macabu";"VSR";2025;5;21770;"Estimativa da população residente, 1º de julho de 2025";22,97;22,97;22,65;17,21
"3301504";"Cordeiro";"VSR";2025;0;21448;"Estimativa da população residente, 1º de julho de 2025";0;0;8,43;0
"3301603";"Duas Barras";"VSR";2025;1;11355;"Estimativa da população residente, 1º de julho de 2025";8,81;8,81;15,97;8,45
"3301702";"Duque de Caxias";"VSR";2025;101;866225;"Estimativa da população residente, 1º de julho de 2025";11,66;11,66;11,82;10,53
"3301801";"Engenheiro Paulo de Frontin";"VSR";2025;1;12644;"Estimativa da população residente, 1º de julho de 2025";7,91;7,91;15,17;8,39
"3301850";"Guapimirim";"VSR";2025;3;54311;"Estimativa da população residente, 1º de julho de 2025";5,52;5,52;8,77;4,93
"3301876";"Iguaba Grande";"VSR";2025;3;29616;"Estimativa da população residente, 1º de julho de 2025";10,13;10,14;13,83;10,09
"3301900";"Itaboraí";"VSR";2025;67;240127;"Estimativa da população residente, 1º de julho de 2025";27,9;27,91;27,6;26,17
"3302007";"Itaguaí";"VSR";2025;18;124021;"Estimativa da população residente, 1º de julho de 2025";14,51;14,52;15,25;12,01
"3302056";"Italva";"VSR";2025;0;14518;"Estimativa da população residente, 1º de julho de 2025";0;0;10,53;0
"3302106";"Itaocara";"VSR";2025;0;23645;"Estimativa da população residente, 1º de julho de 2025";0;0;7,92;0
"3302205";"Itaperuna";"VSR";2025;16;107297;"Estimativa da população residente, 1º de julho de 2025";14,91;14,92;15,7;14,52
"3302254";"Itatiaia";"VSR";2025;0;32713;"Estimativa da população residente, 1º de julho de 2025";0;0;6,36;0
"3302270";"Japeri";"VSR";2025;6;102171;"Estimativa da população residente, 1º de julho de 2025";5,87;5,87;7,73;5,65
"3302304";"Laje do Muriaé";"VSR";2025;1;7584;"Estimativa da população residente, 1º de julho de 2025";13,19;13,19;18,87;12,24
"3302403";"Macaé";"VSR";2025;156;264439;"Estimativa da população residente, 1º de julho de 2025";58,99;59,06;57,24;48,44
"3302452";"Macuco";"VSR";2025;0;5602;"Estimativa da população residente, 1º de julho de 2025";0;0;15,53;0
"3302502";"Magé";"VSR";2025;61;244142;"Estimativa da população residente, 1º de julho de 2025";24,99;24,99;24,84;21,42
"3302601";"Mangaratiba";"VSR";2025;4;43660;"Estimativa da população residente, 1º de julho de 2025";9,16;9,17;12,17;8,93
"3302700";"Maricá";"VSR";2025;99;212470;"Estimativa da população residente, 1º de julho de 2025";46,59;46,7;45,17;47,56
"3302809";"Mendes";"VSR";2025;3;18048;"Estimativa da população residente, 1º de julho de 2025";16,62;16,62;18,95;18,06
"3302858";"Mesquita";"VSR";2025;32;178830;"Estimativa da população residente, 1º de julho de 2025";17,89;17,9;18,19;17,97
"3302908";"Miguel Pereira";"VSR";2025;0;28142;"Estimativa da população residente, 1º de julho de 2025";0;0;7,06;0
"3303005";"Miracema";"VSR";2025;1;28416;"Estimativa da população residente, 1º de julho de 2025";3,52;3,52;9,42;2,83
"3303104";"Natividade";"VSR";2025;4;15551;"Estimativa da população residente, 1º de julho de 2025";25,72;25,72;24,08;23,87
"3303203";"Nilópolis";"VSR";2025;40;155500;"Estimativa da população residente, 1º de julho de 2025";25,72;25,72;25,44;26,7
"3303302";"Niterói";"VSR";2025;184;516787;"Estimativa da população residente, 1º de julho de 2025";35,6;35,61;35,27;43,7
"3303401";"Nova Friburgo";"VSR";2025;8;203417;"Estimativa da população residente, 1º de julho de 2025";3,93;3,93;5,04;4,38
"3303500";"Nova Iguaçu";"VSR";2025;130;843220;"Estimativa da população residente, 1º de julho de 2025";15,42;15,42;15,52;14,15
"3303609";"Paracambi";"VSR";2025;3;43627;"Estimativa da população residente, 1º de julho de 2025";6,88;6,87;10,42;7,19
"3303708";"Paraíba do Sul";"VSR";2025;0;44479;"Estimativa da população residente, 1º de julho de 2025";0;0;5,06;0
"3303807";"Paraty";"VSR";2025;0;47668;"Estimativa da população residente, 1º de julho de 2025";0;0;4,8;0
"3303856";"Paty do Alferes";"VSR";2025;2;31370;"Estimativa da população residente, 1º de julho de 2025";6,38;6,38;11,04;5,27
"3303906";"Petrópolis";"VSR";2025;239;294926;"Estimativa da população residente, 1º de julho de 2025";81,04;81,02;78,52;86,12
"3303955";"Pinheiral";"VSR";2025;1;25096;"Estimativa da população residente, 1º de julho de 2025";3,98;3,99;10,23;3,79
"3304003";"Piraí";"VSR";2025;3;29066;"Estimativa da população residente, 1º de julho de 2025";10,32;10,33;14,01;9,91
"3304102";"Porciúncula";"VSR";2025;2;17832;"Estimativa da população residente, 1º de julho de 2025";11,22;11,22;15,86;9,58
"3304110";"Porto Real";"VSR";2025;1;21089;"Estimativa da população residente, 1º de julho de 2025";4,74;4,75;11,43;4,1
"3304128";"Quatis";"VSR";2025;1;14165;"Estimativa da população residente, 1º de julho de 2025";7,06;7,06;14,33;6,99
"3304144";"Queimados";"VSR";2025;12;149135;"Estimativa da população residente, 1º de julho de 2025";8,05;8,05;9,19;6,83
"3304151";"Quissamã";"VSR";2025;0;23142;"Estimativa da população residente, 1º de julho de 2025";0;0;8,03;0
"3304201";"Resende";"VSR";2025;24;137697;"Estimativa da população residente, 1º de julho de 2025";17,43;17,44;17,84;17,11
"3304300";"Rio Bonito";"VSR";2025;23;59126;"Estimativa da população residente, 1º de julho de 2025";38,9;38,91;35,84;35,61
"3304409";"Rio Claro";"VSR";2025;1;17951;"Estimativa da população residente, 1º de julho de 2025";5,57;5,57;12,58;5,42
"3304508";"Rio das Flores";"VSR";2025;2;9267;"Estimativa da população residente, 1º de julho de 2025";21,58;21,59;21,91;21,38
"3304524";"Rio das Ostras";"VSR";2025;23;168455;"Estimativa da população residente, 1º de julho de 2025";13,65;13,68;14,27;12,74
"3304557";"Rio de Janeiro";"VSR";2025;1539;6730729;"Estimativa da população residente, 1º de julho de 2025";22,87;22,87;22,86;24,97
"3304607";"Santa Maria Madalena";"VSR";2025;0;10580;"Estimativa da população residente, 1º de julho de 2025";0;0;12,28;0
"3304706";"Santo Antônio de Pádua";"VSR";2025;2;43697;"Estimativa da população residente, 1º de julho de 2025";4,58;4,58;8,65;4,13
"3304805";"São Fidélis";"VSR";2025;2;41212;"Estimativa da população residente, 1º de julho de 2025";4,85;4,85;9,04;4,7
"3304755";"São Francisco de Itabapoana";"VSR";2025;3;47397;"Estimativa da população residente, 1º de julho de 2025";6,33;6,33;9,77;5,27
"3304904";"São Gonçalo";"VSR";2025;388;960196;"Estimativa da população residente, 1º de julho de 2025";40,41;40,39;40,16;43,06
"3305000";"São João da Barra";"VSR";2025;1;38740;"Estimativa da população residente, 1º de julho de 2025";2,58;2,58;7,55;2,45
"3305109";"São João de Meriti";"VSR";2025;122;466503;"Estimativa da população residente, 1º de julho de 2025";26,15;26,15;26,04;27,17
"3305133";"São José de Ubá";"VSR";2025;1;7318;"Estimativa da população residente, 1º de julho de 2025";13,66;13,67;19,11;11,07
"3305158";"São José do Vale do Rio Preto";"VSR";2025;1;22813;"Estimativa da população residente, 1º de julho de 2025";4,38;4,39;10,88;3,13
"3305208";"São Pedro da Aldeia";"VSR";2025;16;110677;"Estimativa da população residente, 1º de julho de 2025";14,46;14,47;15,27;12,41
"3305307";"São Sebastião do Alto";"VSR";2025;1;7993;"Estimativa da população residente, 1º de julho de 2025";12,51;12,5;18,5;11,66
"3305406";"Sapucaia";"VSR";2025;0;18291;"Estimativa da população residente, 1º de julho de 2025";0;0;9,27;0
"3305505";"Saquarema";"VSR";2025;10;95315;"Estimativa da população residente, 1º de julho de 2025";10,49;10,5;11,91;10,39
"3305554";"Seropédica";"VSR";2025;9;84794;"Estimativa da população residente, 1º de julho de 2025";10,61;10,62;12,16;9,05
"3305604";"Silva Jardim";"VSR";2025;9;22028;"Estimativa da população residente, 1º de julho de 2025";40,86;40,86;33,85;35,84
"3305703";"Sumidouro";"VSR";2025;4;15693;"Estimativa da população residente, 1º de julho de 2025";25,49;25,49;23,96;21,89
"3305752";"Tanguá";"VSR";2025;13;32865;"Estimativa da população residente, 1º de julho de 2025";39,56;39,56;34,57;34,76
"3305802";"Teresópolis";"VSR";2025;12;176735;"Estimativa da população residente, 1º de julho de 2025";6,79;6,79;7,85;6,67
"3305901";"Trajano de Moraes";"VSR";2025;0;10654;"Estimativa da população residente, 1º de julho de 2025";0;0;12,24;0
"3306008";"Três Rios";"VSR";2025;8;82319;"Estimativa da população residente, 1º de julho de 2025";9,72;9,72;11,43;8,65
"3306107";"Valença";"VSR";2025;22;71449;"Estimativa da população residente, 1º de julho de 2025";30,79;30,79;29,44;31,83
"3306156";"Varre-Sai";"VSR";2025;2;10563;"Estimativa da população residente, 1º de julho de 2025";18,93;18,94;20,71;11,63
"3306206";"Vassouras";"VSR";2025;6;35907;"Estimativa da população residente, 1º de julho de 2025";16,71;16,71;18,17;14,57
"3306305";"Volta Redonda";"VSR";2025;43;279971;"Estimativa da população residente, 1º de julho de 2025";15,36;15,36;15,66;16,01
