"codigo_ibge";"municipio";"agente";"ano";"taxa_suavizada_100mil";"quadrante";"nivel";"categoria";"p_permutacao";"p_corrigido_fdr";"um_unico_vizinho"
"3300100";"Angra dos Reis";"Influenza";2022;0,75;"Baixo-Baixo";"ns";"Não significativo";0,859;0,923;"não"
"3300159";"Aperibé";"Influenza";2022;1,38;"Baixo-Baixo";"ns";"Não significativo";0,694;0,908;"não"
"3300209";"Araruama";"Influenza";2022;6,46;"Alto-Alto";"ns";"Não significativo";0,676;0,908;"não"
"3300225";"Areal";"Influenza";2022;1,34;"Baixo-Alto";"ns";"Não significativo";0,629;0,908;"não"
"3300233";"Armação dos Búzios";"Influenza";2022;0,66;"Baixo-Baixo";"ns";"Não significativo";0,617;0,908;"sim"
"3300258";"Arraial do Cabo";"Influenza";2022;0,79;"Baixo-Alto";"ns";"Não significativo";0,721;0,908;"não"
"3300308";"Barra do Piraí";"Influenza";2022;2,19;"Baixo-Alto";"ns";"Não significativo";0,18;0,551;"não"
"3300407";"Barra Mansa";"Influenza";2022;1,28;"Baixo-Alto";"indicativo";"Baixo-Alto (indicativo)";0,012;0,179;"não"
"3300456";"Belford Roxo";"Influenza";2022;0,67;"Baixo-Baixo";"ns";"Não significativo";0,0794;0,462;"não"
"3300506";"Bom Jardim";"Influenza";2022;0,84;"Baixo-Alto";"ns";"Não significativo";0,295;0,675;"não"
"3300605";"Bom Jesus do Itabapoana";"Influenza";2022;0,72;"Baixo-Baixo";"ns";"Não significativo";0,226;0,589;"não"
"3300704";"Cabo Frio";"Influenza";2022;1;"Baixo-Alto";"ns";"Não significativo";0,637;0,908;"não"
"3300803";"Cachoeiras de Macacu";"Influenza";2022;3,28;"Alto-Alto";"ns";"Não significativo";0,321;0,686;"não"
"3300902";"Cambuci";"Influenza";2022;1,22;"Baixo-Baixo";"ns";"Não significativo";0,173;0,551;"não"
"3301009";"Campos dos Goytacazes";"Influenza";2022;1,68;"Baixo-Baixo";"ns";"Não significativo";0,0836;0,462;"não"
"3301108";"Cantagalo";"Influenza";2022;6,84;"Alto-Baixo";"ns";"Não significativo";0,867;0,923;"não"
"3300936";"Carapebus";"Influenza";2022;1,25;"Baixo-Alto";"ns";"Não significativo";0,174;0,551;"não"
"3301157";"Cardoso Moreira";"Influenza";2022;1,29;"Baixo-Baixo";"ns";"Não significativo";0,493;0,856;"não"
"3301207";"Carmo";"Influenza";2022;10,39;"Alto-Alto";"ns";"Não significativo";0,42;0,789;"não"
"3301306";"Casimiro de Abreu";"Influenza";2022;7,12;"Alto-Alto";"indicativo";"Alto-Alto (indicativo)";0,0096;0,179;"não"
"3300951";"Comendador Levy Gasparian";"Influenza";2022;1,52;"Baixo-Baixo";"ns";"Não significativo";0,895;0,925;"não"
"3301405";"Conceição de Macabu";"Influenza";2022;1;"Baixo-Alto";"ns";"Não significativo";0,416;0,789;"não"
"3301504";"Cordeiro";"Influenza";2022;1,01;"Baixo-Baixo";"ns";"Não significativo";0,991;0,991;"não"
"3301603";"Duas Barras";"Influenza";2022;1,39;"Baixo-Alto";"ns";"Não significativo";0,0996;0,462;"não"
"3301702";"Duque de Caxias";"Influenza";2022;1,87;"Baixo-Baixo";"ns";"Não significativo";0,678;0,908;"não"
"3301801";"Engenheiro Paulo de Frontin";"Influenza";2022;1,32;"Baixo-Alto";"ns";"Não significativo";0,244;0,607;"não"
"3301850";"Guapimirim";"Influenza";2022;0,54;"Baixo-Alto";"ns";"Não significativo";0,758;0,917;"não"
"3301876";"Iguaba Grande";"Influenza";2022;3,16;"Alto-Alto";"ns";"Não significativo";0,692;0,908;"não"
"3301900";"Itaboraí";"Influenza";2022;0,57;"Baixo-Baixo";"ns";"Não significativo";0,561;0,893;"não"
"3302007";"Itaguaí";"Influenza";2022;1,03;"Baixo-Baixo";"ns";"Não significativo";0,867;0,923;"não"
"3302056";"Italva";"Influenza";2022;1,24;"Baixo-Baixo";"ns";"Não significativo";0,0834;0,462;"não"
"3302106";"Itaocara";"Influenza";2022;0,95;"Baixo-Baixo";"ns";"Não significativo";0,882;0,923;"não"
"3302205";"Itaperuna";"Influenza";2022;0,31;"Baixo-Baixo";"ns";"Não significativo";0,14;0,535;"não"
"3302254";"Itatiaia";"Influenza";2022;2,96;"Baixo-Alto";"indicativo";"Baixo-Alto (indicativo)";0,01;0,179;"sim"
"3302270";"Japeri";"Influenza";2022;0,33;"Baixo-Baixo";"ns";"Não significativo";0,973;0,983;"não"
"3302304";"Laje do Muriaé";"Influenza";2022;1,61;"Baixo-Baixo";"ns";"Não significativo";0,0714;0,462;"não"
"3302403";"Macaé";"Influenza";2022;18,49;"Alto-Alto";"ns";"Não significativo";0,127;0,531;"não"
"3302452";"Macuco";"Influenza";2022;1,76;"Baixo-Baixo";"ns";"Não significativo";0,856;0,923;"não"
"3302502";"Magé";"Influenza";2022;1,79;"Baixo-Alto";"ns";"Não significativo";0,573;0,893;"não"
"3302601";"Mangaratiba";"Influenza";2022;0,64;"Baixo-Baixo";"ns";"Não significativo";0,938;0,959;"não"
"3302700";"Maricá";"Influenza";2022;0,64;"Baixo-Baixo";"ns";"Não significativo";0,224;0,589;"não"
"3302809";"Mendes";"Influenza";2022;1,11;"Baixo-Alto";"ns";"Não significativo";0,231;0,589;"não"
"3302858";"Mesquita";"Influenza";2022;0,2;"Baixo-Baixo";"indicativo";"Baixo-Baixo (indicativo)";0,0438;0,336;"não"
"3302908";"Miguel Pereira";"Influenza";2022;0,87;"Baixo-Alto";"ns";"Não significativo";0,357;0,74;"não"
"3303005";"Miracema";"Influenza";2022;0,86;"Baixo-Baixo";"ns";"Não significativo";0,548;0,893;"não"
"3303104";"Natividade";"Influenza";2022;1,2;"Baixo-Baixo";"ns";"Não significativo";0,1;0,462;"não"
"3303203";"Nilópolis";"Influenza";2022;0,84;"Baixo-Baixo";"indicativo";"Baixo-Baixo (indicativo)";0,033;0,318;"não"
"3303302";"Niterói";"Influenza";2022;2,29;"Baixo-Baixo";"ns";"Não significativo";0,151;0,535;"não"
"3303401";"Nova Friburgo";"Influenza";2022;17,24;"Alto-Alto";"ns";"Não significativo";0,192;0,57;"não"
"3303500";"Nova Iguaçu";"Influenza";2022;1,04;"Baixo-Baixo";"indicativo";"Baixo-Baixo (indicativo)";0,0022;0,179;"não"
"3303609";"Paracambi";"Influenza";2022;9,49;"Alto-Baixo";"ns";"Não significativo";0,146;0,535;"não"
"3303708";"Paraíba do Sul";"Influenza";2022;0,63;"Baixo-Alto";"ns";"Não significativo";0,468;0,828;"não"
"3303807";"Paraty";"Influenza";2022;0,6;"Baixo-Baixo";"ns";"Não significativo";0,37;0,74;"sim"
"3303856";"Paty do Alferes";"Influenza";2022;0,81;"Baixo-Alto";"ns";"Não significativo";0,301;0,675;"não"
"3303906";"Petrópolis";"Influenza";2022;8,29;"Alto-Baixo";"ns";"Não significativo";0,169;0,551;"não"
"3303955";"Pinheiral";"Influenza";2022;3,45;"Alto-Baixo";"ns";"Não significativo";0,746;0,917;"não"
"3304003";"Piraí";"Influenza";2022;3,2;"Alto-Alto";"ns";"Não significativo";0,716;0,908;"não"
"3304102";"Porciúncula";"Influenza";2022;1,12;"Baixo-Baixo";"ns";"Não significativo";0,753;0,917;"não"
"3304110";"Porto Real";"Influenza";2022;3,84;"Alto-Alto";"indicativo";"Alto-Alto (indicativo)";0,0156;0,179;"não"
"3304128";"Quatis";"Influenza";2022;8,19;"Alto-Alto";"indicativo";"Alto-Alto (indicativo)";0,0122;0,179;"não"
"3304144";"Queimados";"Influenza";2022;0,23;"Baixo-Baixo";"indicativo";"Baixo-Baixo (indicativo)";0,0146;0,179;"não"
"3304151";"Quissamã";"Influenza";2022;0,97;"Baixo-Baixo";"ns";"Não significativo";0,566;0,893;"não"
"3304201";"Resende";"Influenza";2022;24,43;"Alto-Alto";"ns";"Não significativo";0,391;0,765;"não"
"3304300";"Rio Bonito";"Influenza";2022;4,71;"Alto-Alto";"ns";"Não significativo";0,713;0,908;"não"
"3304409";"Rio Claro";"Influenza";2022;4,19;"Alto-Baixo";"ns";"Não significativo";0,549;0,893;"não"
"3304508";"Rio das Flores";"Influenza";2022;1,5;"Baixo-Alto";"ns";"Não significativo";0,0918;0,462;"não"
"3304524";"Rio das Ostras";"Influenza";2022;5,45;"Alto-Alto";"indicativo";"Alto-Alto (indicativo)";0,0346;0,318;"não"
"3304557";"Rio de Janeiro";"Influenza";2022;1,44;"Baixo-Baixo";"indicativo";"Baixo-Baixo (indicativo)";0,0132;0,179;"não"
"3304607";"Santa Maria Madalena";"Influenza";2022;1,43;"Baixo-Baixo";"ns";"Não significativo";0,309;0,678;"não"
"3304706";"Santo Antônio de Pádua";"Influenza";2022;2,41;"Baixo-Baixo";"ns";"Não significativo";0,771;0,921;"não"
"3304805";"São Fidélis";"Influenza";2022;0,67;"Baixo-Baixo";"ns";"Não significativo";0,228;0,589;"não"
"3304755";"São Francisco de Itabapoana";"Influenza";2022;3,92;"Alto-Baixo";"ns";"Não significativo";0,643;0,908;"não"
"3304904";"São Gonçalo";"Influenza";2022;0,81;"Baixo-Baixo";"ns";"Não significativo";0,458;0,827;"não"
"3305000";"São João da Barra";"Influenza";2022;0,7;"Baixo-Baixo";"ns";"Não significativo";0,672;0,908;"não"
"3305109";"São João de Meriti";"Influenza";2022;0,3;"Baixo-Baixo";"ns";"Não significativo";0,123;0,531;"não"
"3305133";"São José de Ubá";"Influenza";2022;1,63;"Baixo-Baixo";"ns";"Não significativo";0,363;0,74;"não"
"3305158";"São José do Vale do Rio Preto";"Influenza";2022;0,97;"Baixo-Alto";"ns";"Não significativo";0,534;0,893;"não"
"3305208";"São Pedro da Aldeia";"Influenza";2022;1,98;"Baixo-Baixo";"ns";"Não significativo";0,803;0,923;"não"
"3305307";"São Sebastião do Alto";"Influenza";2022;1,58;"Baixo-Baixo";"ns";"Não significativo";0,793;0,923;"não"
"3305406";"Sapucaia";"Influenza";2022;7,19;"Alto-Alto";"ns";"Não significativo";0,436;0,803;"não"
"3305505";"Saquarema";"Influenza";2022;1,3;"Baixo-Alto";"ns";"Não significativo";0,718;0,908;"não"
"3305554";"Seropédica";"Influenza";2022;0,38;"Baixo-Baixo";"ns";"Não significativo";0,852;0,923;"não"
"3305604";"Silva Jardim";"Influenza";2022;6,47;"Alto-Alto";"indicativo";"Alto-Alto (indicativo)";0,0418;0,336;"não"
"3305703";"Sumidouro";"Influenza";2022;1,19;"Baixo-Alto";"ns";"Não significativo";0,0878;0,462;"não"
"3305752";"Tanguá";"Influenza";2022;0,78;"Baixo-Baixo";"ns";"Não significativo";0,787;0,923;"não"
"3305802";"Teresópolis";"Influenza";2022;1,31;"Baixo-Alto";"ns";"Não significativo";0,209;0,589;"não"
"3305901";"Trajano de Moraes";"Influenza";2022;1,42;"Baixo-Alto";"ns";"Não significativo";0,136;0,535;"não"
"3306008";"Três Rios";"Influenza";2022;3,6;"Alto-Alto";"ns";"Não significativo";0,675;0,908;"não"
"3306107";"Valença";"Influenza";2022;13,65;"Alto-Alto";"ns";"Não significativo";0,273;0,661;"não"
"3306156";"Varre-Sai";"Influenza";2022;1,43;"Baixo-Baixo";"ns";"Não significativo";0,299;0,675;"não"
"3306206";"Vassouras";"Influenza";2022;10,92;"Alto-Baixo";"ns";"Não significativo";0,88;0,923;"não"
"3306305";"Volta Redonda";"Influenza";2022;3,38;"Alto-Baixo";"ns";"Não significativo";0,842;0,923;"não"
"3300100";"Angra dos Reis";"Influenza";2023;9,87;"Alto-Baixo";"ns";"Não significativo";0,0674;0,469;"não"
"3300159";"Aperibé";"Influenza";2023;3,02;"Baixo-Baixo";"ns";"Não significativo";0,152;0,501;"não"
"3300209";"Araruama";"Influenza";2023;6,2;"Alto-Alto";"ns";"Não significativo";0,132;0,501;"não"
"3300225";"Areal";"Influenza";2023;7,4;"Alto-Alto";"ns";"Não significativo";0,554;0,841;"não"
"3300233";"Armação dos Búzios";"Influenza";2023;3,15;"Baixo-Alto";"ns";"Não significativo";0,429;0,73;"sim"
"3300258";"Arraial do Cabo";"Influenza";2023;2,06;"Baixo-Alto";"ns";"Não significativo";0,419;0,73;"não"
"3300308";"Barra do Piraí";"Influenza";2023;7,26;"Alto-Baixo";"ns";"Não significativo";0,97;0,98;"não"
"3300407";"Barra Mansa";"Influenza";2023;2,08;"Baixo-Alto";"ns";"Não significativo";0,131;0,501;"não"
"3300456";"Belford Roxo";"Influenza";2023;1,19;"Baixo-Baixo";"indicativo";"Baixo-Baixo (indicativo)";0,0366;0,469;"não"
"3300506";"Bom Jardim";"Influenza";2023;3,77;"Baixo-Alto";"indicativo";"Baixo-Alto (indicativo)";0,025;0,46;"não"
"3300605";"Bom Jesus do Itabapoana";"Influenza";2023;1,93;"Baixo-Baixo";"ns";"Não significativo";0,406;0,73;"não"
"3300704";"Cabo Frio";"Influenza";2023;6,59;"Alto-Baixo";"ns";"Não significativo";0,855;0,943;"não"
"3300803";"Cachoeiras de Macacu";"Influenza";2023;2,56;"Baixo-Alto";"ns";"Não significativo";0,153;0,501;"não"
"3300902";"Cambuci";"Influenza";2023;2,79;"Baixo-Baixo";"ns";"Não significativo";0,114;0,499;"não"
"3301009";"Campos dos Goytacazes";"Influenza";2023;3,06;"Baixo-Baixo";"ns";"Não significativo";0,914;0,973;"não"
"3301108";"Cantagalo";"Influenza";2023;6,32;"Alto-Baixo";"ns";"Não significativo";0,783;0,924;"não"
"3300936";"Carapebus";"Influenza";2023;4,95;"Alto-Alto";"indicativo";"Alto-Alto (indicativo)";0,019;0,46;"não"
"3301157";"Cardoso Moreira";"Influenza";2023;5,05;"Alto-Baixo";"ns";"Não significativo";0,285;0,63;"não"
"3301207";"Carmo";"Influenza";2023;2,64;"Baixo-Alto";"ns";"Não significativo";0,81;0,932;"não"
"3301306";"Casimiro de Abreu";"Influenza";2023;1,66;"Baixo-Alto";"ns";"Não significativo";0,0612;0,469;"não"
"3300951";"Comendador Levy Gasparian";"Influenza";2023;7,95;"Alto-Alto";"ns";"Não significativo";0,688;0,867;"não"
"3301405";"Conceição de Macabu";"Influenza";2023;7,96;"Alto-Alto";"ns";"Não significativo";0,17;0,501;"não"
"3301504";"Cordeiro";"Influenza";2023;9,85;"Alto-Alto";"ns";"Não significativo";0,763;0,923;"não"
"3301603";"Duas Barras";"Influenza";2023;5,28;"Alto-Alto";"ns";"Não significativo";0,0816;0,469;"não"
"3301702";"Duque de Caxias";"Influenza";2023;2,8;"Baixo-Baixo";"ns";"Não significativo";0,357;0,665;"não"
"3301801";"Engenheiro Paulo de Frontin";"Influenza";2023;2,94;"Baixo-Baixo";"ns";"Não significativo";0,737;0,904;"não"
"3301850";"Guapimirim";"Influenza";2023;1,55;"Baixo-Baixo";"ns";"Não significativo";0,556;0,841;"não"
"3301876";"Iguaba Grande";"Influenza";2023;3,78;"Baixo-Alto";"ns";"Não significativo";0,644;0,847;"não"
"3301900";"Itaboraí";"Influenza";2023;2,77;"Baixo-Alto";"ns";"Não significativo";0,889;0,962;"não"
"3302007";"Itaguaí";"Influenza";2023;2,83;"Baixo-Baixo";"indicativo";"Baixo-Baixo (indicativo)";0,0228;0,46;"não"
"3302056";"Italva";"Influenza";2023;2,82;"Baixo-Baixo";"ns";"Não significativo";0,32;0,665;"não"
"3302106";"Itaocara";"Influenza";2023;2,37;"Baixo-Baixo";"ns";"Não significativo";0,287;0,63;"não"
"3302205";"Itaperuna";"Influenza";2023;4,62;"Alto-Baixo";"ns";"Não significativo";0,0838;0,469;"não"
"3302254";"Itatiaia";"Influenza";2023;14,4;"Alto-Alto";"ns";"Não significativo";0,051;0,469;"sim"
"3302270";"Japeri";"Influenza";2023;1,77;"Baixo-Baixo";"ns";"Não significativo";0,0866;0,469;"não"
"3302304";"Laje do Muriaé";"Influenza";2023;3,3;"Baixo-Baixo";"ns";"Não significativo";0,792;0,924;"não"
"3302403";"Macaé";"Influenza";2023;10,54;"Alto-Alto";"ns";"Não significativo";0,19;0,528;"não"
"3302452";"Macuco";"Influenza";2023;3,46;"Baixo-Alto";"ns";"Não significativo";0,358;0,665;"não"
"3302502";"Magé";"Influenza";2023;1,99;"Baixo-Alto";"ns";"Não significativo";0,853;0,943;"não"
"3302601";"Mangaratiba";"Influenza";2023;1,77;"Baixo-Alto";"ns";"Não significativo";0,674;0,861;"não"
"3302700";"Maricá";"Influenza";2023;1,41;"Baixo-Alto";"ns";"Não significativo";0,103;0,499;"não"
"3302809";"Mendes";"Influenza";2023;4,6;"Baixo-Baixo";"ns";"Não significativo";0,706;0,878;"não"
"3302858";"Mesquita";"Influenza";2023;1,62;"Baixo-Baixo";"ns";"Não significativo";0,0658;0,469;"não"
"3302908";"Miguel Pereira";"Influenza";2023;3,87;"Baixo-Baixo";"ns";"Não significativo";0,35;0,665;"não"
"3303005";"Miracema";"Influenza";2023;2,2;"Baixo-Baixo";"ns";"Não significativo";0,48;0,788;"não"
"3303104";"Natividade";"Influenza";2023;2,76;"Baixo-Baixo";"ns";"Não significativo";0,627;0,845;"não"
"3303203";"Nilópolis";"Influenza";2023;3,44;"Baixo-Baixo";"ns";"Não significativo";0,169;0,501;"não"
"3303302";"Niterói";"Influenza";2023;8,34;"Alto-Baixo";"ns";"Não significativo";0,165;0,501;"não"
"3303401";"Nova Friburgo";"Influenza";2023;17,15;"Alto-Baixo";"ns";"Não significativo";0,981;0,981;"não"
"3303500";"Nova Iguaçu";"Influenza";2023;1,93;"Baixo-Baixo";"indicativo";"Baixo-Baixo (indicativo)";0,015;0,46;"não"
"3303609";"Paracambi";"Influenza";2023;1,77;"Baixo-Baixo";"ns";"Não significativo";0,174;0,501;"não"
"3303708";"Paraíba do Sul";"Influenza";2023;4,37;"Baixo-Alto";"ns";"Não significativo";0,362;0,665;"não"
"3303807";"Paraty";"Influenza";2023;1,68;"Baixo-Alto";"ns";"Não significativo";0,174;0,501;"sim"
"3303856";"Paty do Alferes";"Influenza";2023;2,1;"Baixo-Alto";"ns";"Não significativo";0,511;0,811;"não"
"3303906";"Petrópolis";"Influenza";2023;9,49;"Alto-Baixo";"ns";"Não significativo";0,239;0,58;"não"
"3303955";"Pinheiral";"Influenza";2023;4,05;"Baixo-Alto";"ns";"Não significativo";0,622;0,845;"não"
"3304003";"Piraí";"Influenza";2023;2,18;"Baixo-Baixo";"ns";"Não significativo";0,634;0,845;"não"
"3304102";"Porciúncula";"Influenza";2023;4,61;"Alto-Baixo";"ns";"Não significativo";0,613;0,845;"não"
"3304110";"Porto Real";"Influenza";2023;8,06;"Alto-Alto";"ns";"Não significativo";0,226;0,578;"não"
"3304128";"Quatis";"Influenza";2023;4,97;"Alto-Alto";"ns";"Não significativo";0,092;0,47;"não"
"3304144";"Queimados";"Influenza";2023;1,88;"Baixo-Baixo";"ns";"Não significativo";0,11;0,499;"não"
"3304151";"Quissamã";"Influenza";2023;13,14;"Alto-Alto";"ns";"Não significativo";0,559;0,841;"não"
"3304201";"Resende";"Influenza";2023;14,62;"Alto-Alto";"ns";"Não significativo";0,122;0,501;"não"
"3304300";"Rio Bonito";"Influenza";2023;11,39;"Alto-Alto";"ns";"Não significativo";0,165;0,501;"não"
"3304409";"Rio Claro";"Influenza";2023;2,63;"Baixo-Baixo";"ns";"Não significativo";0,861;0,943;"não"
"3304508";"Rio das Flores";"Influenza";2023;3,17;"Baixo-Alto";"ns";"Não significativo";0,567;0,841;"não"
"3304524";"Rio das Ostras";"Influenza";2023;1,71;"Baixo-Alto";"ns";"Não significativo";0,457;0,765;"não"
"3304557";"Rio de Janeiro";"Influenza";2023;3,24;"Baixo-Baixo";"indicativo";"Baixo-Baixo (indicativo)";0,0438;0,469;"não"
"3304607";"Santa Maria Madalena";"Influenza";2023;3,07;"Baixo-Baixo";"ns";"Não significativo";0,931;0,973;"não"
"3304706";"Santo Antônio de Pádua";"Influenza";2023;1,77;"Baixo-Baixo";"ns";"Não significativo";0,361;0,665;"não"
"3304805";"São Fidélis";"Influenza";2023;1,83;"Baixo-Baixo";"ns";"Não significativo";0,268;0,63;"não"
"3304755";"São Francisco de Itabapoana";"Influenza";2023;1,69;"Baixo-Baixo";"ns";"Não significativo";0,359;0,665;"não"
"3304904";"São Gonçalo";"Influenza";2023;2,74;"Baixo-Baixo";"ns";"Não significativo";0,969;0,98;"não"
"3305000";"São João da Barra";"Influenza";2023;1,89;"Baixo-Baixo";"ns";"Não significativo";0,303;0,649;"não"
"3305109";"São João de Meriti";"Influenza";2023;2,13;"Baixo-Baixo";"ns";"Não significativo";0,0806;0,469;"não"
"3305133";"São José de Ubá";"Influenza";2023;3,32;"Baixo-Baixo";"ns";"Não significativo";0,284;0,63;"não"
"3305158";"São José do Vale do Rio Preto";"Influenza";2023;2,41;"Baixo-Alto";"ns";"Não significativo";0,656;0,85;"não"
"3305208";"São Pedro da Aldeia";"Influenza";2023;7,37;"Alto-Alto";"ns";"Não significativo";0,826;0,938;"não"
"3305307";"São Sebastião do Alto";"Influenza";2023;3,26;"Baixo-Baixo";"ns";"Não significativo";0,596;0,845;"não"
"3305406";"Sapucaia";"Influenza";2023;2,62;"Baixo-Baixo";"ns";"Não significativo";0,794;0,924;"não"
"3305505";"Saquarema";"Influenza";2023;15,43;"Alto-Alto";"ns";"Não significativo";0,201;0,528;"não"
"3305554";"Seropédica";"Influenza";2023;2,88;"Baixo-Baixo";"indicativo";"Baixo-Baixo (indicativo)";0,0232;0,46;"não"
"3305604";"Silva Jardim";"Influenza";2023;4,27;"Baixo-Alto";"ns";"Não significativo";0,0732;0,469;"não"
"3305703";"Sumidouro";"Influenza";2023;4,82;"Alto-Alto";"ns";"Não significativo";0,618;0,845;"não"
"3305752";"Tanguá";"Influenza";2023;8,21;"Alto-Alto";"ns";"Não significativo";0,197;0,528;"não"
"3305802";"Teresópolis";"Influenza";2023;1,15;"Baixo-Alto";"ns";"Não significativo";0,24;0,58;"não"
"3305901";"Trajano de Moraes";"Influenza";2023;5,36;"Alto-Alto";"indicativo";"Alto-Alto (indicativo)";0,0488;0,469;"não"
"3306008";"Três Rios";"Influenza";2023;5,59;"Alto-Alto";"ns";"Não significativo";0,428;0,73;"não"
"3306107";"Valença";"Influenza";2023;7,14;"Alto-Baixo";"ns";"Não significativo";0,926;0,973;"não"
"3306156";"Varre-Sai";"Influenza";2023;3,08;"Baixo-Baixo";"ns";"Não significativo";0,508;0,811;"não"
"3306206";"Vassouras";"Influenza";2023;4,91;"Alto-Baixo";"ns";"Não significativo";0,957;0,98;"não"
"3306305";"Volta Redonda";"Influenza";2023;6,37;"Alto-Baixo";"ns";"Não significativo";0,627;0,845;"não"
"3300100";"Angra dos Reis";"Influenza";2024;11,48;"Alto-Baixo";"ns";"Não significativo";0,374;0,671;"não"
"3300159";"Aperibé";"Influenza";2024;14,51;"Alto-Alto";"indicativo";"Alto-Alto (indicativo)";0,0208;0,239;"não"
"3300209";"Araruama";"Influenza";2024;7,75;"Baixo-Alto";"ns";"Não significativo";0,726;0,893;"não"
"3300225";"Areal";"Influenza";2024;9,49;"Baixo-Baixo";"ns";"Não significativo";0,548;0,809;"não"
"3300233";"Armação dos Búzios";"Influenza";2024;6,91;"Baixo-Alto";"ns";"Não significativo";0,325;0,65;"sim"
"3300258";"Arraial do Cabo";"Influenza";2024;6,38;"Baixo-Alto";"ns";"Não significativo";0,779;0,895;"não"
"3300308";"Barra do Piraí";"Influenza";2024;37,36;"Alto-Baixo";"ns";"Não significativo";0,973;0,983;"não"
"3300407";"Barra Mansa";"Influenza";2024;6,62;"Baixo-Alto";"indicativo";"Baixo-Alto (indicativo)";0,016;0,234;"não"
"3300456";"Belford Roxo";"Influenza";2024;4,01;"Baixo-Baixo";"indicativo";"Baixo-Baixo (indicativo)";0,0178;0,234;"não"
"3300506";"Bom Jardim";"Influenza";2024;13,41;"Alto-Alto";"ns";"Não significativo";0,323;0,65;"não"
"3300605";"Bom Jesus do Itabapoana";"Influenza";2024;4,48;"Baixo-Alto";"ns";"Não significativo";0,554;0,809;"não"
"3300704";"Cabo Frio";"Influenza";2024;13,8;"Alto-Baixo";"ns";"Não significativo";0,847;0,927;"não"
"3300803";"Cachoeiras de Macacu";"Influenza";2024;12,25;"Alto-Baixo";"ns";"Não significativo";0,757;0,893;"não"
"3300902";"Cambuci";"Influenza";2024;28,87;"Alto-Alto";"ns";"Não significativo";0,109;0,495;"não"
"3301009";"Campos dos Goytacazes";"Influenza";2024;4,74;"Baixo-Baixo";"ns";"Não significativo";0,698;0,893;"não"
"3301108";"Cantagalo";"Influenza";2024;12,02;"Alto-Alto";"ns";"Não significativo";0,394;0,671;"não"
"3300936";"Carapebus";"Influenza";2024;24,84;"Alto-Alto";"ns";"Não significativo";0,365;0,671;"não"
"3301157";"Cardoso Moreira";"Influenza";2024;13,85;"Alto-Baixo";"ns";"Não significativo";0,129;0,495;"não"
"3301207";"Carmo";"Influenza";2024;10,49;"Alto-Alto";"ns";"Não significativo";0,686;0,893;"não"
"3301306";"Casimiro de Abreu";"Influenza";2024;16,56;"Alto-Alto";"ns";"Não significativo";0,245;0,562;"não"
"3300951";"Comendador Levy Gasparian";"Influenza";2024;10,27;"Baixo-Baixo";"ns";"Não significativo";0,0608;0,428;"não"
"3301405";"Conceição de Macabu";"Influenza";2024;11,61;"Alto-Alto";"ns";"Não significativo";0,512;0,798;"não"
"3301504";"Cordeiro";"Influenza";2024;9,74;"Baixo-Alto";"ns";"Não significativo";0,612;0,853;"não"
"3301603";"Duas Barras";"Influenza";2024;12,11;"Alto-Alto";"ns";"Não significativo";0,278;0,596;"não"
"3301702";"Duque de Caxias";"Influenza";2024;6,69;"Baixo-Baixo";"ns";"Não significativo";0,112;0,495;"não"
"3301801";"Engenheiro Paulo de Frontin";"Influenza";2024;7,05;"Baixo-Baixo";"ns";"Não significativo";0,345;0,671;"não"
"3301850";"Guapimirim";"Influenza";2024;4,75;"Baixo-Alto";"ns";"Não significativo";0,812;0,911;"não"
"3301876";"Iguaba Grande";"Influenza";2024;11,76;"Alto-Baixo";"ns";"Não significativo";0,387;0,671;"não"
"3301900";"Itaboraí";"Influenza";2024;8,15;"Baixo-Baixo";"ns";"Não significativo";0,201;0,54;"não"
"3302007";"Itaguaí";"Influenza";2024;5,85;"Baixo-Baixo";"ns";"Não significativo";0,148;0,495;"não"
"3302056";"Italva";"Influenza";2024;9;"Baixo-Alto";"ns";"Não significativo";0,232;0,562;"não"
"3302106";"Itaocara";"Influenza";2024;14,93;"Alto-Alto";"ns";"Não significativo";0,132;0,495;"não"
"3302205";"Itaperuna";"Influenza";2024;23,32;"Alto-Alto";"ns";"Não significativo";0,566;0,813;"não"
"3302254";"Itatiaia";"Influenza";2024;7,99;"Baixo-Alto";"indicativo";"Baixo-Alto (indicativo)";0,0288;0,258;"sim"
"3302270";"Japeri";"Influenza";2024;7,57;"Baixo-Baixo";"indicativo";"Baixo-Baixo (indicativo)";0,0056;0,172;"não"
"3302304";"Laje do Muriaé";"Influenza";2024;8;"Baixo-Alto";"ns";"Não significativo";0,184;0,54;"não"
"3302403";"Macaé";"Influenza";2024;18,7;"Alto-Alto";"ns";"Não significativo";0,0698;0,428;"não"
"3302452";"Macuco";"Influenza";2024;11,26;"Alto-Baixo";"ns";"Não significativo";0,893;0,944;"não"
"3302502";"Magé";"Influenza";2024;8,76;"Baixo-Baixo";"ns";"Não significativo";0,578;0,818;"não"
"3302601";"Mangaratiba";"Influenza";2024;5,44;"Baixo-Baixo";"ns";"Não significativo";0,947;0,975;"não"
"3302700";"Maricá";"Influenza";2024;7,03;"Baixo-Baixo";"ns";"Não significativo";0,954;0,975;"não"
"3302809";"Mendes";"Influenza";2024;8,34;"Baixo-Alto";"ns";"Não significativo";0,185;0,54;"não"
"3302858";"Mesquita";"Influenza";2024;6,23;"Baixo-Baixo";"ns";"Não significativo";0,0936;0,492;"não"
"3302908";"Miguel Pereira";"Influenza";2024;5,18;"Baixo-Baixo";"ns";"Não significativo";0,229;0,562;"não"
"3303005";"Miracema";"Influenza";2024;10,29;"Baixo-Alto";"ns";"Não significativo";0,13;0,495;"não"
"3303104";"Natividade";"Influenza";2024;11;"Alto-Alto";"ns";"Não significativo";0,549;0,809;"não"
"3303203";"Nilópolis";"Influenza";2024;9,71;"Baixo-Baixo";"ns";"Não significativo";0,269;0,59;"não"
"3303302";"Niterói";"Influenza";2024;9,7;"Baixo-Baixo";"ns";"Não significativo";0,732;0,893;"não"
"3303401";"Nova Friburgo";"Influenza";2024;24,01;"Alto-Alto";"ns";"Não significativo";0,428;0,716;"não"
"3303500";"Nova Iguaçu";"Influenza";2024;5,96;"Baixo-Baixo";"indicativo";"Baixo-Baixo (indicativo)";0,0056;0,172;"não"
"3303609";"Paracambi";"Influenza";2024;5,44;"Baixo-Baixo";"ns";"Não significativo";0,0518;0,397;"não"
"3303708";"Paraíba do Sul";"Influenza";2024;5,38;"Baixo-Baixo";"ns";"Não significativo";0,705;0,893;"não"
"3303807";"Paraty";"Influenza";2024;6,45;"Baixo-Alto";"ns";"Não significativo";0,536;0,809;"sim"
"3303856";"Paty do Alferes";"Influenza";2024;6,53;"Baixo-Baixo";"ns";"Não significativo";0,745;0,893;"não"
"3303906";"Petrópolis";"Influenza";2024;12,93;"Alto-Baixo";"indicativo";"Alto-Baixo (indicativo)";0,0308;0,258;"não"
"3303955";"Pinheiral";"Influenza";2024;5,46;"Baixo-Alto";"indicativo";"Baixo-Alto (indicativo)";0,0236;0,241;"não"
"3304003";"Piraí";"Influenza";2024;10,18;"Baixo-Alto";"ns";"Não significativo";0,44;0,723;"não"
"3304102";"Porciúncula";"Influenza";2024;8,38;"Baixo-Alto";"ns";"Não significativo";0,71;0,893;"não"
"3304110";"Porto Real";"Influenza";2024;9,81;"Baixo-Alto";"ns";"Não significativo";0,151;0,495;"não"
"3304128";"Quatis";"Influenza";2024;6,81;"Baixo-Alto";"ns";"Não significativo";0,162;0,514;"não"
"3304144";"Queimados";"Influenza";2024;6,15;"Baixo-Baixo";"ns";"Não significativo";0,0962;0,492;"não"
"3304151";"Quissamã";"Influenza";2024;7,55;"Baixo-Alto";"ns";"Não significativo";0,318;0,65;"não"
"3304201";"Resende";"Influenza";2024;36,4;"Alto-Baixo";"ns";"Não significativo";0,39;0,671;"não"
"3304300";"Rio Bonito";"Influenza";2024;7,86;"Baixo-Baixo";"ns";"Não significativo";0,749;0,893;"não"
"3304409";"Rio Claro";"Influenza";2024;10,45;"Alto-Baixo";"ns";"Não significativo";0,778;0,895;"não"
"3304508";"Rio das Flores";"Influenza";2024;7,66;"Baixo-Baixo";"ns";"Não significativo";0,806;0,911;"não"
"3304524";"Rio das Ostras";"Influenza";2024;10,1;"Baixo-Alto";"ns";"Não significativo";0,145;0,495;"não"
"3304557";"Rio de Janeiro";"Influenza";2024;10,68;"Alto-Baixo";"indicativo";"Alto-Baixo (indicativo)";0,0086;0,198;"não"
"3304607";"Santa Maria Madalena";"Influenza";2024;7,41;"Baixo-Baixo";"ns";"Não significativo";0,205;0,54;"não"
"3304706";"Santo Antônio de Pádua";"Influenza";2024;19,01;"Alto-Alto";"ns";"Não significativo";0,0686;0,428;"não"
"3304805";"São Fidélis";"Influenza";2024;5,63;"Baixo-Alto";"ns";"Não significativo";0,374;0,671;"não"
"3304755";"São Francisco de Itabapoana";"Influenza";2024;3,89;"Baixo-Baixo";"ns";"Não significativo";0,126;0,495;"não"
"3304904";"São Gonçalo";"Influenza";2024;9,49;"Baixo-Baixo";"ns";"Não significativo";0,64;0,876;"não"
"3305000";"São João da Barra";"Influenza";2024;7,29;"Baixo-Baixo";"indicativo";"Baixo-Baixo (indicativo)";0,002;0,172;"não"
"3305109";"São João de Meriti";"Influenza";2024;4,43;"Baixo-Baixo";"ns";"Não significativo";0,194;0,54;"não"
"3305133";"São José de Ubá";"Influenza";2024;13,42;"Alto-Alto";"indicativo";"Alto-Alto (indicativo)";0,0178;0,234;"não"
"3305158";"São José do Vale do Rio Preto";"Influenza";2024;9,49;"Baixo-Baixo";"ns";"Não significativo";0,837;0,927;"não"
"3305208";"São Pedro da Aldeia";"Influenza";2024;8,54;"Baixo-Baixo";"ns";"Não significativo";0,887;0,944;"não"
"3305307";"São Sebastião do Alto";"Influenza";2024;7,92;"Baixo-Baixo";"ns";"Não significativo";0,984;0,984;"não"
"3305406";"Sapucaia";"Influenza";2024;10,37;"Alto-Baixo";"ns";"Não significativo";0,647;0,876;"não"
"3305505";"Saquarema";"Influenza";2024;15,98;"Alto-Baixo";"ns";"Não significativo";0,142;0,495;"não"
"3305554";"Seropédica";"Influenza";2024;5,24;"Baixo-Baixo";"ns";"Não significativo";0,0744;0,428;"não"
"3305604";"Silva Jardim";"Influenza";2024;5,78;"Baixo-Alto";"ns";"Não significativo";0,251;0,562;"não"
"3305703";"Sumidouro";"Influenza";2024;8,77;"Baixo-Alto";"ns";"Não significativo";0,353;0,671;"não"
"3305752";"Tanguá";"Influenza";2024;4,79;"Baixo-Baixo";"ns";"Não significativo";0,856;0,927;"não"
"3305802";"Teresópolis";"Influenza";2024;9,68;"Baixo-Alto";"ns";"Não significativo";0,448;0,723;"não"
"3305901";"Trajano de Moraes";"Influenza";2024;7,4;"Baixo-Alto";"ns";"Não significativo";0,242;0,562;"não"
"3306008";"Três Rios";"Influenza";2024;5,35;"Baixo-Baixo";"ns";"Não significativo";0,913;0,954;"não"
"3306107";"Valença";"Influenza";2024;8,88;"Baixo-Alto";"ns";"Não significativo";0,203;0,54;"não"
"3306156";"Varre-Sai";"Influenza";2024;9,88;"Baixo-Baixo";"ns";"Não significativo";0,507;0,798;"não"
"3306206";"Vassouras";"Influenza";2024;12,15;"Alto-Alto";"ns";"Não significativo";0,724;0,893;"não"
"3306305";"Volta Redonda";"Influenza";2024;15,81;"Alto-Alto";"ns";"Não significativo";0,213;0,545;"não"
"3300100";"Angra dos Reis";"Influenza";2025;8,8;"Baixo-Baixo";"ns";"Não significativo";0,503;0,713;"não"
"3300159";"Aperibé";"Influenza";2025;7,72;"Baixo-Alto";"ns";"Não significativo";0,17;0,587;"não"
"3300209";"Araruama";"Influenza";2025;8,55;"Baixo-Baixo";"ns";"Não significativo";0,218;0,612;"não"
"3300225";"Areal";"Influenza";2025;7,44;"Baixo-Alto";"ns";"Não significativo";0,591;0,741;"não"
"3300233";"Armação dos Búzios";"Influenza";2025;5,09;"Baixo-Baixo";"ns";"Não significativo";0,757;0,85;"sim"
"3300258";"Arraial do Cabo";"Influenza";2025;13,12;"Baixo-Baixo";"ns";"Não significativo";0,361;0,649;"não"
"3300308";"Barra do Piraí";"Influenza";2025;27,21;"Alto-Alto";"indicativo";"Alto-Alto (indicativo)";0,004;0,184;"não"
"3300407";"Barra Mansa";"Influenza";2025;34,16;"Alto-Alto";"ns";"Não significativo";0,12;0,527;"não"
"3300456";"Belford Roxo";"Influenza";2025;3,72;"Baixo-Baixo";"indicativo";"Baixo-Baixo (indicativo)";0,0348;0,515;"não"
"3300506";"Bom Jardim";"Influenza";2025;24,01;"Alto-Alto";"ns";"Não significativo";0,202;0,612;"não"
"3300605";"Bom Jesus do Itabapoana";"Influenza";2025;45,37;"Alto-Baixo";"ns";"Não significativo";0,648;0,774;"não"
"3300704";"Cabo Frio";"Influenza";2025;9,92;"Baixo-Baixo";"ns";"Não significativo";0,222;0,612;"não"
"3300803";"Cachoeiras de Macacu";"Influenza";2025;9,51;"Baixo-Baixo";"ns";"Não significativo";0,967;0,967;"não"
"3300902";"Cambuci";"Influenza";2025;53,26;"Alto-Baixo";"ns";"Não significativo";0,907;0,948;"não"
"3301009";"Campos dos Goytacazes";"Influenza";2025;8,25;"Baixo-Baixo";"ns";"Não significativo";0,59;0,741;"não"
"3301108";"Cantagalo";"Influenza";2025;18,61;"Alto-Alto";"ns";"Não significativo";0,687;0,795;"não"
"3300936";"Carapebus";"Influenza";2025;54,84;"Alto-Alto";"ns";"Não significativo";0,366;0,649;"não"
"3301157";"Cardoso Moreira";"Influenza";2025;7,08;"Baixo-Baixo";"ns";"Não significativo";0,292;0,646;"não"
"3301207";"Carmo";"Influenza";2025;16,56;"Baixo-Alto";"ns";"Não significativo";0,374;0,649;"não"
"3301306";"Casimiro de Abreu";"Influenza";2025;14,68;"Baixo-Alto";"ns";"Não significativo";0,441;0,69;"não"
"3300951";"Comendador Levy Gasparian";"Influenza";2025;18,8;"Alto-Baixo";"ns";"Não significativo";0,86;0,92;"não"
"3301405";"Conceição de Macabu";"Influenza";2025;17,59;"Baixo-Alto";"ns";"Não significativo";0,437;0,69;"não"
"3301504";"Cordeiro";"Influenza";2025;14,65;"Baixo-Alto";"ns";"Não significativo";0,529;0,714;"não"
"3301603";"Duas Barras";"Influenza";2025;39,54;"Alto-Alto";"ns";"Não significativo";0,204;0,612;"não"
"3301702";"Duque de Caxias";"Influenza";2025;7,04;"Baixo-Baixo";"ns";"Não significativo";0,312;0,646;"não"
"3301801";"Engenheiro Paulo de Frontin";"Influenza";2025;15,9;"Baixo-Alto";"ns";"Não significativo";0,067;0,515;"não"
"3301850";"Guapimirim";"Influenza";2025;11,86;"Baixo-Baixo";"ns";"Não significativo";0,604;0,741;"não"
"3301876";"Iguaba Grande";"Influenza";2025;14,16;"Baixo-Baixo";"ns";"Não significativo";0,468;0,695;"não"
"3301900";"Itaboraí";"Influenza";2025;7,86;"Baixo-Baixo";"ns";"Não significativo";0,315;0,646;"não"
"3302007";"Itaguaí";"Influenza";2025;19,09;"Alto-Baixo";"ns";"Não significativo";0,166;0,587;"não"
"3302056";"Italva";"Influenza";2025;18,68;"Alto-Alto";"ns";"Não significativo";0,391;0,665;"não"
"3302106";"Itaocara";"Influenza";2025;13,71;"Baixo-Alto";"ns";"Não significativo";0,692;0,795;"não"
"3302205";"Itaperuna";"Influenza";2025;20,1;"Alto-Alto";"ns";"Não significativo";0,304;0,646;"não"
"3302254";"Itatiaia";"Influenza";2025;29,29;"Alto-Alto";"ns";"Não significativo";0,117;0,527;"sim"
"3302270";"Japeri";"Influenza";2025;2,4;"Baixo-Baixo";"ns";"Não significativo";0,0586;0,515;"não"
"3302304";"Laje do Muriaé";"Influenza";2025;9,34;"Baixo-Baixo";"ns";"Não significativo";0,837;0,92;"não"
"3302403";"Macaé";"Influenza";2025;43,88;"Alto-Alto";"ns";"Não significativo";0,172;0,587;"não"
"3302452";"Macuco";"Influenza";2025;16,63;"Baixo-Baixo";"ns";"Não significativo";0,524;0,714;"não"
"3302502";"Magé";"Influenza";2025;8,13;"Baixo-Baixo";"ns";"Não significativo";0,856;0,92;"não"
"3302601";"Mangaratiba";"Influenza";2025;12,34;"Baixo-Baixo";"ns";"Não significativo";0,904;0,948;"não"
"3302700";"Maricá";"Influenza";2025;16,9;"Baixo-Baixo";"ns";"Não significativo";0,46;0,695;"não"
"3302809";"Mendes";"Influenza";2025;19,87;"Alto-Alto";"ns";"Não significativo";0,0942;0,527;"não"
"3302858";"Mesquita";"Influenza";2025;7,76;"Baixo-Baixo";"ns";"Não significativo";0,103;0,527;"não"
"3302908";"Miguel Pereira";"Influenza";2025;19,86;"Alto-Alto";"ns";"Não significativo";0,562;0,728;"não"
"3303005";"Miracema";"Influenza";2025;6,92;"Baixo-Alto";"ns";"Não significativo";0,535;0,714;"não"
"3303104";"Natividade";"Influenza";2025;14,13;"Baixo-Alto";"ns";"Não significativo";0,423;0,69;"não"
"3303203";"Nilópolis";"Influenza";2025;11,86;"Baixo-Baixo";"ns";"Não significativo";0,369;0,649;"não"
"3303302";"Niterói";"Influenza";2025;24,21;"Alto-Baixo";"ns";"Não significativo";0,94;0,961;"não"
"3303401";"Nova Friburgo";"Influenza";2025;52,18;"Alto-Alto";"ns";"Não significativo";0,41;0,685;"não"
"3303500";"Nova Iguaçu";"Influenza";2025;7,46;"Baixo-Baixo";"indicativo";"Baixo-Baixo (indicativo)";0,0238;0,478;"não"
"3303609";"Paracambi";"Influenza";2025;6,82;"Baixo-Baixo";"ns";"Não significativo";0,49;0,704;"não"
"3303708";"Paraíba do Sul";"Influenza";2025;8,53;"Baixo-Alto";"ns";"Não significativo";0,181;0,593;"não"
"3303807";"Paraty";"Influenza";2025;6,35;"Baixo-Baixo";"ns";"Não significativo";0,617;0,746;"sim"
"3303856";"Paty do Alferes";"Influenza";2025;8,81;"Baixo-Alto";"ns";"Não significativo";0,0538;0,515;"não"
"3303906";"Petrópolis";"Influenza";2025;24,45;"Alto-Baixo";"ns";"Não significativo";0,442;0,69;"não"
"3303955";"Pinheiral";"Influenza";2025;43,92;"Alto-Alto";"ns";"Não significativo";0,111;0,527;"não"
"3304003";"Piraí";"Influenza";2025;14,36;"Baixo-Alto";"ns";"Não significativo";0,0696;0,515;"não"
"3304102";"Porciúncula";"Influenza";2025;20,02;"Alto-Baixo";"ns";"Não significativo";0,557;0,728;"não"
"3304110";"Porto Real";"Influenza";2025;17,97;"Baixo-Alto";"ns";"Não significativo";0,114;0,527;"não"
"3304128";"Quatis";"Influenza";2025;22,98;"Alto-Alto";"ns";"Não significativo";0,258;0,633;"não"
"3304144";"Queimados";"Influenza";2025;5,45;"Baixo-Baixo";"indicativo";"Baixo-Baixo (indicativo)";0,0026;0,184;"não"
"3304151";"Quissamã";"Influenza";2025;10,96;"Baixo-Alto";"ns";"Não significativo";0,278;0,646;"não"
"3304201";"Resende";"Influenza";2025;45,64;"Alto-Alto";"ns";"Não significativo";0,239;0,612;"não"
"3304300";"Rio Bonito";"Influenza";2025;15,34;"Baixo-Baixo";"indicativo";"Baixo-Baixo (indicativo)";0,026;0,478;"não"
"3304409";"Rio Claro";"Influenza";2025;16,44;"Baixo-Alto";"ns";"Não significativo";0,227;0,612;"não"
"3304508";"Rio das Flores";"Influenza";2025;8,55;"Baixo-Alto";"ns";"Não significativo";0,104;0,527;"não"
"3304524";"Rio das Ostras";"Influenza";2025;13,79;"Baixo-Alto";"ns";"Não significativo";0,306;0,646;"não"
"3304557";"Rio de Janeiro";"Influenza";2025;15,79;"Baixo-Baixo";"ns";"Não significativo";0,0546;0,515;"não"
"3304607";"Santa Maria Madalena";"Influenza";2025;8,03;"Baixo-Baixo";"ns";"Não significativo";0,0768;0,515;"não"
"3304706";"Santo Antônio de Pádua";"Influenza";2025;25,21;"Alto-Alto";"ns";"Não significativo";0,461;0,695;"não"
"3304805";"São Fidélis";"Influenza";2025;3,29;"Baixo-Baixo";"ns";"Não significativo";0,936;0,961;"não"
"3304755";"São Francisco de Itabapoana";"Influenza";2025;6,38;"Baixo-Baixo";"ns";"Não significativo";0,511;0,713;"não"
"3304904";"São Gonçalo";"Influenza";2025;11,09;"Baixo-Baixo";"ns";"Não significativo";0,963;0,967;"não"
"3305000";"São João da Barra";"Influenza";2025;13,57;"Baixo-Baixo";"ns";"Não significativo";0,138;0,576;"não"
"3305109";"São João de Meriti";"Influenza";2025;8,74;"Baixo-Baixo";"ns";"Não significativo";0,0784;0,515;"não"
"3305133";"São José de Ubá";"Influenza";2025;31,73;"Alto-Alto";"ns";"Não significativo";0,262;0,633;"não"
"3305158";"São José do Vale do Rio Preto";"Influenza";2025;26;"Alto-Alto";"ns";"Não significativo";0,757;0,85;"não"
"3305208";"São Pedro da Aldeia";"Influenza";2025;12,94;"Baixo-Baixo";"ns";"Não significativo";0,369;0,649;"não"
"3305307";"São Sebastião do Alto";"Influenza";2025;9,14;"Baixo-Baixo";"ns";"Não significativo";0,239;0,612;"não"
"3305406";"Sapucaia";"Influenza";2025;9,34;"Baixo-Alto";"ns";"Não significativo";0,363;0,649;"não"
"3305505";"Saquarema";"Influenza";2025;11,04;"Baixo-Baixo";"ns";"Não significativo";0,479;0,699;"não"
"3305554";"Seropédica";"Influenza";2025;4,93;"Baixo-Baixo";"ns";"Não significativo";0,0632;0,515;"não"
"3305604";"Silva Jardim";"Influenza";2025;5,22;"Baixo-Alto";"ns";"Não significativo";0,657;0,775;"não"
"3305703";"Sumidouro";"Influenza";2025;29,23;"Alto-Alto";"ns";"Não significativo";0,166;0,587;"não"
"3305752";"Tanguá";"Influenza";2025;8,51;"Baixo-Baixo";"ns";"Não significativo";0,367;0,649;"não"
"3305802";"Teresópolis";"Influenza";2025;18,52;"Alto-Alto";"ns";"Não significativo";0,224;0,612;"não"
"3305901";"Trajano de Moraes";"Influenza";2025;8;"Baixo-Alto";"ns";"Não significativo";0,323;0,646;"não"
"3306008";"Três Rios";"Influenza";2025;24,42;"Alto-Baixo";"ns";"Não significativo";0,841;0,92;"não"
"3306107";"Valença";"Influenza";2025;6,95;"Baixo-Alto";"indicativo";"Baixo-Alto (indicativo)";0,026;0,478;"não"
"3306156";"Varre-Sai";"Influenza";2025;8,03;"Baixo-Alto";"ns";"Não significativo";0,321;0,646;"não"
"3306206";"Vassouras";"Influenza";2025;91,7;"Alto-Baixo";"ns";"Não significativo";0,604;0,741;"não"
"3306305";"Volta Redonda";"Influenza";2025;65,62;"Alto-Alto";"ns";"Não significativo";0,168;0,587;"não"
"3300100";"Angra dos Reis";"SARS-CoV-2";2022;86,88;"Baixo-Baixo";"ns";"Não significativo";0,757;0,905;"não"
"3300159";"Aperibé";"SARS-CoV-2";2022;35,34;"Baixo-Alto";"ns";"Não significativo";0,181;0,564;"não"
"3300209";"Araruama";"SARS-CoV-2";2022;52,01;"Baixo-Baixo";"ns";"Não significativo";0,822;0,922;"não"
"3300225";"Areal";"SARS-CoV-2";2022;115,59;"Alto-Alto";"ns";"Não significativo";0,389;0,688;"não"
"3300233";"Armação dos Búzios";"SARS-CoV-2";2022;41,79;"Baixo-Alto";"ns";"Não significativo";0,681;0,874;"sim"
"3300258";"Arraial do Cabo";"SARS-CoV-2";2022;23,34;"Baixo-Baixo";"ns";"Não significativo";0,966;0,99;"não"
"3300308";"Barra do Piraí";"SARS-CoV-2";2022;220,45;"Alto-Alto";"indicativo";"Alto-Alto (indicativo)";0,0362;0,416;"não"
"3300407";"Barra Mansa";"SARS-CoV-2";2022;71,16;"Baixo-Alto";"indicativo";"Baixo-Alto (indicativo)";0,0024;0,221;"não"
"3300456";"Belford Roxo";"SARS-CoV-2";2022;34,14;"Baixo-Baixo";"ns";"Não significativo";0,108;0,498;"não"
"3300506";"Bom Jardim";"SARS-CoV-2";2022;90,29;"Baixo-Alto";"ns";"Não significativo";0,182;0,564;"não"
"3300605";"Bom Jesus do Itabapoana";"SARS-CoV-2";2022;39,21;"Baixo-Baixo";"ns";"Não significativo";0,0916;0,473;"não"
"3300704";"Cabo Frio";"SARS-CoV-2";2022;111,53;"Alto-Baixo";"ns";"Não significativo";0,1;0,486;"não"
"3300803";"Cachoeiras de Macacu";"SARS-CoV-2";2022;55,06;"Baixo-Alto";"ns";"Não significativo";0,0834;0,473;"não"
"3300902";"Cambuci";"SARS-CoV-2";2022;396,04;"Alto-Baixo";"indicativo";"Alto-Baixo (indicativo)";0,0152;0,316;"não"
"3301009";"Campos dos Goytacazes";"SARS-CoV-2";2022;94,98;"Baixo-Baixo";"indicativo";"Baixo-Baixo (indicativo)";0,0158;0,316;"não"
"3301108";"Cantagalo";"SARS-CoV-2";2022;188,94;"Alto-Alto";"ns";"Não significativo";0,717;0,882;"não"
"3300936";"Carapebus";"SARS-CoV-2";2022;89,52;"Baixo-Alto";"ns";"Não significativo";0,66;0,867;"não"
"3301157";"Cardoso Moreira";"SARS-CoV-2";2022;31,02;"Baixo-Baixo";"ns";"Não significativo";0,346;0,649;"não"
"3301207";"Carmo";"SARS-CoV-2";2022;134,58;"Alto-Alto";"ns";"Não significativo";0,461;0,744;"não"
"3301306";"Casimiro de Abreu";"SARS-CoV-2";2022;106,12;"Alto-Alto";"ns";"Não significativo";0,205;0,572;"não"
"3300951";"Comendador Levy Gasparian";"SARS-CoV-2";2022;33,69;"Baixo-Alto";"ns";"Não significativo";0,255;0,572;"não"
"3301405";"Conceição de Macabu";"SARS-CoV-2";2022;91,63;"Baixo-Baixo";"ns";"Não significativo";0,684;0,874;"não"
"3301504";"Cordeiro";"SARS-CoV-2";2022;105,61;"Alto-Alto";"ns";"Não significativo";0,46;0,744;"não"
"3301603";"Duas Barras";"SARS-CoV-2";2022;86,36;"Baixo-Alto";"ns";"Não significativo";0,0752;0,473;"não"
"3301702";"Duque de Caxias";"SARS-CoV-2";2022;55,23;"Baixo-Baixo";"ns";"Não significativo";0,254;0,572;"não"
"3301801";"Engenheiro Paulo de Frontin";"SARS-CoV-2";2022;65,79;"Baixo-Baixo";"ns";"Não significativo";0,599;0,835;"não"
"3301850";"Guapimirim";"SARS-CoV-2";2022;53,02;"Baixo-Alto";"ns";"Não significativo";0,695;0,876;"não"
"3301876";"Iguaba Grande";"SARS-CoV-2";2022;182,04;"Alto-Baixo";"ns";"Não significativo";0,0758;0,473;"não"
"3301900";"Itaboraí";"SARS-CoV-2";2022;117,55;"Alto-Alto";"ns";"Não significativo";0,572;0,809;"não"
"3302007";"Itaguaí";"SARS-CoV-2";2022;80,99;"Baixo-Baixo";"ns";"Não significativo";0,729;0,882;"não"
"3302056";"Italva";"SARS-CoV-2";2022;40,84;"Baixo-Alto";"ns";"Não significativo";0,648;0,865;"não"
"3302106";"Itaocara";"SARS-CoV-2";2022;38,45;"Baixo-Alto";"ns";"Não significativo";0,219;0,572;"não"
"3302205";"Itaperuna";"SARS-CoV-2";2022;64,42;"Baixo-Baixo";"ns";"Não significativo";0,983;0,99;"não"
"3302254";"Itatiaia";"SARS-CoV-2";2022;145,11;"Alto-Alto";"ns";"Não significativo";0,0778;0,473;"sim"
"3302270";"Japeri";"SARS-CoV-2";2022;28,14;"Baixo-Baixo";"indicativo";"Baixo-Baixo (indicativo)";0,0232;0,329;"não"
"3302304";"Laje do Muriaé";"SARS-CoV-2";2022;38,37;"Baixo-Baixo";"ns";"Não significativo";0,835;0,926;"não"
"3302403";"Macaé";"SARS-CoV-2";2022;154,87;"Alto-Alto";"ns";"Não significativo";0,223;0,572;"não"
"3302452";"Macuco";"SARS-CoV-2";2022;193,87;"Alto-Alto";"ns";"Não significativo";0,528;0,796;"não"
"3302502";"Magé";"SARS-CoV-2";2022;40,22;"Baixo-Baixo";"ns";"Não significativo";0,96;0,99;"não"
"3302601";"Mangaratiba";"SARS-CoV-2";2022;61,1;"Baixo-Alto";"ns";"Não significativo";0,786;0,909;"não"
"3302700";"Maricá";"SARS-CoV-2";2022;137,9;"Alto-Alto";"ns";"Não significativo";0,441;0,738;"não"
"3302809";"Mendes";"SARS-CoV-2";2022;68,45;"Baixo-Alto";"ns";"Não significativo";0,383;0,688;"não"
"3302858";"Mesquita";"SARS-CoV-2";2022;45,84;"Baixo-Baixo";"ns";"Não significativo";0,173;0,564;"não"
"3302908";"Miguel Pereira";"SARS-CoV-2";2022;37,06;"Baixo-Baixo";"ns";"Não significativo";0,338;0,649;"não"
"3303005";"Miracema";"SARS-CoV-2";2022;97,38;"Baixo-Baixo";"ns";"Não significativo";0,135;0,531;"não"
"3303104";"Natividade";"SARS-CoV-2";2022;38,55;"Baixo-Baixo";"ns";"Não significativo";0,144;0,531;"não"
"3303203";"Nilópolis";"SARS-CoV-2";2022;64,11;"Baixo-Baixo";"ns";"Não significativo";0,438;0,738;"não"
"3303302";"Niterói";"SARS-CoV-2";2022;233,81;"Alto-Alto";"ns";"Não significativo";0,54;0,796;"não"
"3303401";"Nova Friburgo";"SARS-CoV-2";2022;374,07;"Alto-Baixo";"ns";"Não significativo";0,959;0,99;"não"
"3303500";"Nova Iguaçu";"SARS-CoV-2";2022;49,06;"Baixo-Baixo";"indicativo";"Baixo-Baixo (indicativo)";0,0102;0,316;"não"
"3303609";"Paracambi";"SARS-CoV-2";2022;58,62;"Baixo-Baixo";"ns";"Não significativo";0,243;0,572;"não"
"3303708";"Paraíba do Sul";"SARS-CoV-2";2022;202,68;"Alto-Alto";"ns";"Não significativo";0,809;0,919;"não"
"3303807";"Paraty";"SARS-CoV-2";2022;37,24;"Baixo-Baixo";"ns";"Não significativo";0,965;0,99;"sim"
"3303856";"Paty do Alferes";"SARS-CoV-2";2022;21,24;"Baixo-Alto";"ns";"Não significativo";0,306;0,625;"não"
"3303906";"Petrópolis";"SARS-CoV-2";2022;178,54;"Alto-Baixo";"ns";"Não significativo";0,532;0,796;"não"
"3303955";"Pinheiral";"SARS-CoV-2";2022;150,99;"Alto-Alto";"indicativo";"Alto-Alto (indicativo)";0,0454;0,464;"não"
"3304003";"Piraí";"SARS-CoV-2";2022;154,98;"Alto-Alto";"ns";"Não significativo";0,272;0,595;"não"
"3304102";"Porciúncula";"SARS-CoV-2";2022;84,13;"Baixo-Baixo";"ns";"Não significativo";0,0692;0,473;"não"
"3304110";"Porto Real";"SARS-CoV-2";2022;142,04;"Alto-Alto";"ns";"Não significativo";0,237;0,572;"não"
"3304128";"Quatis";"SARS-CoV-2";2022;120,79;"Alto-Alto";"indicativo";"Alto-Alto (indicativo)";0,025;0,329;"não"
"3304144";"Queimados";"SARS-CoV-2";2022;24,34;"Baixo-Baixo";"ns";"Não significativo";0,0838;0,473;"não"
"3304151";"Quissamã";"SARS-CoV-2";2022;86,93;"Baixo-Baixo";"ns";"Não significativo";0,99;0,99;"não"
"3304201";"Resende";"SARS-CoV-2";2022;271,08;"Alto-Alto";"ns";"Não significativo";0,491;0,765;"não"
"3304300";"Rio Bonito";"SARS-CoV-2";2022;203,01;"Alto-Baixo";"ns";"Não significativo";0,402;0,698;"não"
"3304409";"Rio Claro";"SARS-CoV-2";2022;143,13;"Alto-Alto";"ns";"Não significativo";0,545;0,796;"não"
"3304508";"Rio das Flores";"SARS-CoV-2";2022;101,28;"Alto-Alto";"indicativo";"Alto-Alto (indicativo)";0,0172;0,316;"não"
"3304524";"Rio das Ostras";"SARS-CoV-2";2022;119,85;"Alto-Alto";"ns";"Não significativo";0,471;0,747;"não"
"3304557";"Rio de Janeiro";"SARS-CoV-2";2022;102,7;"Alto-Baixo";"ns";"Não significativo";0,0724;0,473;"não"
"3304607";"Santa Maria Madalena";"SARS-CoV-2";2022;22,14;"Baixo-Baixo";"ns";"Não significativo";0,649;0,865;"não"
"3304706";"Santo Antônio de Pádua";"SARS-CoV-2";2022;67,75;"Baixo-Alto";"ns";"Não significativo";0,316;0,633;"não"
"3304805";"São Fidélis";"SARS-CoV-2";2022;45,24;"Baixo-Alto";"ns";"Não significativo";0,771;0,909;"não"
"3304755";"São Francisco de Itabapoana";"SARS-CoV-2";2022;60,37;"Baixo-Baixo";"ns";"Não significativo";0,637;0,865;"não"
"3304904";"São Gonçalo";"SARS-CoV-2";2022;101,26;"Alto-Alto";"ns";"Não significativo";0,204;0,572;"não"
"3305000";"São João da Barra";"SARS-CoV-2";2022;45,44;"Baixo-Baixo";"ns";"Não significativo";0,79;0,909;"não"
"3305109";"São João de Meriti";"SARS-CoV-2";2022;50,68;"Baixo-Baixo";"ns";"Não significativo";0,186;0,564;"não"
"3305133";"São José de Ubá";"SARS-CoV-2";2022;39,41;"Baixo-Alto";"ns";"Não significativo";0,19;0,564;"não"
"3305158";"São José do Vale do Rio Preto";"SARS-CoV-2";2022;27,68;"Baixo-Alto";"ns";"Não significativo";0,301;0,625;"não"
"3305208";"São Pedro da Aldeia";"SARS-CoV-2";2022;45,77;"Baixo-Baixo";"ns";"Não significativo";0,945;0,99;"não"
"3305307";"São Sebastião do Alto";"SARS-CoV-2";2022;122,37;"Alto-Baixo";"ns";"Não significativo";0,871;0,954;"não"
"3305406";"Sapucaia";"SARS-CoV-2";2022;135,97;"Alto-Baixo";"ns";"Não significativo";0,981;0,99;"não"
"3305505";"Saquarema";"SARS-CoV-2";2022;26,95;"Baixo-Alto";"ns";"Não significativo";0,386;0,688;"não"
"3305554";"Seropédica";"SARS-CoV-2";2022;50,23;"Baixo-Baixo";"ns";"Não significativo";0,0926;0,473;"não"
"3305604";"Silva Jardim";"SARS-CoV-2";2022;40,95;"Baixo-Alto";"ns";"Não significativo";0,136;0,531;"não"
"3305703";"Sumidouro";"SARS-CoV-2";2022;88,31;"Baixo-Alto";"ns";"Não significativo";0,122;0,531;"não"
"3305752";"Tanguá";"SARS-CoV-2";2022;144,35;"Alto-Alto";"ns";"Não significativo";0,729;0,882;"não"
"3305802";"Teresópolis";"SARS-CoV-2";2022;160,74;"Alto-Alto";"ns";"Não significativo";0,339;0,649;"não"
"3305901";"Trajano de Moraes";"SARS-CoV-2";2022;60,26;"Baixo-Alto";"ns";"Não significativo";0,141;0,531;"não"
"3306008";"Três Rios";"SARS-CoV-2";2022;121,89;"Alto-Alto";"ns";"Não significativo";0,561;0,806;"não"
"3306107";"Valença";"SARS-CoV-2";2022;345,56;"Alto-Alto";"ns";"Não significativo";0,282;0,604;"não"
"3306156";"Varre-Sai";"SARS-CoV-2";2022;29,89;"Baixo-Baixo";"ns";"Não significativo";0,227;0,572;"não"
"3306206";"Vassouras";"SARS-CoV-2";2022;149,33;"Alto-Alto";"ns";"Não significativo";0,239;0,572;"não"
"3306305";"Volta Redonda";"SARS-CoV-2";2022;245,47;"Alto-Alto";"ns";"Não significativo";0,187;0,564;"não"
"3300100";"Angra dos Reis";"SARS-CoV-2";2023;18,12;"Baixo-Baixo";"ns";"Não significativo";0,855;0,955;"não"
"3300159";"Aperibé";"SARS-CoV-2";2023;13,98;"Baixo-Alto";"ns";"Não significativo";0,332;0,666;"não"
"3300209";"Araruama";"SARS-CoV-2";2023;8,87;"Baixo-Baixo";"ns";"Não significativo";0,907;0,955;"não"
"3300225";"Areal";"SARS-CoV-2";2023;24,8;"Alto-Alto";"ns";"Não significativo";0,584;0,84;"não"
"3300233";"Armação dos Búzios";"SARS-CoV-2";2023;2,85;"Baixo-Alto";"ns";"Não significativo";0,643;0,882;"sim"
"3300258";"Arraial do Cabo";"SARS-CoV-2";2023;14,29;"Baixo-Baixo";"ns";"Não significativo";0,456;0,749;"não"
"3300308";"Barra do Piraí";"SARS-CoV-2";2023;44,88;"Alto-Alto";"indicativo";"Alto-Alto (indicativo)";0,0478;0,38;"não"
"3300407";"Barra Mansa";"SARS-CoV-2";2023;17,31;"Baixo-Alto";"indicativo";"Baixo-Alto (indicativo)";0,005;0,38;"não"
"3300456";"Belford Roxo";"SARS-CoV-2";2023;4,42;"Baixo-Baixo";"indicativo";"Baixo-Baixo (indicativo)";0,0364;0,38;"não"
"3300506";"Bom Jardim";"SARS-CoV-2";2023;27,19;"Alto-Alto";"ns";"Não significativo";0,0624;0,38;"não"
"3300605";"Bom Jesus do Itabapoana";"SARS-CoV-2";2023;3,19;"Baixo-Baixo";"ns";"Não significativo";0,293;0,658;"não"
"3300704";"Cabo Frio";"SARS-CoV-2";2023;24,37;"Alto-Baixo";"indicativo";"Alto-Baixo (indicativo)";0,0218;0,38;"não"
"3300803";"Cachoeiras de Macacu";"SARS-CoV-2";2023;13,06;"Baixo-Alto";"ns";"Não significativo";0,052;0,38;"não"
"3300902";"Cambuci";"SARS-CoV-2";2023;70,73;"Alto-Baixo";"ns";"Não significativo";0,136;0,523;"não"
"3301009";"Campos dos Goytacazes";"SARS-CoV-2";2023;27,74;"Alto-Baixo";"ns";"Não significativo";0,0688;0,38;"não"
"3301108";"Cantagalo";"SARS-CoV-2";2023;21,22;"Baixo-Alto";"ns";"Não significativo";0,856;0,955;"não"
"3300936";"Carapebus";"SARS-CoV-2";2023;17,06;"Baixo-Alto";"ns";"Não significativo";0,245;0,643;"não"
"3301157";"Cardoso Moreira";"SARS-CoV-2";2023;7,13;"Baixo-Baixo";"ns";"Não significativo";0,607;0,846;"não"
"3301207";"Carmo";"SARS-CoV-2";2023;53,87;"Alto-Alto";"ns";"Não significativo";0,744;0,912;"não"
"3301306";"Casimiro de Abreu";"SARS-CoV-2";2023;8,21;"Baixo-Alto";"ns";"Não significativo";0,0782;0,38;"não"
"3300951";"Comendador Levy Gasparian";"SARS-CoV-2";2023;9,27;"Baixo-Baixo";"ns";"Não significativo";0,268;0,643;"não"
"3301405";"Conceição de Macabu";"SARS-CoV-2";2023;27,29;"Alto-Alto";"ns";"Não significativo";0,705;0,912;"não"
"3301504";"Cordeiro";"SARS-CoV-2";2023;8,77;"Baixo-Alto";"ns";"Não significativo";0,808;0,953;"não"
"3301603";"Duas Barras";"SARS-CoV-2";2023;38,15;"Alto-Alto";"ns";"Não significativo";0,0618;0,38;"não"
"3301702";"Duque de Caxias";"SARS-CoV-2";2023;9,67;"Baixo-Baixo";"ns";"Não significativo";0,881;0,955;"não"
"3301801";"Engenheiro Paulo de Frontin";"SARS-CoV-2";2023;18,62;"Baixo-Baixo";"ns";"Não significativo";0,834;0,955;"não"
"3301850";"Guapimirim";"SARS-CoV-2";2023;10,84;"Baixo-Alto";"ns";"Não significativo";0,478;0,758;"não"
"3301876";"Iguaba Grande";"SARS-CoV-2";2023;18,53;"Baixo-Baixo";"ns";"Não significativo";0,21;0,643;"não"
"3301900";"Itaboraí";"SARS-CoV-2";2023;17,84;"Baixo-Alto";"ns";"Não significativo";0,431;0,745;"não"
"3302007";"Itaguaí";"SARS-CoV-2";2023;8,22;"Baixo-Baixo";"ns";"Não significativo";0,754;0,912;"não"
"3302056";"Italva";"SARS-CoV-2";2023;11,8;"Baixo-Baixo";"ns";"Não significativo";0,898;0,955;"não"
"3302106";"Itaocara";"SARS-CoV-2";2023;18,57;"Baixo-Baixo";"ns";"Não significativo";0,91;0,955;"não"
"3302205";"Itaperuna";"SARS-CoV-2";2023;11,26;"Baixo-Baixo";"ns";"Não significativo";0,689;0,912;"não"
"3302254";"Itatiaia";"SARS-CoV-2";2023;35,84;"Alto-Alto";"ns";"Não significativo";0,279;0,643;"sim"
"3302270";"Japeri";"SARS-CoV-2";2023;6,05;"Baixo-Baixo";"ns";"Não significativo";0,0604;0,38;"não"
"3302304";"Laje do Muriaé";"SARS-CoV-2";2023;25,83;"Alto-Baixo";"ns";"Não significativo";0,108;0,45;"não"
"3302403";"Macaé";"SARS-CoV-2";2023;54,3;"Alto-Alto";"ns";"Não significativo";0,201;0,643;"não"
"3302452";"Macuco";"SARS-CoV-2";2023;21,29;"Baixo-Baixo";"ns";"Não significativo";0,333;0,666;"não"
"3302502";"Magé";"SARS-CoV-2";2023;7,6;"Baixo-Alto";"ns";"Não significativo";0,327;0,666;"não"
"3302601";"Mangaratiba";"SARS-CoV-2";2023;13,24;"Baixo-Alto";"ns";"Não significativo";0,713;0,912;"não"
"3302700";"Maricá";"SARS-CoV-2";2023;45,93;"Alto-Alto";"ns";"Não significativo";0,499;0,765;"não"
"3302809";"Mendes";"SARS-CoV-2";2023;18,66;"Baixo-Alto";"ns";"Não significativo";0,596;0,844;"não"
"3302858";"Mesquita";"SARS-CoV-2";2023;9,73;"Baixo-Baixo";"ns";"Não significativo";0,0784;0,38;"não"
"3302908";"Miguel Pereira";"SARS-CoV-2";2023;13,21;"Baixo-Baixo";"ns";"Não significativo";0,973;0,973;"não"
"3303005";"Miracema";"SARS-CoV-2";2023;4,01;"Baixo-Baixo";"ns";"Não significativo";0,522;0,788;"não"
"3303104";"Natividade";"SARS-CoV-2";2023;6,4;"Baixo-Baixo";"ns";"Não significativo";0,453;0,749;"não"
"3303203";"Nilópolis";"SARS-CoV-2";2023;11,08;"Baixo-Baixo";"ns";"Não significativo";0,4;0,737;"não"
"3303302";"Niterói";"SARS-CoV-2";2023;54,05;"Alto-Alto";"ns";"Não significativo";0,376;0,72;"não"
"3303401";"Nova Friburgo";"SARS-CoV-2";2023;135,48;"Alto-Alto";"ns";"Não significativo";0,728;0,912;"não"
"3303500";"Nova Iguaçu";"SARS-CoV-2";2023;8,47;"Baixo-Baixo";"indicativo";"Baixo-Baixo (indicativo)";0,0086;0,38;"não"
"3303609";"Paracambi";"SARS-CoV-2";2023;9,03;"Baixo-Baixo";"ns";"Não significativo";0,235;0,643;"não"
"3303708";"Paraíba do Sul";"SARS-CoV-2";2023;6,84;"Baixo-Alto";"ns";"Não significativo";0,318;0,666;"não"
"3303807";"Paraty";"SARS-CoV-2";2023;6,42;"Baixo-Baixo";"ns";"Não significativo";0,935;0,955;"sim"
"3303856";"Paty do Alferes";"SARS-CoV-2";2023;6,49;"Baixo-Alto";"ns";"Não significativo";0,27;0,643;"não"
"3303906";"Petrópolis";"SARS-CoV-2";2023;86,42;"Alto-Baixo";"indicativo";"Alto-Baixo (indicativo)";0,0316;0,38;"não"
"3303955";"Pinheiral";"SARS-CoV-2";2023;30,99;"Alto-Alto";"ns";"Não significativo";0,0672;0,38;"não"
"3304003";"Piraí";"SARS-CoV-2";2023;27,71;"Alto-Alto";"ns";"Não significativo";0,235;0,643;"não"
"3304102";"Porciúncula";"SARS-CoV-2";2023;31,89;"Alto-Baixo";"ns";"Não significativo";0,349;0,684;"não"
"3304110";"Porto Real";"SARS-CoV-2";2023;39,52;"Alto-Alto";"ns";"Não significativo";0,279;0,643;"não"
"3304128";"Quatis";"SARS-CoV-2";2023;48,24;"Alto-Alto";"ns";"Não significativo";0,088;0,386;"não"
"3304144";"Queimados";"SARS-CoV-2";2023;8,88;"Baixo-Baixo";"ns";"Não significativo";0,0858;0,386;"não"
"3304151";"Quissamã";"SARS-CoV-2";2023;33,11;"Alto-Alto";"ns";"Não significativo";0,787;0,94;"não"
"3304201";"Resende";"SARS-CoV-2";2023;44,89;"Alto-Alto";"ns";"Não significativo";0,269;0,643;"não"
"3304300";"Rio Bonito";"SARS-CoV-2";2023;57,61;"Alto-Baixo";"ns";"Não significativo";0,742;0,912;"não"
"3304409";"Rio Claro";"SARS-CoV-2";2023;49,06;"Alto-Alto";"ns";"Não significativo";0,487;0,76;"não"
"3304508";"Rio das Flores";"SARS-CoV-2";2023;43,55;"Alto-Alto";"ns";"Não significativo";0,173;0,588;"não"
"3304524";"Rio das Ostras";"SARS-CoV-2";2023;10,35;"Baixo-Alto";"ns";"Não significativo";0,477;0,758;"não"
"3304557";"Rio de Janeiro";"SARS-CoV-2";2023;22,82;"Baixo-Baixo";"indicativo";"Baixo-Baixo (indicativo)";0,013;0,38;"não"
"3304607";"Santa Maria Madalena";"SARS-CoV-2";2023;8,38;"Baixo-Baixo";"ns";"Não significativo";0,561;0,833;"não"
"3304706";"Santo Antônio de Pádua";"SARS-CoV-2";2023;17,39;"Baixo-Baixo";"ns";"Não significativo";0,927;0,955;"não"
"3304805";"São Fidélis";"SARS-CoV-2";2023;7,32;"Baixo-Baixo";"ns";"Não significativo";0,933;0,955;"não"
"3304755";"São Francisco de Itabapoana";"SARS-CoV-2";2023;14,2;"Baixo-Baixo";"ns";"Não significativo";0,869;0,955;"não"
"3304904";"São Gonçalo";"SARS-CoV-2";2023;20,3;"Baixo-Alto";"ns";"Não significativo";0,227;0,643;"não"
"3305000";"São João da Barra";"SARS-CoV-2";2023;7,73;"Baixo-Baixo";"ns";"Não significativo";0,91;0,955;"não"
"3305109";"São João de Meriti";"SARS-CoV-2";2023;7,27;"Baixo-Baixo";"ns";"Não significativo";0,121;0,486;"não"
"3305133";"São José de Ubá";"SARS-CoV-2";2023;10,52;"Baixo-Alto";"ns";"Não significativo";0,715;0,912;"não"
"3305158";"São José do Vale do Rio Preto";"SARS-CoV-2";2023;4,76;"Baixo-Alto";"ns";"Não significativo";0,401;0,737;"não"
"3305208";"São Pedro da Aldeia";"SARS-CoV-2";2023;9,17;"Baixo-Baixo";"ns";"Não significativo";0,579;0,84;"não"
"3305307";"São Sebastião do Alto";"SARS-CoV-2";2023;9,98;"Baixo-Baixo";"ns";"Não significativo";0,319;0,666;"não"
"3305406";"Sapucaia";"SARS-CoV-2";2023;22,74;"Baixo-Baixo";"ns";"Não significativo";0,951;0,962;"não"
"3305505";"Saquarema";"SARS-CoV-2";2023;18,76;"Baixo-Alto";"ns";"Não significativo";0,264;0,643;"não"
"3305554";"Seropédica";"SARS-CoV-2";2023;11,73;"Baixo-Baixo";"indicativo";"Baixo-Baixo (indicativo)";0,0498;0,38;"não"
"3305604";"Silva Jardim";"SARS-CoV-2";2023;23,35;"Baixo-Alto";"ns";"Não significativo";0,0744;0,38;"não"
"3305703";"Sumidouro";"SARS-CoV-2";2023;15,94;"Baixo-Alto";"indicativo";"Baixo-Alto (indicativo)";0,0408;0,38;"não"
"3305752";"Tanguá";"SARS-CoV-2";2023;33;"Alto-Alto";"ns";"Não significativo";0,429;0,745;"não"
"3305802";"Teresópolis";"SARS-CoV-2";2023;22,34;"Baixo-Alto";"ns";"Não significativo";0,0602;0,38;"não"
"3305901";"Trajano de Moraes";"SARS-CoV-2";2023;14,64;"Baixo-Alto";"ns";"Não significativo";0,151;0,541;"não"
"3306008";"Três Rios";"SARS-CoV-2";2023;13,22;"Baixo-Alto";"ns";"Não significativo";0,696;0,912;"não"
"3306107";"Valença";"SARS-CoV-2";2023;82,97;"Alto-Alto";"ns";"Não significativo";0,153;0,541;"não"
"3306156";"Varre-Sai";"SARS-CoV-2";2023;14,72;"Baixo-Baixo";"ns";"Não significativo";0,437;0,745;"não"
"3306206";"Vassouras";"SARS-CoV-2";2023;38,01;"Alto-Alto";"ns";"Não significativo";0,416;0,745;"não"
"3306305";"Volta Redonda";"SARS-CoV-2";2023;87,52;"Alto-Alto";"ns";"Não significativo";0,26;0,643;"não"
"3300100";"Angra dos Reis";"SARS-CoV-2";2024;11,84;"Baixo-Baixo";"ns";"Não significativo";0,817;0,94;"não"
"3300159";"Aperibé";"SARS-CoV-2";2024;7,45;"Baixo-Alto";"ns";"Não significativo";0,0552;0,564;"não"
"3300209";"Araruama";"SARS-CoV-2";2024;4,55;"Baixo-Baixo";"ns";"Não significativo";0,894;0,946;"não"
"3300225";"Areal";"SARS-CoV-2";2024;14,64;"Alto-Baixo";"ns";"Não significativo";0,742;0,939;"não"
"3300233";"Armação dos Búzios";"SARS-CoV-2";2024;8,65;"Baixo-Baixo";"ns";"Não significativo";0,755;0,939;"sim"
"3300258";"Arraial do Cabo";"SARS-CoV-2";2024;6,2;"Baixo-Baixo";"ns";"Não significativo";0,516;0,778;"não"
"3300308";"Barra do Piraí";"SARS-CoV-2";2024;18,5;"Alto-Alto";"ns";"Não significativo";0,386;0,658;"não"
"3300407";"Barra Mansa";"SARS-CoV-2";2024;11,17;"Baixo-Alto";"indicativo";"Baixo-Alto (indicativo)";0,0336;0,564;"não"
"3300456";"Belford Roxo";"SARS-CoV-2";2024;2,62;"Baixo-Baixo";"ns";"Não significativo";0,0894;0,587;"não"
"3300506";"Bom Jardim";"SARS-CoV-2";2024;20,13;"Alto-Alto";"ns";"Não significativo";0,181;0,588;"não"
"3300605";"Bom Jesus do Itabapoana";"SARS-CoV-2";2024;3,75;"Baixo-Baixo";"ns";"Não significativo";0,373;0,652;"não"
"3300704";"Cabo Frio";"SARS-CoV-2";2024;11,84;"Baixo-Baixo";"indicativo";"Baixo-Baixo (indicativo)";0,0466;0,564;"não"
"3300803";"Cachoeiras de Macacu";"SARS-CoV-2";2024;7,98;"Baixo-Alto";"ns";"Não significativo";0,0848;0,587;"não"
"3300902";"Cambuci";"SARS-CoV-2";2024;77,07;"Alto-Baixo";"ns";"Não significativo";0,23;0,588;"não"
"3301009";"Campos dos Goytacazes";"SARS-CoV-2";2024;15,54;"Alto-Baixo";"ns";"Não significativo";0,792;0,94;"não"
"3301108";"Cantagalo";"SARS-CoV-2";2024;8,49;"Baixo-Baixo";"ns";"Não significativo";0,525;0,779;"não"
"3300936";"Carapebus";"SARS-CoV-2";2024;6,7;"Baixo-Alto";"ns";"Não significativo";0,137;0,588;"não"
"3301157";"Cardoso Moreira";"SARS-CoV-2";2024;6,92;"Baixo-Baixo";"ns";"Não significativo";0,818;0,94;"não"
"3301207";"Carmo";"SARS-CoV-2";2024;21,41;"Alto-Baixo";"ns";"Não significativo";0,434;0,677;"não"
"3301306";"Casimiro de Abreu";"SARS-CoV-2";2024;9,4;"Baixo-Alto";"ns";"Não significativo";0,406;0,673;"não"
"3300951";"Comendador Levy Gasparian";"SARS-CoV-2";2024;8,19;"Baixo-Baixo";"ns";"Não significativo";0,352;0,651;"não"
"3301405";"Conceição de Macabu";"SARS-CoV-2";2024;10,82;"Baixo-Alto";"ns";"Não significativo";0,266;0,593;"não"
"3301504";"Cordeiro";"SARS-CoV-2";2024;5,38;"Baixo-Baixo";"ns";"Não significativo";0,841;0,944;"não"
"3301603";"Duas Barras";"SARS-CoV-2";2024;7,46;"Baixo-Alto";"ns";"Não significativo";0,172;0,588;"não"
"3301702";"Duque de Caxias";"SARS-CoV-2";2024;7,94;"Baixo-Baixo";"ns";"Não significativo";0,18;0,588;"não"
"3301801";"Engenheiro Paulo de Frontin";"SARS-CoV-2";2024;7,11;"Baixo-Baixo";"ns";"Não significativo";0,375;0,652;"não"
"3301850";"Guapimirim";"SARS-CoV-2";2024;14,41;"Alto-Alto";"ns";"Não significativo";0,722;0,935;"não"
"3301876";"Iguaba Grande";"SARS-CoV-2";2024;17,94;"Alto-Baixo";"indicativo";"Alto-Baixo (indicativo)";0,0156;0,478;"não"
"3301900";"Itaboraí";"SARS-CoV-2";2024;10,18;"Baixo-Alto";"ns";"Não significativo";0,258;0,593;"não"
"3302007";"Itaguaí";"SARS-CoV-2";2024;6,45;"Baixo-Baixo";"ns";"Não significativo";0,885;0,946;"não"
"3302056";"Italva";"SARS-CoV-2";2024;13,5;"Alto-Alto";"ns";"Não significativo";0,232;0,588;"não"
"3302106";"Itaocara";"SARS-CoV-2";2024;10,29;"Baixo-Alto";"ns";"Não significativo";0,204;0,588;"não"
"3302205";"Itaperuna";"SARS-CoV-2";2024;2,41;"Baixo-Alto";"ns";"Não significativo";0,325;0,636;"não"
"3302254";"Itatiaia";"SARS-CoV-2";2024;23,09;"Alto-Alto";"ns";"Não significativo";0,0998;0,588;"sim"
"3302270";"Japeri";"SARS-CoV-2";2024;3,38;"Baixo-Baixo";"ns";"Não significativo";0,068;0,569;"não"
"3302304";"Laje do Muriaé";"SARS-CoV-2";2024;8,73;"Baixo-Baixo";"indicativo";"Baixo-Baixo (indicativo)";0,0138;0,478;"não"
"3302403";"Macaé";"SARS-CoV-2";2024;13,25;"Alto-Alto";"ns";"Não significativo";0,293;0,599;"não"
"3302452";"Macuco";"SARS-CoV-2";2024;9,58;"Baixo-Baixo";"ns";"Não significativo";0,748;0,939;"não"
"3302502";"Magé";"SARS-CoV-2";2024;5;"Baixo-Alto";"ns";"Não significativo";0,584;0,827;"não"
"3302601";"Mangaratiba";"SARS-CoV-2";2024;10,19;"Baixo-Baixo";"ns";"Não significativo";0,882;0,946;"não"
"3302700";"Maricá";"SARS-CoV-2";2024;29,09;"Alto-Alto";"ns";"Não significativo";0,413;0,673;"não"
"3302809";"Mendes";"SARS-CoV-2";2024;5,94;"Baixo-Baixo";"ns";"Não significativo";0,91;0,946;"não"
"3302858";"Mesquita";"SARS-CoV-2";2024;8,76;"Baixo-Baixo";"ns";"Não significativo";0,088;0,587;"não"
"3302908";"Miguel Pereira";"SARS-CoV-2";2024;6,88;"Baixo-Baixo";"ns";"Não significativo";0,208;0,588;"não"
"3303005";"Miracema";"SARS-CoV-2";2024;4,51;"Baixo-Baixo";"ns";"Não significativo";0,141;0,588;"não"
"3303104";"Natividade";"SARS-CoV-2";2024;6,43;"Baixo-Baixo";"indicativo";"Baixo-Baixo (indicativo)";0,0316;0,564;"não"
"3303203";"Nilópolis";"SARS-CoV-2";2024;9,37;"Baixo-Baixo";"ns";"Não significativo";0,56;0,808;"não"
"3303302";"Niterói";"SARS-CoV-2";2024;20,5;"Alto-Alto";"ns";"Não significativo";0,212;0,588;"não"
"3303401";"Nova Friburgo";"SARS-CoV-2";2024;54,55;"Alto-Alto";"ns";"Não significativo";0,658;0,891;"não"
"3303500";"Nova Iguaçu";"SARS-CoV-2";2024;4,54;"Baixo-Baixo";"indicativo";"Baixo-Baixo (indicativo)";0,0082;0,478;"não"
"3303609";"Paracambi";"SARS-CoV-2";2024;11,9;"Baixo-Baixo";"ns";"Não significativo";0,107;0,588;"não"
"3303708";"Paraíba do Sul";"SARS-CoV-2";2024;4,98;"Baixo-Baixo";"ns";"Não significativo";0,805;0,94;"não"
"3303807";"Paraty";"SARS-CoV-2";2024;9,54;"Baixo-Baixo";"ns";"Não significativo";0,776;0,94;"sim"
"3303856";"Paty do Alferes";"SARS-CoV-2";2024;4,22;"Baixo-Baixo";"ns";"Não significativo";0,811;0,94;"não"
"3303906";"Petrópolis";"SARS-CoV-2";2024;21,94;"Alto-Baixo";"ns";"Não significativo";0,31;0,62;"não"
"3303955";"Pinheiral";"SARS-CoV-2";2024;19,97;"Alto-Alto";"ns";"Não significativo";0,129;0,588;"não"
"3304003";"Piraí";"SARS-CoV-2";2024;15,87;"Alto-Alto";"ns";"Não significativo";0,35;0,651;"não"
"3304102";"Porciúncula";"SARS-CoV-2";2024;9,05;"Baixo-Baixo";"ns";"Não significativo";0,354;0,651;"não"
"3304110";"Porto Real";"SARS-CoV-2";2024;19,42;"Alto-Alto";"ns";"Não significativo";0,116;0,588;"não"
"3304128";"Quatis";"SARS-CoV-2";2024;30,99;"Alto-Alto";"ns";"Não significativo";0,235;0,588;"não"
"3304144";"Queimados";"SARS-CoV-2";2024;1,8;"Baixo-Baixo";"ns";"Não significativo";0,0516;0,564;"não"
"3304151";"Quissamã";"SARS-CoV-2";2024;50,08;"Alto-Baixo";"ns";"Não significativo";0,94;0,946;"não"
"3304201";"Resende";"SARS-CoV-2";2024;34,76;"Alto-Alto";"ns";"Não significativo";0,19;0,588;"não"
"3304300";"Rio Bonito";"SARS-CoV-2";2024;28,38;"Alto-Baixo";"ns";"Não significativo";0,832;0,944;"não"
"3304409";"Rio Claro";"SARS-CoV-2";2024;18,21;"Alto-Alto";"ns";"Não significativo";0,443;0,679;"não"
"3304508";"Rio das Flores";"SARS-CoV-2";2024;12,29;"Baixo-Baixo";"ns";"Não significativo";0,648;0,89;"não"
"3304524";"Rio das Ostras";"SARS-CoV-2";2024;8,18;"Baixo-Baixo";"ns";"Não significativo";0,939;0,946;"não"
"3304557";"Rio de Janeiro";"SARS-CoV-2";2024;13,22;"Alto-Baixo";"ns";"Não significativo";0,0638;0,569;"não"
"3304607";"Santa Maria Madalena";"SARS-CoV-2";2024;7,69;"Baixo-Baixo";"ns";"Não significativo";0,904;0,946;"não"
"3304706";"Santo Antônio de Pádua";"SARS-CoV-2";2024;8,47;"Baixo-Alto";"ns";"Não significativo";0,237;0,588;"não"
"3304805";"São Fidélis";"SARS-CoV-2";2024;8,85;"Baixo-Alto";"ns";"Não significativo";0,173;0,588;"não"
"3304755";"São Francisco de Itabapoana";"SARS-CoV-2";2024;4,74;"Baixo-Baixo";"ns";"Não significativo";0,946;0,946;"não"
"3304904";"São Gonçalo";"SARS-CoV-2";2024;16,3;"Alto-Alto";"ns";"Não significativo";0,277;0,593;"não"
"3305000";"São João da Barra";"SARS-CoV-2";2024;7,39;"Baixo-Baixo";"ns";"Não significativo";0,881;0,946;"não"
"3305109";"São João de Meriti";"SARS-CoV-2";2024;5,18;"Baixo-Baixo";"ns";"Não significativo";0,267;0,593;"não"
"3305133";"São José de Ubá";"SARS-CoV-2";2024;8,83;"Baixo-Alto";"ns";"Não significativo";0,151;0,588;"não"
"3305158";"São José do Vale do Rio Preto";"SARS-CoV-2";2024;5,19;"Baixo-Alto";"ns";"Não significativo";0,611;0,852;"não"
"3305208";"São Pedro da Aldeia";"SARS-CoV-2";2024;3,15;"Baixo-Baixo";"ns";"Não significativo";0,669;0,892;"não"
"3305307";"São Sebastião do Alto";"SARS-CoV-2";2024;8,57;"Baixo-Baixo";"ns";"Não significativo";0,691;0,908;"não"
"3305406";"Sapucaia";"SARS-CoV-2";2024;5,9;"Baixo-Baixo";"ns";"Não significativo";0,924;0,946;"não"
"3305505";"Saquarema";"SARS-CoV-2";2024;19,06;"Alto-Alto";"ns";"Não significativo";0,261;0,593;"não"
"3305554";"Seropédica";"SARS-CoV-2";2024;9;"Baixo-Baixo";"ns";"Não significativo";0,0528;0,564;"não"
"3305604";"Silva Jardim";"SARS-CoV-2";2024;8,02;"Baixo-Alto";"ns";"Não significativo";0,181;0,588;"não"
"3305703";"Sumidouro";"SARS-CoV-2";2024;12,98;"Baixo-Alto";"ns";"Não significativo";0,21;0,588;"não"
"3305752";"Tanguá";"SARS-CoV-2";2024;16,71;"Alto-Alto";"ns";"Não significativo";0,276;0,593;"não"
"3305802";"Teresópolis";"SARS-CoV-2";2024;23,48;"Alto-Alto";"ns";"Não significativo";0,218;0,588;"não"
"3305901";"Trajano de Moraes";"SARS-CoV-2";2024;19,5;"Alto-Alto";"ns";"Não significativo";0,419;0,673;"não"
"3306008";"Três Rios";"SARS-CoV-2";2024;9,22;"Baixo-Baixo";"ns";"Não significativo";0,562;0,808;"não"
"3306107";"Valença";"SARS-CoV-2";2024;13,86;"Alto-Alto";"ns";"Não significativo";0,424;0,673;"não"
"3306156";"Varre-Sai";"SARS-CoV-2";2024;7,7;"Baixo-Baixo";"ns";"Não significativo";0,134;0,588;"não"
"3306206";"Vassouras";"SARS-CoV-2";2024;9,77;"Baixo-Baixo";"ns";"Não significativo";0,286;0,597;"não"
"3306305";"Volta Redonda";"SARS-CoV-2";2024;41,39;"Alto-Alto";"ns";"Não significativo";0,365;0,652;"não"
"3300100";"Angra dos Reis";"SARS-CoV-2";2025;7,05;"Alto-Alto";"ns";"Não significativo";0,672;0,799;"não"
"3300159";"Aperibé";"SARS-CoV-2";2025;5,17;"Baixo-Baixo";"ns";"Não significativo";0,82;0,887;"não"
"3300209";"Araruama";"SARS-CoV-2";2025;2,24;"Baixo-Alto";"ns";"Não significativo";0,473;0,691;"não"
"3300225";"Areal";"SARS-CoV-2";2025;5,1;"Baixo-Baixo";"ns";"Não significativo";0,892;0,933;"não"
"3300233";"Armação dos Búzios";"SARS-CoV-2";2025;7,72;"Alto-Alto";"ns";"Não significativo";0,4;0,623;"sim"
"3300258";"Arraial do Cabo";"SARS-CoV-2";2025;3,85;"Baixo-Baixo";"ns";"Não significativo";0,289;0,541;"não"
"3300308";"Barra do Piraí";"SARS-CoV-2";2025;8,18;"Alto-Alto";"indicativo";"Alto-Alto (indicativo)";0,0188;0,247;"não"
"3300407";"Barra Mansa";"SARS-CoV-2";2025;9,55;"Alto-Alto";"indicativo";"Alto-Alto (indicativo)";0,0316;0,308;"não"
"3300456";"Belford Roxo";"SARS-CoV-2";2025;3,55;"Baixo-Baixo";"ns";"Não significativo";0,192;0,51;"não"
"3300506";"Bom Jardim";"SARS-CoV-2";2025;3,99;"Baixo-Alto";"ns";"Não significativo";0,329;0,541;"não"
"3300605";"Bom Jesus do Itabapoana";"SARS-CoV-2";2025;7,06;"Alto-Baixo";"indicativo";"Alto-Baixo (indicativo)";0,0356;0,308;"não"
"3300704";"Cabo Frio";"SARS-CoV-2";2025;7,68;"Alto-Baixo";"ns";"Não significativo";0,529;0,721;"não"
"3300803";"Cachoeiras de Macacu";"SARS-CoV-2";2025;4,71;"Baixo-Alto";"indicativo";"Baixo-Alto (indicativo)";0,042;0,321;"não"
"3300902";"Cambuci";"SARS-CoV-2";2025;7,91;"Alto-Baixo";"ns";"Não significativo";0,223;0,51;"não"
"3301009";"Campos dos Goytacazes";"SARS-CoV-2";2025;3,02;"Baixo-Baixo";"ns";"Não significativo";0,0818;0,366;"não"
"3301108";"Cantagalo";"SARS-CoV-2";2025;4,54;"Baixo-Baixo";"ns";"Não significativo";0,284;0,541;"não"
"3300936";"Carapebus";"SARS-CoV-2";2025;6,47;"Alto-Alto";"ns";"Não significativo";0,103;0,412;"não"
"3301157";"Cardoso Moreira";"SARS-CoV-2";2025;5,01;"Baixo-Baixo";"ns";"Não significativo";0,21;0,51;"não"
"3301207";"Carmo";"SARS-CoV-2";2025;4,69;"Baixo-Baixo";"ns";"Não significativo";0,986;0,997;"não"
"3301306";"Casimiro de Abreu";"SARS-CoV-2";2025;8,25;"Alto-Alto";"indicativo";"Alto-Alto (indicativo)";0,0368;0,308;"não"
"3300951";"Comendador Levy Gasparian";"SARS-CoV-2";2025;5,37;"Baixo-Baixo";"ns";"Não significativo";0,173;0,51;"não"
"3301405";"Conceição de Macabu";"SARS-CoV-2";2025;4,43;"Baixo-Alto";"ns";"Não significativo";0,312;0,541;"não"
"3301504";"Cordeiro";"SARS-CoV-2";2025;4,45;"Baixo-Baixo";"ns";"Não significativo";0,241;0,527;"não"
"3301603";"Duas Barras";"SARS-CoV-2";2025;5,17;"Baixo-Alto";"ns";"Não significativo";0,607;0,755;"não"
"3301702";"Duque de Caxias";"SARS-CoV-2";2025;4,28;"Baixo-Baixo";"ns";"Não significativo";0,198;0,51;"não"
"3301801";"Engenheiro Paulo de Frontin";"SARS-CoV-2";2025;8,21;"Alto-Baixo";"ns";"Não significativo";0,879;0,93;"não"
"3301850";"Guapimirim";"SARS-CoV-2";2025;5,91;"Baixo-Baixo";"ns";"Não significativo";0,811;0,887;"não"
"3301876";"Iguaba Grande";"SARS-CoV-2";2025;5,24;"Baixo-Baixo";"indicativo";"Baixo-Baixo (indicativo)";0,007;0,247;"não"
"3301900";"Itaboraí";"SARS-CoV-2";2025;5,57;"Baixo-Alto";"ns";"Não significativo";0,091;0,381;"não"
"3302007";"Itaguaí";"SARS-CoV-2";2025;5,84;"Baixo-Baixo";"ns";"Não significativo";0,435;0,656;"não"
"3302056";"Italva";"SARS-CoV-2";2025;4,92;"Baixo-Baixo";"ns";"Não significativo";0,47;0,691;"não"
"3302106";"Itaocara";"SARS-CoV-2";2025;7;"Alto-Baixo";"ns";"Não significativo";0,517;0,721;"não"
"3302205";"Itaperuna";"SARS-CoV-2";2025;3,3;"Baixo-Baixo";"ns";"Não significativo";0,569;0,735;"não"
"3302254";"Itatiaia";"SARS-CoV-2";2025;5,05;"Baixo-Alto";"ns";"Não significativo";0,619;0,759;"sim"
"3302270";"Japeri";"SARS-CoV-2";2025;4,72;"Baixo-Baixo";"indicativo";"Baixo-Baixo (indicativo)";0,0158;0,247;"não"
"3302304";"Laje do Muriaé";"SARS-CoV-2";2025;7,21;"Alto-Baixo";"ns";"Não significativo";0,05;0,321;"não"
"3302403";"Macaé";"SARS-CoV-2";2025;19,41;"Alto-Alto";"ns";"Não significativo";0,18;0,51;"não"
"3302452";"Macuco";"SARS-CoV-2";2025;5,7;"Baixo-Baixo";"ns";"Não significativo";0,323;0,541;"não"
"3302502";"Magé";"SARS-CoV-2";2025;3,46;"Baixo-Alto";"ns";"Não significativo";0,74;0,851;"não"
"3302601";"Mangaratiba";"SARS-CoV-2";2025;5,52;"Baixo-Alto";"ns";"Não significativo";0,695;0,809;"não"
"3302700";"Maricá";"SARS-CoV-2";2025;8,06;"Alto-Alto";"ns";"Não significativo";0,319;0,541;"não"
"3302809";"Mendes";"SARS-CoV-2";2025;4,67;"Baixo-Alto";"ns";"Não significativo";0,362;0,575;"não"
"3302858";"Mesquita";"SARS-CoV-2";2025;5,32;"Baixo-Baixo";"ns";"Não significativo";0,0648;0,357;"não"
"3302908";"Miguel Pereira";"SARS-CoV-2";2025;4,07;"Baixo-Baixo";"ns";"Não significativo";0,946;0,976;"não"
"3303005";"Miracema";"SARS-CoV-2";2025;4,06;"Baixo-Baixo";"ns";"Não significativo";0,272;0,541;"não"
"3303104";"Natividade";"SARS-CoV-2";2025;4,85;"Baixo-Baixo";"ns";"Não significativo";0,412;0,631;"não"
"3303203";"Nilópolis";"SARS-CoV-2";2025;3,5;"Baixo-Baixo";"ns";"Não significativo";0,534;0,721;"não"
"3303302";"Niterói";"SARS-CoV-2";2025;8,49;"Alto-Alto";"ns";"Não significativo";0,209;0,51;"não"
"3303401";"Nova Friburgo";"SARS-CoV-2";2025;15,42;"Alto-Alto";"ns";"Não significativo";0,258;0,527;"não"
"3303500";"Nova Iguaçu";"SARS-CoV-2";2025;4,95;"Baixo-Baixo";"indicativo";"Baixo-Baixo (indicativo)";0,0176;0,247;"não"
"3303609";"Paracambi";"SARS-CoV-2";2025;4,46;"Baixo-Baixo";"ns";"Não significativo";0,485;0,698;"não"
"3303708";"Paraíba do Sul";"SARS-CoV-2";2025;4,42;"Baixo-Baixo";"ns";"Não significativo";0,997;0,997;"não"
"3303807";"Paraty";"SARS-CoV-2";2025;7,32;"Alto-Alto";"ns";"Não significativo";0,541;0,721;"sim"
"3303856";"Paty do Alferes";"SARS-CoV-2";2025;3,91;"Baixo-Alto";"ns";"Não significativo";0,554;0,729;"não"
"3303906";"Petrópolis";"SARS-CoV-2";2025;8,74;"Alto-Baixo";"indicativo";"Alto-Baixo (indicativo)";0,0328;0,308;"não"
"3303955";"Pinheiral";"SARS-CoV-2";2025;8,18;"Alto-Alto";"indicativo";"Alto-Alto (indicativo)";0,0182;0,247;"não"
"3304003";"Piraí";"SARS-CoV-2";2025;6,53;"Alto-Alto";"ns";"Não significativo";0,07;0,358;"não"
"3304102";"Porciúncula";"SARS-CoV-2";2025;4,68;"Baixo-Baixo";"ns";"Não significativo";0,583;0,735;"não"
"3304110";"Porto Real";"SARS-CoV-2";2025;7,25;"Alto-Alto";"ns";"Não significativo";0,258;0,527;"não"
"3304128";"Quatis";"SARS-CoV-2";2025;8,02;"Alto-Alto";"ns";"Não significativo";0,227;0,51;"não"
"3304144";"Queimados";"SARS-CoV-2";2025;3,11;"Baixo-Baixo";"ns";"Não significativo";0,177;0,51;"não"
"3304151";"Quissamã";"SARS-CoV-2";2025;5,7;"Baixo-Baixo";"ns";"Não significativo";0,246;0,527;"não"
"3304201";"Resende";"SARS-CoV-2";2025;6,48;"Alto-Alto";"ns";"Não significativo";0,327;0,541;"não"
"3304300";"Rio Bonito";"SARS-CoV-2";2025;14,73;"Alto-Baixo";"ns";"Não significativo";0,677;0,799;"não"
"3304409";"Rio Claro";"SARS-CoV-2";2025;6,13;"Baixo-Alto";"ns";"Não significativo";0,0524;0,321;"não"
"3304508";"Rio das Flores";"SARS-CoV-2";2025;5,35;"Baixo-Alto";"ns";"Não significativo";0,296;0,541;"não"
"3304524";"Rio das Ostras";"SARS-CoV-2";2025;6,03;"Baixo-Alto";"indicativo";"Baixo-Alto (indicativo)";0,0178;0,247;"não"
"3304557";"Rio de Janeiro";"SARS-CoV-2";2025;5,89;"Baixo-Baixo";"ns";"Não significativo";0,0518;0,321;"não"
"3304607";"Santa Maria Madalena";"SARS-CoV-2";2025;5,24;"Baixo-Baixo";"ns";"Não significativo";0,175;0,51;"não"
"3304706";"Santo Antônio de Pádua";"SARS-CoV-2";2025;3,41;"Baixo-Baixo";"ns";"Não significativo";0,774;0,88;"não"
"3304805";"São Fidélis";"SARS-CoV-2";2025;5,67;"Baixo-Baixo";"ns";"Não significativo";0,582;0,735;"não"
"3304755";"São Francisco de Itabapoana";"SARS-CoV-2";2025;3,28;"Baixo-Baixo";"ns";"Não significativo";0,066;0,357;"não"
"3304904";"São Gonçalo";"SARS-CoV-2";2025;8,53;"Alto-Alto";"ns";"Não significativo";0,339;0,547;"não"
"3305000";"São João da Barra";"SARS-CoV-2";2025;4,71;"Baixo-Baixo";"indicativo";"Baixo-Baixo (indicativo)";0,0068;0,247;"não"
"3305109";"São João de Meriti";"SARS-CoV-2";2025;4,29;"Baixo-Baixo";"ns";"Não significativo";0,0836;0,366;"não"
"3305133";"São José de Ubá";"SARS-CoV-2";2025;5,53;"Baixo-Baixo";"ns";"Não significativo";0,173;0,51;"não"
"3305158";"São José do Vale do Rio Preto";"SARS-CoV-2";2025;5,72;"Baixo-Alto";"ns";"Não significativo";0,803;0,887;"não"
"3305208";"São Pedro da Aldeia";"SARS-CoV-2";2025;4,47;"Baixo-Baixo";"ns";"Não significativo";0,224;0,51;"não"
"3305307";"São Sebastião do Alto";"SARS-CoV-2";2025;5,47;"Baixo-Baixo";"ns";"Não significativo";0,676;0,799;"não"
"3305406";"Sapucaia";"SARS-CoV-2";2025;7,54;"Alto-Baixo";"ns";"Não significativo";0,497;0,703;"não"
"3305505";"Saquarema";"SARS-CoV-2";2025;4,94;"Baixo-Alto";"ns";"Não significativo";0,162;0,51;"não"
"3305554";"Seropédica";"SARS-CoV-2";2025;3,85;"Baixo-Baixo";"ns";"Não significativo";0,145;0,51;"não"
"3305604";"Silva Jardim";"SARS-CoV-2";2025;5,78;"Baixo-Alto";"ns";"Não significativo";0,0744;0,36;"não"
"3305703";"Sumidouro";"SARS-CoV-2";2025;6,33;"Alto-Alto";"ns";"Não significativo";0,318;0,541;"não"
"3305752";"Tanguá";"SARS-CoV-2";2025;9,81;"Alto-Alto";"ns";"Não significativo";0,306;0,541;"não"
"3305802";"Teresópolis";"SARS-CoV-2";2025;5,81;"Baixo-Alto";"ns";"Não significativo";0,221;0,51;"não"
"3305901";"Trajano de Moraes";"SARS-CoV-2";2025;5,23;"Baixo-Alto";"ns";"Não significativo";0,124;0,476;"não"
"3306008";"Três Rios";"SARS-CoV-2";2025;3,92;"Baixo-Baixo";"ns";"Não significativo";0,854;0,913;"não"
"3306107";"Valença";"SARS-CoV-2";2025;9,17;"Alto-Alto";"ns";"Não significativo";0,192;0,51;"não"
"3306156";"Varre-Sai";"SARS-CoV-2";2025;5,24;"Baixo-Baixo";"ns";"Não significativo";0,793;0,887;"não"
"3306206";"Vassouras";"SARS-CoV-2";2025;9,46;"Alto-Baixo";"ns";"Não significativo";0,955;0,976;"não"
"3306305";"Volta Redonda";"SARS-CoV-2";2025;20,01;"Alto-Alto";"ns";"Não significativo";0,187;0,51;"não"
"3300100";"Angra dos Reis";"VSR";2022;3,1;"Baixo-Baixo";"ns";"Não significativo";0,808;0,966;"não"
"3300159";"Aperibé";"VSR";2022;5,24;"Alto-Baixo";"ns";"Não significativo";0,56;0,924;"não"
"3300209";"Araruama";"VSR";2022;3,84;"Baixo-Baixo";"ns";"Não significativo";0,797;0,966;"não"
"3300225";"Areal";"VSR";2022;5,14;"Baixo-Alto";"ns";"Não significativo";0,261;0,734;"não"
"3300233";"Armação dos Búzios";"VSR";2022;4,48;"Baixo-Alto";"ns";"Não significativo";0,255;0,734;"sim"
"3300258";"Arraial do Cabo";"VSR";2022;5,16;"Alto-Baixo";"ns";"Não significativo";0,734;0,966;"não"
"3300308";"Barra do Piraí";"VSR";2022;2,53;"Baixo-Alto";"ns";"Não significativo";0,166;0,734;"não"
"3300407";"Barra Mansa";"VSR";2022;1,54;"Baixo-Alto";"ns";"Não significativo";0,194;0,734;"não"
"3300456";"Belford Roxo";"VSR";2022;2,75;"Baixo-Baixo";"ns";"Não significativo";0,985;0,998;"não"
"3300506";"Bom Jardim";"VSR";2022;3,66;"Baixo-Baixo";"ns";"Não significativo";0,563;0,924;"não"
"3300605";"Bom Jesus do Itabapoana";"VSR";2022;3,25;"Baixo-Baixo";"ns";"Não significativo";0,998;0,998;"não"
"3300704";"Cabo Frio";"VSR";2022;6,41;"Alto-Baixo";"ns";"Não significativo";0,603;0,93;"não"
"3300803";"Cachoeiras de Macacu";"VSR";2022;2,42;"Baixo-Baixo";"ns";"Não significativo";0,682;0,966;"não"
"3300902";"Cambuci";"VSR";2022;4,8;"Baixo-Baixo";"ns";"Não significativo";0,331;0,775;"não"
"3301009";"Campos dos Goytacazes";"VSR";2022;4,11;"Baixo-Baixo";"ns";"Não significativo";0,414;0,794;"não"
"3301108";"Cantagalo";"VSR";2022;4,32;"Baixo-Baixo";"ns";"Não significativo";0,949;0,998;"não"
"3300936";"Carapebus";"VSR";2022;4,89;"Baixo-Baixo";"ns";"Não significativo";0,352;0,79;"não"
"3301157";"Cardoso Moreira";"VSR";2022;5;"Baixo-Baixo";"ns";"Não significativo";0,616;0,93;"não"
"3301207";"Carmo";"VSR";2022;4,53;"Baixo-Baixo";"ns";"Não significativo";0,908;0,995;"não"
"3301306";"Casimiro de Abreu";"VSR";2022;4,11;"Baixo-Baixo";"ns";"Não significativo";0,531;0,924;"não"
"3300951";"Comendador Levy Gasparian";"VSR";2022;5,56;"Alto-Baixo";"ns";"Não significativo";0,173;0,734;"não"
"3301405";"Conceição de Macabu";"VSR";2022;4,17;"Baixo-Baixo";"ns";"Não significativo";0,755;0,966;"não"
"3301504";"Cordeiro";"VSR";2022;4,2;"Baixo-Baixo";"ns";"Não significativo";0,821;0,968;"não"
"3301603";"Duas Barras";"VSR";2022;5,25;"Alto-Baixo";"ns";"Não significativo";0,287;0,734;"não"
"3301702";"Duque de Caxias";"VSR";2022;10,29;"Alto-Alto";"ns";"Não significativo";0,259;0,734;"não"
"3301801";"Engenheiro Paulo de Frontin";"VSR";2022;5,08;"Baixo-Baixo";"ns";"Não significativo";0,798;0,966;"não"
"3301850";"Guapimirim";"VSR";2022;6,33;"Alto-Alto";"ns";"Não significativo";0,258;0,734;"não"
"3301876";"Iguaba Grande";"VSR";2022;3,67;"Baixo-Baixo";"ns";"Não significativo";0,615;0,93;"não"
"3301900";"Itaboraí";"VSR";2022;5,57;"Alto-Alto";"ns";"Não significativo";0,371;0,794;"não"
"3302007";"Itaguaí";"VSR";2022;2,11;"Baixo-Baixo";"ns";"Não significativo";0,755;0,966;"não"
"3302056";"Italva";"VSR";2022;4,86;"Baixo-Baixo";"ns";"Não significativo";0,18;0,734;"não"
"3302106";"Itaocara";"VSR";2022;4,02;"Baixo-Baixo";"ns";"Não significativo";0,713;0,966;"não"
"3302205";"Itaperuna";"VSR";2022;1,59;"Baixo-Baixo";"ns";"Não significativo";0,85;0,99;"não"
"3302254";"Itatiaia";"VSR";2022;5,17;"Alto-Baixo";"ns";"Não significativo";0,14;0,734;"sim"
"3302270";"Japeri";"VSR";2022;3,26;"Baixo-Baixo";"ns";"Não significativo";0,117;0,734;"não"
"3302304";"Laje do Muriaé";"VSR";2022;5,78;"Alto-Baixo";"ns";"Não significativo";0,111;0,734;"não"
"3302403";"Macaé";"VSR";2022;2,57;"Baixo-Baixo";"ns";"Não significativo";0,752;0,966;"não"
"3302452";"Macuco";"VSR";2022;6,11;"Alto-Baixo";"ns";"Não significativo";0,788;0,966;"não"
"3302502";"Magé";"VSR";2022;7,43;"Alto-Alto";"ns";"Não significativo";0,0698;0,734;"não"
"3302601";"Mangaratiba";"VSR";2022;5,84;"Alto-Baixo";"ns";"Não significativo";0,172;0,734;"não"
"3302700";"Maricá";"VSR";2022;12,44;"Alto-Alto";"ns";"Não significativo";0,188;0,734;"não"
"3302809";"Mendes";"VSR";2022;4,5;"Baixo-Baixo";"ns";"Não significativo";0,541;0,924;"não"
"3302858";"Mesquita";"VSR";2022;3,61;"Baixo-Baixo";"ns";"Não significativo";0,69;0,966;"não"
"3302908";"Miguel Pereira";"VSR";2022;3,76;"Baixo-Alto";"ns";"Não significativo";0,286;0,734;"não"
"3303005";"Miracema";"VSR";2022;3,74;"Baixo-Baixo";"ns";"Não significativo";0,577;0,93;"não"
"3303104";"Natividade";"VSR";2022;4,75;"Baixo-Baixo";"ns";"Não significativo";0,772;0,966;"não"
"3303203";"Nilópolis";"VSR";2022;3,46;"Baixo-Alto";"ns";"Não significativo";0,555;0,924;"não"
"3303302";"Niterói";"VSR";2022;19,81;"Alto-Alto";"ns";"Não significativo";0,109;0,734;"não"
"3303401";"Nova Friburgo";"VSR";2022;1,4;"Baixo-Baixo";"ns";"Não significativo";0,101;0,734;"não"
"3303500";"Nova Iguaçu";"VSR";2022;2,71;"Baixo-Baixo";"ns";"Não significativo";0,761;0,966;"não"
"3303609";"Paracambi";"VSR";2022;5,83;"Alto-Baixo";"ns";"Não significativo";0,138;0,734;"não"
"3303708";"Paraíba do Sul";"VSR";2022;2,93;"Baixo-Alto";"ns";"Não significativo";0,21;0,734;"não"
"3303807";"Paraty";"VSR";2022;4,16;"Baixo-Baixo";"ns";"Não significativo";0,449;0,843;"sim"
"3303856";"Paty do Alferes";"VSR";2022;3,56;"Baixo-Alto";"ns";"Não significativo";0,253;0,734;"não"
"3303906";"Petrópolis";"VSR";2022;18,9;"Alto-Baixo";"ns";"Não significativo";0,97;0,998;"não"
"3303955";"Pinheiral";"VSR";2022;5,82;"Alto-Baixo";"ns";"Não significativo";0,279;0,734;"não"
"3304003";"Piraí";"VSR";2022;3,7;"Baixo-Baixo";"ns";"Não significativo";0,245;0,734;"não"
"3304102";"Porciúncula";"VSR";2022;4,52;"Baixo-Alto";"ns";"Não significativo";0,337;0,775;"não"
"3304110";"Porto Real";"VSR";2022;6,29;"Alto-Baixo";"ns";"Não significativo";0,0616;0,734;"não"
"3304128";"Quatis";"VSR";2022;4,91;"Baixo-Alto";"ns";"Não significativo";0,0966;0,734;"não"
"3304144";"Queimados";"VSR";2022;1,81;"Baixo-Baixo";"ns";"Não significativo";0,0762;0,734;"não"
"3304151";"Quissamã";"VSR";2022;4,07;"Baixo-Baixo";"ns";"Não significativo";0,89;0,995;"não"
"3304201";"Resende";"VSR";2022;1,94;"Baixo-Baixo";"ns";"Não significativo";0,905;0,995;"não"
"3304300";"Rio Bonito";"VSR";2022;7,17;"Alto-Baixo";"ns";"Não significativo";0,38;0,794;"não"
"3304409";"Rio Claro";"VSR";2022;4,51;"Baixo-Baixo";"ns";"Não significativo";0,0964;0,734;"não"
"3304508";"Rio das Flores";"VSR";2022;10,9;"Alto-Alto";"ns";"Não significativo";0,0628;0,734;"não"
"3304524";"Rio das Ostras";"VSR";2022;6,53;"Alto-Baixo";"ns";"Não significativo";0,329;0,775;"não"
"3304557";"Rio de Janeiro";"VSR";2022;10,51;"Alto-Baixo";"ns";"Não significativo";0,283;0,734;"não"
"3304607";"Santa Maria Madalena";"VSR";2022;5,35;"Alto-Baixo";"ns";"Não significativo";0,88;0,995;"não"
"3304706";"Santo Antônio de Pádua";"VSR";2022;2,96;"Baixo-Baixo";"ns";"Não significativo";0,97;0,998;"não"
"3304805";"São Fidélis";"VSR";2022;3,07;"Baixo-Baixo";"ns";"Não significativo";0,932;0,998;"não"
"3304755";"São Francisco de Itabapoana";"VSR";2022;4,17;"Baixo-Alto";"ns";"Não significativo";0,612;0,93;"não"
"3304904";"São Gonçalo";"VSR";2022;4,76;"Baixo-Alto";"ns";"Não significativo";0,0522;0,734;"não"
"3305000";"São João da Barra";"VSR";2022;6,26;"Alto-Baixo";"ns";"Não significativo";0,799;0,966;"não"
"3305109";"São João de Meriti";"VSR";2022;1,93;"Baixo-Alto";"ns";"Não significativo";0,403;0,794;"não"
"3305133";"São José de Ubá";"VSR";2022;5,83;"Alto-Baixo";"ns";"Não significativo";0,13;0,734;"não"
"3305158";"São José do Vale do Rio Preto";"VSR";2022;4,09;"Baixo-Alto";"ns";"Não significativo";0,414;0,794;"não"
"3305208";"São Pedro da Aldeia";"VSR";2022;3,07;"Baixo-Baixo";"ns";"Não significativo";0,892;0,995;"não"
"3305307";"São Sebastião do Alto";"VSR";2022;5,72;"Alto-Baixo";"ns";"Não significativo";0,99;0,998;"não"
"3305406";"Sapucaia";"VSR";2022;4,48;"Baixo-Baixo";"ns";"Não significativo";0,551;0,924;"não"
"3305505";"Saquarema";"VSR";2022;2,6;"Baixo-Alto";"ns";"Não significativo";0,276;0,734;"não"
"3305554";"Seropédica";"VSR";2022;2,81;"Baixo-Baixo";"ns";"Não significativo";0,728;0,966;"não"
"3305604";"Silva Jardim";"VSR";2022;4,15;"Baixo-Baixo";"ns";"Não significativo";0,313;0,775;"não"
"3305703";"Sumidouro";"VSR";2022;4,74;"Baixo-Baixo";"ns";"Não significativo";0,116;0,734;"não"
"3305752";"Tanguá";"VSR";2022;5,15;"Baixo-Alto";"ns";"Não significativo";0,412;0,794;"não"
"3305802";"Teresópolis";"VSR";2022;1,07;"Baixo-Alto";"ns";"Não significativo";0,385;0,794;"não"
"3305901";"Trajano de Moraes";"VSR";2022;5,34;"Alto-Baixo";"ns";"Não significativo";0,463;0,852;"não"
"3306008";"Três Rios";"VSR";2022;2,87;"Baixo-Alto";"ns";"Não significativo";0,263;0,734;"não"
"3306107";"Valença";"VSR";2022;30,14;"Alto-Baixo";"ns";"Não significativo";0,952;0,998;"não"
"3306156";"Varre-Sai";"VSR";2022;7,95;"Alto-Baixo";"ns";"Não significativo";0,771;0,966;"não"
"3306206";"Vassouras";"VSR";2022;3,31;"Baixo-Alto";"ns";"Não significativo";0,104;0,734;"não"
"3306305";"Volta Redonda";"VSR";2022;4,16;"Baixo-Baixo";"ns";"Não significativo";0,221;0,734;"não"
"3300100";"Angra dos Reis";"VSR";2023;6,82;"Alto-Baixo";"ns";"Não significativo";0,918;0,987;"não"
"3300159";"Aperibé";"VSR";2023;3,21;"Baixo-Baixo";"ns";"Não significativo";0,619;0,934;"não"
"3300209";"Araruama";"VSR";2023;3,26;"Baixo-Baixo";"ns";"Não significativo";0,776;0,987;"não"
"3300225";"Areal";"VSR";2023;6,76;"Alto-Alto";"indicativo";"Alto-Alto (indicativo)";0,0416;0,504;"não"
"3300233";"Armação dos Búzios";"VSR";2023;1,51;"Baixo-Baixo";"ns";"Não significativo";0,658;0,959;"sim"
"3300258";"Arraial do Cabo";"VSR";2023;1,81;"Baixo-Baixo";"ns";"Não significativo";0,219;0,626;"não"
"3300308";"Barra do Piraí";"VSR";2023;6,18;"Alto-Baixo";"ns";"Não significativo";0,724;0,968;"não"
"3300407";"Barra Mansa";"VSR";2023;0,97;"Baixo-Baixo";"ns";"Não significativo";0,96;0,987;"não"
"3300456";"Belford Roxo";"VSR";2023;2,69;"Baixo-Baixo";"ns";"Não significativo";0,257;0,64;"não"
"3300506";"Bom Jardim";"VSR";2023;6,44;"Alto-Baixo";"ns";"Não significativo";0,955;0,987;"não"
"3300605";"Bom Jesus do Itabapoana";"VSR";2023;1,66;"Baixo-Baixo";"ns";"Não significativo";0,815;0,987;"não"
"3300704";"Cabo Frio";"VSR";2023;2,39;"Baixo-Baixo";"ns";"Não significativo";0,128;0,504;"não"
"3300803";"Cachoeiras de Macacu";"VSR";2023;13,36;"Alto-Alto";"ns";"Não significativo";0,375;0,784;"não"
"3300902";"Cambuci";"VSR";2023;2,83;"Baixo-Baixo";"ns";"Não significativo";0,188;0,592;"não"
"3301009";"Campos dos Goytacazes";"VSR";2023;6,17;"Alto-Baixo";"ns";"Não significativo";0,685;0,959;"não"
"3301108";"Cantagalo";"VSR";2023;2,44;"Baixo-Baixo";"ns";"Não significativo";0,609;0,934;"não"
"3300936";"Carapebus";"VSR";2023;2,9;"Baixo-Alto";"ns";"Não significativo";0,601;0,934;"não"
"3301157";"Cardoso Moreira";"VSR";2023;2,99;"Baixo-Baixo";"ns";"Não significativo";0,85;0,987;"não"
"3301207";"Carmo";"VSR";2023;2,6;"Baixo-Baixo";"ns";"Não significativo";0,543;0,926;"não"
"3301306";"Casimiro de Abreu";"VSR";2023;2,96;"Baixo-Baixo";"ns";"Não significativo";0,275;0,667;"não"
"3300951";"Comendador Levy Gasparian";"VSR";2023;3,52;"Baixo-Baixo";"indicativo";"Baixo-Baixo (indicativo)";0,02;0,504;"não"
"3301405";"Conceição de Macabu";"VSR";2023;5,04;"Alto-Alto";"ns";"Não significativo";0,448;0,842;"não"
"3301504";"Cordeiro";"VSR";2023;2,34;"Baixo-Baixo";"ns";"Não significativo";0,673;0,959;"não"
"3301603";"Duas Barras";"VSR";2023;3,22;"Baixo-Baixo";"ns";"Não significativo";0,973;0,987;"não"
"3301702";"Duque de Caxias";"VSR";2023;3,15;"Baixo-Alto";"ns";"Não significativo";0,112;0,504;"não"
"3301801";"Engenheiro Paulo de Frontin";"VSR";2023;6,66;"Alto-Baixo";"ns";"Não significativo";0,332;0,774;"não"
"3301850";"Guapimirim";"VSR";2023;1,25;"Baixo-Alto";"indicativo";"Baixo-Alto (indicativo)";0,0082;0,469;"não"
"3301876";"Iguaba Grande";"VSR";2023;1,94;"Baixo-Baixo";"ns";"Não significativo";0,254;0,64;"não"
"3301900";"Itaboraí";"VSR";2023;6,01;"Alto-Alto";"ns";"Não significativo";0,143;0,519;"não"
"3302007";"Itaguaí";"VSR";2023;4,32;"Alto-Baixo";"ns";"Não significativo";0,992;0,992;"não"
"3302056";"Italva";"VSR";2023;2,88;"Baixo-Baixo";"ns";"Não significativo";0,336;0,774;"não"
"3302106";"Itaocara";"VSR";2023;2,21;"Baixo-Baixo";"ns";"Não significativo";0,442;0,842;"não"
"3302205";"Itaperuna";"VSR";2023;0,72;"Baixo-Baixo";"ns";"Não significativo";0,741;0,968;"não"
"3302254";"Itatiaia";"VSR";2023;1,81;"Baixo-Baixo";"ns";"Não significativo";0,121;0,504;"sim"
"3302270";"Japeri";"VSR";2023;3,37;"Baixo-Baixo";"ns";"Não significativo";0,0658;0,504;"não"
"3302304";"Laje do Muriaé";"VSR";2023;3,74;"Baixo-Baixo";"indicativo";"Baixo-Baixo (indicativo)";0,0464;0,504;"não"
"3302403";"Macaé";"VSR";2023;2,17;"Baixo-Baixo";"ns";"Não significativo";0,81;0,987;"não"
"3302452";"Macuco";"VSR";2023;4,09;"Alto-Baixo";"ns";"Não significativo";0,699;0,96;"não"
"3302502";"Magé";"VSR";2023;2,33;"Baixo-Alto";"ns";"Não significativo";0,0584;0,504;"não"
"3302601";"Mangaratiba";"VSR";2023;3,21;"Baixo-Alto";"ns";"Não significativo";0,231;0,626;"não"
"3302700";"Maricá";"VSR";2023;5,85;"Alto-Alto";"ns";"Não significativo";0,114;0,504;"não"
"3302809";"Mendes";"VSR";2023;2,58;"Baixo-Alto";"ns";"Não significativo";0,437;0,842;"não"
"3302858";"Mesquita";"VSR";2023;2,58;"Baixo-Baixo";"ns";"Não significativo";0,605;0,934;"não"
"3302908";"Miguel Pereira";"VSR";2023;2;"Baixo-Alto";"ns";"Não significativo";0,1;0,504;"não"
"3303005";"Miracema";"VSR";2023;1,99;"Baixo-Baixo";"ns";"Não significativo";0,611;0,934;"não"
"3303104";"Natividade";"VSR";2023;2,78;"Baixo-Baixo";"ns";"Não significativo";0,119;0,504;"não"
"3303203";"Nilópolis";"VSR";2023;1,72;"Baixo-Baixo";"ns";"Não significativo";0,882;0,987;"não"
"3303302";"Niterói";"VSR";2023;16,9;"Alto-Alto";"ns";"Não significativo";0,207;0,615;"não"
"3303401";"Nova Friburgo";"VSR";2023;4,18;"Alto-Alto";"ns";"Não significativo";0,52;0,903;"não"
"3303500";"Nova Iguaçu";"VSR";2023;2,15;"Baixo-Baixo";"ns";"Não significativo";0,747;0,968;"não"
"3303609";"Paracambi";"VSR";2023;1,48;"Baixo-Baixo";"ns";"Não significativo";0,962;0,987;"não"
"3303708";"Paraíba do Sul";"VSR";2023;1,46;"Baixo-Alto";"ns";"Não significativo";0,0694;0,504;"não"
"3303807";"Paraty";"VSR";2023;1,38;"Baixo-Alto";"ns";"Não significativo";0,147;0,519;"sim"
"3303856";"Paty do Alferes";"VSR";2023;1,86;"Baixo-Alto";"ns";"Não significativo";0,0668;0,504;"não"
"3303906";"Petrópolis";"VSR";2023;43,66;"Alto-Baixo";"ns";"Não significativo";0,386;0,789;"não"
"3303955";"Pinheiral";"VSR";2023;4,63;"Alto-Alto";"ns";"Não significativo";0,473;0,844;"não"
"3304003";"Piraí";"VSR";2023;4,25;"Alto-Baixo";"ns";"Não significativo";0,966;0,987;"não"
"3304102";"Porciúncula";"VSR";2023;2,59;"Baixo-Baixo";"ns";"Não significativo";0,925;0,987;"não"
"3304110";"Porto Real";"VSR";2023;2,37;"Baixo-Baixo";"ns";"Não significativo";0,0538;0,504;"não"
"3304128";"Quatis";"VSR";2023;2,92;"Baixo-Baixo";"ns";"Não significativo";0,0912;0,504;"não"
"3304144";"Queimados";"VSR";2023;3,66;"Baixo-Baixo";"ns";"Não significativo";0,229;0,626;"não"
"3304151";"Quissamã";"VSR";2023;4,86;"Alto-Alto";"ns";"Não significativo";0,365;0,781;"não"
"3304201";"Resende";"VSR";2023;1,25;"Baixo-Baixo";"ns";"Não significativo";0,093;0,504;"não"
"3304300";"Rio Bonito";"VSR";2023;9,38;"Alto-Alto";"ns";"Não significativo";0,193;0,592;"não"
"3304409";"Rio Claro";"VSR";2023;5,61;"Alto-Baixo";"ns";"Não significativo";0,817;0,987;"não"
"3304508";"Rio das Flores";"VSR";2023;3,49;"Baixo-Baixo";"ns";"Não significativo";0,688;0,959;"não"
"3304524";"Rio das Ostras";"VSR";2023;1,05;"Baixo-Baixo";"ns";"Não significativo";0,605;0,934;"não"
"3304557";"Rio de Janeiro";"VSR";2023;6,58;"Alto-Baixo";"ns";"Não significativo";0,113;0,504;"não"
"3304607";"Santa Maria Madalena";"VSR";2023;7,18;"Alto-Baixo";"ns";"Não significativo";0,598;0,934;"não"
"3304706";"Santo Antônio de Pádua";"VSR";2023;3,21;"Baixo-Baixo";"ns";"Não significativo";0,41;0,819;"não"
"3304805";"São Fidélis";"VSR";2023;1,54;"Baixo-Alto";"ns";"Não significativo";0,659;0,959;"não"
"3304755";"São Francisco de Itabapoana";"VSR";2023;1,39;"Baixo-Alto";"ns";"Não significativo";0,359;0,781;"não"
"3304904";"São Gonçalo";"VSR";2023;4,86;"Alto-Alto";"ns";"Não significativo";0,062;0,504;"não"
"3305000";"São João da Barra";"VSR";2023;3,5;"Baixo-Baixo";"ns";"Não significativo";0,727;0,968;"não"
"3305109";"São João de Meriti";"VSR";2023;1,46;"Baixo-Baixo";"ns";"Não significativo";0,945;0,987;"não"
"3305133";"São José de Ubá";"VSR";2023;3,78;"Baixo-Baixo";"ns";"Não significativo";0,175;0,592;"não"
"3305158";"São José do Vale do Rio Preto";"VSR";2023;7,54;"Alto-Alto";"ns";"Não significativo";0,0912;0,504;"não"
"3305208";"São Pedro da Aldeia";"VSR";2023;1,51;"Baixo-Baixo";"ns";"Não significativo";0,241;0,633;"não"
"3305307";"São Sebastião do Alto";"VSR";2023;3,67;"Baixo-Baixo";"ns";"Não significativo";0,976;0,987;"não"
"3305406";"Sapucaia";"VSR";2023;2,56;"Baixo-Baixo";"ns";"Não significativo";0,945;0,987;"não"
"3305505";"Saquarema";"VSR";2023;3,58;"Baixo-Alto";"ns";"Não significativo";0,183;0,592;"não"
"3305554";"Seropédica";"VSR";2023;0,87;"Baixo-Baixo";"ns";"Não significativo";0,895;0,987;"não"
"3305604";"Silva Jardim";"VSR";2023;2,31;"Baixo-Alto";"ns";"Não significativo";0,132;0,504;"não"
"3305703";"Sumidouro";"VSR";2023;2,77;"Baixo-Baixo";"ns";"Não significativo";0,871;0,987;"não"
"3305752";"Tanguá";"VSR";2023;6,03;"Alto-Alto";"ns";"Não significativo";0,116;0,504;"não"
"3305802";"Teresópolis";"VSR";2023;1,53;"Baixo-Alto";"indicativo";"Baixo-Alto (indicativo)";0,0102;0,469;"não"
"3305901";"Trajano de Moraes";"VSR";2023;3,3;"Baixo-Alto";"ns";"Não significativo";0,461;0,844;"não"
"3306008";"Três Rios";"VSR";2023;0,89;"Baixo-Alto";"indicativo";"Baixo-Alto (indicativo)";0,0274;0,504;"não"
"3306107";"Valença";"VSR";2023;3,35;"Baixo-Baixo";"ns";"Não significativo";0,951;0,987;"não"
"3306156";"Varre-Sai";"VSR";2023;3,31;"Baixo-Baixo";"ns";"Não significativo";0,35;0,781;"não"
"3306206";"Vassouras";"VSR";2023;3,69;"Baixo-Baixo";"ns";"Não significativo";0,972;0,987;"não"
"3306305";"Volta Redonda";"VSR";2023;2,4;"Baixo-Alto";"ns";"Não significativo";0,477;0,844;"não"
"3300100";"Angra dos Reis";"VSR";2024;14,54;"Alto-Baixo";"ns";"Não significativo";0,198;0,767;"não"
"3300159";"Aperibé";"VSR";2024;8,94;"Baixo-Baixo";"ns";"Não significativo";0,311;0,839;"não"
"3300209";"Araruama";"VSR";2024;8,19;"Baixo-Alto";"indicativo";"Baixo-Alto (indicativo)";0,0206;0,211;"não"
"3300225";"Areal";"VSR";2024;8,78;"Baixo-Alto";"ns";"Não significativo";0,684;0,943;"não"
"3300233";"Armação dos Búzios";"VSR";2024;5,37;"Baixo-Alto";"ns";"Não significativo";0,466;0,889;"sim"
"3300258";"Arraial do Cabo";"VSR";2024;9,07;"Baixo-Baixo";"ns";"Não significativo";0,815;0,964;"não"
"3300308";"Barra do Piraí";"VSR";2024;24,8;"Alto-Baixo";"ns";"Não significativo";0,848;0,964;"não"
"3300407";"Barra Mansa";"VSR";2024;4,69;"Baixo-Alto";"ns";"Não significativo";0,403;0,884;"não"
"3300456";"Belford Roxo";"VSR";2024;8,16;"Baixo-Baixo";"ns";"Não significativo";0,184;0,767;"não"
"3300506";"Bom Jardim";"VSR";2024;6,42;"Baixo-Alto";"ns";"Não significativo";0,566;0,905;"não"
"3300605";"Bom Jesus do Itabapoana";"VSR";2024;5,76;"Baixo-Baixo";"ns";"Não significativo";0,458;0,889;"não"
"3300704";"Cabo Frio";"VSR";2024;10,67;"Alto-Baixo";"ns";"Não significativo";0,866;0,964;"não"
"3300803";"Cachoeiras de Macacu";"VSR";2024;19,11;"Alto-Alto";"indicativo";"Alto-Alto (indicativo)";0,0244;0,224;"não"
"3300902";"Cambuci";"VSR";2024;8,29;"Baixo-Baixo";"ns";"Não significativo";0,179;0,767;"não"
"3301009";"Campos dos Goytacazes";"VSR";2024;9,05;"Baixo-Baixo";"ns";"Não significativo";0,056;0,368;"não"
"3301108";"Cantagalo";"VSR";2024;7,55;"Baixo-Baixo";"ns";"Não significativo";0,611;0,932;"não"
"3300936";"Carapebus";"VSR";2024;10,43;"Alto-Baixo";"ns";"Não significativo";0,606;0,932;"não"
"3301157";"Cardoso Moreira";"VSR";2024;8,57;"Baixo-Baixo";"ns";"Não significativo";0,618;0,932;"não"
"3301207";"Carmo";"VSR";2024;9,76;"Baixo-Baixo";"ns";"Não significativo";0,951;0,964;"não"
"3301306";"Casimiro de Abreu";"VSR";2024;14,52;"Alto-Alto";"ns";"Não significativo";0,499;0,889;"não"
"3300951";"Comendador Levy Gasparian";"VSR";2024;9,42;"Baixo-Baixo";"confirmado";"Baixo-Baixo (confirmado)";0,0024;0,0442;"não"
"3301405";"Conceição de Macabu";"VSR";2024;7,31;"Baixo-Baixo";"ns";"Não significativo";0,908;0,964;"não"
"3301504";"Cordeiro";"VSR";2024;9,12;"Baixo-Baixo";"ns";"Não significativo";0,773;0,964;"não"
"3301603";"Duas Barras";"VSR";2024;8,95;"Baixo-Alto";"ns";"Não significativo";0,857;0,964;"não"
"3301702";"Duque de Caxias";"VSR";2024;5,45;"Baixo-Alto";"ns";"Não significativo";0,541;0,889;"não"
"3301801";"Engenheiro Paulo de Frontin";"VSR";2024;8,71;"Baixo-Baixo";"ns";"Não significativo";0,108;0,619;"não"
"3301850";"Guapimirim";"VSR";2024;5,77;"Baixo-Alto";"ns";"Não significativo";0,144;0,736;"não"
"3301876";"Iguaba Grande";"VSR";2024;7,98;"Baixo-Baixo";"ns";"Não significativo";0,803;0,964;"não"
"3301900";"Itaboraí";"VSR";2024;13,14;"Alto-Alto";"confirmado";"Alto-Alto (confirmado)";0,0012;0,0442;"não"
"3302007";"Itaguaí";"VSR";2024;8,27;"Baixo-Baixo";"ns";"Não significativo";0,418;0,884;"não"
"3302056";"Italva";"VSR";2024;8,38;"Baixo-Baixo";"ns";"Não significativo";0,143;0,736;"não"
"3302106";"Itaocara";"VSR";2024;7,08;"Baixo-Baixo";"ns";"Não significativo";0,328;0,839;"não"
"3302205";"Itaperuna";"VSR";2024;5,73;"Baixo-Baixo";"ns";"Não significativo";0,401;0,884;"não"
"3302254";"Itatiaia";"VSR";2024;6,14;"Baixo-Baixo";"ns";"Não significativo";0,0534;0,368;"sim"
"3302270";"Japeri";"VSR";2024;5,22;"Baixo-Baixo";"ns";"Não significativo";0,304;0,839;"não"
"3302304";"Laje do Muriaé";"VSR";2024;9,74;"Baixo-Baixo";"ns";"Não significativo";0,315;0,839;"não"
"3302403";"Macaé";"VSR";2024;7,74;"Baixo-Alto";"ns";"Não significativo";0,405;0,884;"não"
"3302452";"Macuco";"VSR";2024;10,21;"Alto-Baixo";"ns";"Não significativo";0,98;0,98;"não"
"3302502";"Magé";"VSR";2024;5,79;"Baixo-Alto";"ns";"Não significativo";0,495;0,889;"não"
"3302601";"Mangaratiba";"VSR";2024;6,56;"Baixo-Alto";"ns";"Não significativo";0,747;0,954;"não"
"3302700";"Maricá";"VSR";2024;18,27;"Alto-Alto";"confirmado";"Alto-Alto (confirmado)";0,0022;0,0442;"não"
"3302809";"Mendes";"VSR";2024;7,82;"Baixo-Alto";"ns";"Não significativo";0,694;0,943;"não"
"3302858";"Mesquita";"VSR";2024;6,15;"Baixo-Baixo";"ns";"Não significativo";0,933;0,964;"não"
"3302908";"Miguel Pereira";"VSR";2024;8,16;"Baixo-Baixo";"ns";"Não significativo";0,54;0,889;"não"
"3303005";"Miracema";"VSR";2024;8,12;"Baixo-Baixo";"ns";"Não significativo";0,48;0,889;"não"
"3303104";"Natividade";"VSR";2024;8,21;"Baixo-Baixo";"ns";"Não significativo";0,177;0,767;"não"
"3303203";"Nilópolis";"VSR";2024;10,05;"Alto-Baixo";"ns";"Não significativo";0,909;0,964;"não"
"3303302";"Niterói";"VSR";2024;21,77;"Alto-Alto";"indicativo";"Alto-Alto (indicativo)";0,0442;0,339;"não"
"3303401";"Nova Friburgo";"VSR";2024;15,16;"Alto-Alto";"ns";"Não significativo";0,423;0,884;"não"
"3303500";"Nova Iguaçu";"VSR";2024;8,67;"Baixo-Baixo";"ns";"Não significativo";0,227;0,834;"não"
"3303609";"Paracambi";"VSR";2024;5,29;"Baixo-Baixo";"ns";"Não significativo";0,194;0,767;"não"
"3303708";"Paraíba do Sul";"VSR";2024;5,23;"Baixo-Alto";"ns";"Não significativo";0,857;0,964;"não"
"3303807";"Paraty";"VSR";2024;6,24;"Baixo-Alto";"ns";"Não significativo";0,253;0,839;"sim"
"3303856";"Paty do Alferes";"VSR";2024;6,26;"Baixo-Alto";"ns";"Não significativo";0,632;0,934;"não"
"3303906";"Petrópolis";"VSR";2024;23,97;"Alto-Baixo";"confirmado";"Alto-Baixo (confirmado)";0,0024;0,0442;"não"
"3303955";"Pinheiral";"VSR";2024;11,88;"Alto-Alto";"ns";"Não significativo";0,301;0,839;"não"
"3304003";"Piraí";"VSR";2024;8,04;"Baixo-Baixo";"ns";"Não significativo";0,928;0,964;"não"
"3304102";"Porciúncula";"VSR";2024;7,86;"Baixo-Baixo";"ns";"Não significativo";0,941;0,964;"não"
"3304110";"Porto Real";"VSR";2024;7,41;"Baixo-Baixo";"ns";"Não significativo";0,312;0,839;"não"
"3304128";"Quatis";"VSR";2024;12,49;"Alto-Baixo";"ns";"Não significativo";0,953;0,964;"não"
"3304144";"Queimados";"VSR";2024;8,77;"Baixo-Baixo";"ns";"Não significativo";0,279;0,839;"não"
"3304151";"Quissamã";"VSR";2024;8,86;"Baixo-Baixo";"ns";"Não significativo";0,936;0,964;"não"
"3304201";"Resende";"VSR";2024;4,73;"Baixo-Baixo";"ns";"Não significativo";0,342;0,844;"não"
"3304300";"Rio Bonito";"VSR";2024;31,97;"Alto-Alto";"indicativo";"Alto-Alto (indicativo)";0,0064;0,0841;"não"
"3304409";"Rio Claro";"VSR";2024;7,84;"Baixo-Baixo";"ns";"Não significativo";0,358;0,844;"não"
"3304508";"Rio das Flores";"VSR";2024;11,61;"Alto-Alto";"ns";"Não significativo";0,709;0,943;"não"
"3304524";"Rio das Ostras";"VSR";2024;10,41;"Alto-Alto";"ns";"Não significativo";0,529;0,889;"não"
"3304557";"Rio de Janeiro";"VSR";2024;13,82;"Alto-Baixo";"ns";"Não significativo";0,246;0,839;"não"
"3304607";"Santa Maria Madalena";"VSR";2024;9,1;"Baixo-Baixo";"ns";"Não significativo";0,74;0,954;"não"
"3304706";"Santo Antônio de Pádua";"VSR";2024;6,55;"Baixo-Baixo";"ns";"Não significativo";0,479;0,889;"não"
"3304805";"São Fidélis";"VSR";2024;6,76;"Baixo-Baixo";"ns";"Não significativo";0,526;0,889;"não"
"3304755";"São Francisco de Itabapoana";"VSR";2024;6,26;"Baixo-Baixo";"ns";"Não significativo";0,702;0,943;"não"
"3304904";"São Gonçalo";"VSR";2024;20,7;"Alto-Alto";"indicativo";"Alto-Alto (indicativo)";0,0282;0,236;"não"
"3305000";"São João da Barra";"VSR";2024;6,99;"Baixo-Baixo";"ns";"Não significativo";0,57;0,905;"não"
"3305109";"São João de Meriti";"VSR";2024;8,2;"Baixo-Baixo";"ns";"Não significativo";0,717;0,943;"não"
"3305133";"São José de Ubá";"VSR";2024;9,8;"Baixo-Baixo";"ns";"Não significativo";0,2;0,767;"não"
"3305158";"São José do Vale do Rio Preto";"VSR";2024;8,91;"Baixo-Alto";"ns";"Não significativo";0,707;0,943;"não"
"3305208";"São Pedro da Aldeia";"VSR";2024;8,35;"Baixo-Baixo";"ns";"Não significativo";0,889;0,964;"não"
"3305307";"São Sebastião do Alto";"VSR";2024;9,64;"Baixo-Baixo";"ns";"Não significativo";0,649;0,934;"não"
"3305406";"Sapucaia";"VSR";2024;7,79;"Baixo-Baixo";"ns";"Não significativo";0,809;0,964;"não"
"3305505";"Saquarema";"VSR";2024;22,36;"Alto-Alto";"indicativo";"Alto-Alto (indicativo)";0,004;0,0613;"não"
"3305554";"Seropédica";"VSR";2024;7,64;"Baixo-Baixo";"ns";"Não significativo";0,503;0,889;"não"
"3305604";"Silva Jardim";"VSR";2024;14,26;"Alto-Alto";"indicativo";"Alto-Alto (indicativo)";0,0074;0,0851;"não"
"3305703";"Sumidouro";"VSR";2024;12,11;"Alto-Baixo";"ns";"Não significativo";0,924;0,964;"não"
"3305752";"Tanguá";"VSR";2024;19,33;"Alto-Alto";"confirmado";"Alto-Alto (confirmado)";4e-04;0,0368;"não"
"3305802";"Teresópolis";"VSR";2024;5,74;"Baixo-Alto";"ns";"Não significativo";0,0802;0,492;"não"
"3305901";"Trajano de Moraes";"VSR";2024;11,26;"Alto-Baixo";"ns";"Não significativo";0,845;0,964;"não"
"3306008";"Três Rios";"VSR";2024;4,4;"Baixo-Alto";"ns";"Não significativo";0,65;0,934;"não"
"3306107";"Valença";"VSR";2024;19,84;"Alto-Alto";"ns";"Não significativo";0,325;0,839;"não"
"3306156";"Varre-Sai";"VSR";2024;9,1;"Baixo-Baixo";"ns";"Não significativo";0,314;0,839;"não"
"3306206";"Vassouras";"VSR";2024;5,86;"Baixo-Alto";"ns";"Não significativo";0,352;0,844;"não"
"3306305";"Volta Redonda";"VSR";2024;5,77;"Baixo-Alto";"ns";"Não significativo";0,449;0,889;"não"
"3300100";"Angra dos Reis";"VSR";2025;25,43;"Alto-Baixo";"ns";"Não significativo";0,161;0,481;"não"
"3300159";"Aperibé";"VSR";2025;11,86;"Baixo-Baixo";"ns";"Não significativo";0,077;0,481;"não"
"3300209";"Araruama";"VSR";2025;23,77;"Alto-Alto";"ns";"Não significativo";0,616;0,886;"não"
"3300225";"Areal";"VSR";2025;19,34;"Alto-Alto";"ns";"Não significativo";0,172;0,481;"não"
"3300233";"Armação dos Búzios";"VSR";2025;10,62;"Baixo-Baixo";"ns";"Não significativo";0,915;0,955;"sim"
"3300258";"Arraial do Cabo";"VSR";2025;12,86;"Baixo-Baixo";"ns";"Não significativo";0,9;0,955;"não"
"3300308";"Barra do Piraí";"VSR";2025;50,07;"Alto-Baixo";"ns";"Não significativo";0,922;0,955;"não"
"3300407";"Barra Mansa";"VSR";2025;4,58;"Baixo-Alto";"ns";"Não significativo";0,41;0,726;"não"
"3300456";"Belford Roxo";"VSR";2025;10,9;"Baixo-Alto";"ns";"Não significativo";0,768;0,938;"não"
"3300506";"Bom Jardim";"VSR";2025;6,79;"Baixo-Baixo";"ns";"Não significativo";0,138;0,481;"não"
"3300605";"Bom Jesus do Itabapoana";"VSR";2025;5,79;"Baixo-Baixo";"ns";"Não significativo";0,968;0,975;"não"
"3300704";"Cabo Frio";"VSR";2025;14,67;"Baixo-Baixo";"ns";"Não significativo";0,795;0,938;"não"
"3300803";"Cachoeiras de Macacu";"VSR";2025;24,53;"Alto-Alto";"ns";"Não significativo";0,305;0,669;"não"
"3300902";"Cambuci";"VSR";2025;10,33;"Baixo-Baixo";"ns";"Não significativo";0,148;0,481;"não"
"3301009";"Campos dos Goytacazes";"VSR";2025;10,31;"Baixo-Baixo";"indicativo";"Baixo-Baixo (indicativo)";0,0358;0,481;"não"
"3301108";"Cantagalo";"VSR";2025;11,81;"Baixo-Baixo";"ns";"Não significativo";0,916;0,955;"não"
"3300936";"Carapebus";"VSR";2025;10,61;"Baixo-Alto";"ns";"Não significativo";0,14;0,481;"não"
"3301157";"Cardoso Moreira";"VSR";2025;10,97;"Baixo-Baixo";"ns";"Não significativo";0,172;0,481;"não"
"3301207";"Carmo";"VSR";2025;38,54;"Alto-Baixo";"ns";"Não significativo";0,918;0,955;"não"
"3301306";"Casimiro de Abreu";"VSR";2025;12,81;"Baixo-Alto";"ns";"Não significativo";0,172;0,481;"não"
"3300951";"Comendador Levy Gasparian";"VSR";2025;13,12;"Baixo-Baixo";"ns";"Não significativo";0,101;0,481;"não"
"3301405";"Conceição de Macabu";"VSR";2025;22,65;"Alto-Alto";"ns";"Não significativo";0,701;0,935;"não"
"3301504";"Cordeiro";"VSR";2025;8,43;"Baixo-Baixo";"ns";"Não significativo";0,328;0,681;"não"
"3301603";"Duas Barras";"VSR";2025;15,97;"Baixo-Baixo";"ns";"Não significativo";0,86;0,955;"não"
"3301702";"Duque de Caxias";"VSR";2025;11,82;"Baixo-Alto";"ns";"Não significativo";0,0832;0,481;"não"
"3301801";"Engenheiro Paulo de Frontin";"VSR";2025;15,17;"Baixo-Baixo";"ns";"Não significativo";0,606;0,886;"não"
"3301850";"Guapimirim";"VSR";2025;8,77;"Baixo-Alto";"indicativo";"Baixo-Alto (indicativo)";0,0258;0,481;"não"
"3301876";"Iguaba Grande";"VSR";2025;13,83;"Baixo-Baixo";"ns";"Não significativo";0,818;0,94;"não"
"3301900";"Itaboraí";"VSR";2025;27,6;"Alto-Alto";"indicativo";"Alto-Alto (indicativo)";0,0218;0,481;"não"
"3302007";"Itaguaí";"VSR";2025;15,25;"Baixo-Baixo";"ns";"Não significativo";0,529;0,798;"não"
"3302056";"Italva";"VSR";2025;10,53;"Baixo-Baixo";"ns";"Não significativo";0,0522;0,481;"não"
"3302106";"Itaocara";"VSR";2025;7,92;"Baixo-Baixo";"ns";"Não significativo";0,16;0,481;"não"
"3302205";"Itaperuna";"VSR";2025;15,7;"Baixo-Baixo";"ns";"Não significativo";0,359;0,718;"não"
"3302254";"Itatiaia";"VSR";2025;6,36;"Baixo-Alto";"ns";"Não significativo";0,679;0,933;"sim"
"3302270";"Japeri";"VSR";2025;7,73;"Baixo-Baixo";"ns";"Não significativo";0,134;0,481;"não"
"3302304";"Laje do Muriaé";"VSR";2025;18,87;"Alto-Baixo";"ns";"Não significativo";0,673;0,933;"não"
"3302403";"Macaé";"VSR";2025;57,24;"Alto-Baixo";"ns";"Não significativo";0,386;0,724;"não"
"3302452";"Macuco";"VSR";2025;15,53;"Baixo-Baixo";"ns";"Não significativo";0,47;0,748;"não"
"3302502";"Magé";"VSR";2025;24,84;"Alto-Alto";"ns";"Não significativo";0,0822;0,481;"não"
"3302601";"Mangaratiba";"VSR";2025;12,17;"Baixo-Alto";"ns";"Não significativo";0,776;0,938;"não"
"3302700";"Maricá";"VSR";2025;45,17;"Alto-Alto";"indicativo";"Alto-Alto (indicativo)";0,0472;0,481;"não"
"3302809";"Mendes";"VSR";2025;18,95;"Alto-Alto";"ns";"Não significativo";0,401;0,724;"não"
"3302858";"Mesquita";"VSR";2025;18,19;"Alto-Alto";"ns";"Não significativo";0,511;0,784;"não"
"3302908";"Miguel Pereira";"VSR";2025;7,06;"Baixo-Alto";"ns";"Não significativo";0,374;0,724;"não"
"3303005";"Miracema";"VSR";2025;9,42;"Baixo-Baixo";"ns";"Não significativo";0,882;0,955;"não"
"3303104";"Natividade";"VSR";2025;24,08;"Alto-Baixo";"ns";"Não significativo";0,759;0,938;"não"
"3303203";"Nilópolis";"VSR";2025;25,44;"Alto-Alto";"ns";"Não significativo";0,384;0,724;"não"
"3303302";"Niterói";"VSR";2025;35,27;"Alto-Alto";"indicativo";"Alto-Alto (indicativo)";0,0468;0,481;"não"
"3303401";"Nova Friburgo";"VSR";2025;5,04;"Baixo-Alto";"ns";"Não significativo";0,298;0,668;"não"
"3303500";"Nova Iguaçu";"VSR";2025;15,52;"Baixo-Baixo";"ns";"Não significativo";0,214;0,533;"não"
"3303609";"Paracambi";"VSR";2025;10,42;"Baixo-Baixo";"ns";"Não significativo";0,29;0,668;"não"
"3303708";"Paraíba do Sul";"VSR";2025;5,06;"Baixo-Alto";"ns";"Não significativo";0,136;0,481;"não"
"3303807";"Paraty";"VSR";2025;4,8;"Baixo-Alto";"ns";"Não significativo";0,326;0,681;"sim"
"3303856";"Paty do Alferes";"VSR";2025;11,04;"Baixo-Alto";"ns";"Não significativo";0,148;0,481;"não"
"3303906";"Petrópolis";"VSR";2025;78,52;"Alto-Baixo";"ns";"Não significativo";0,0898;0,481;"não"
"3303955";"Pinheiral";"VSR";2025;10,23;"Baixo-Alto";"ns";"Não significativo";0,202;0,53;"não"
"3304003";"Piraí";"VSR";2025;14,01;"Baixo-Baixo";"ns";"Não significativo";0,935;0,955;"não"
"3304102";"Porciúncula";"VSR";2025;15,86;"Baixo-Alto";"ns";"Não significativo";0,432;0,735;"não"
"3304110";"Porto Real";"VSR";2025;11,43;"Baixo-Baixo";"ns";"Não significativo";0,472;0,748;"não"
"3304128";"Quatis";"VSR";2025;14,33;"Baixo-Baixo";"ns";"Não significativo";0,926;0,955;"não"
"3304144";"Queimados";"VSR";2025;9,19;"Baixo-Baixo";"ns";"Não significativo";0,398;0,724;"não"
"3304151";"Quissamã";"VSR";2025;8,03;"Baixo-Baixo";"ns";"Não significativo";0,806;0,939;"não"
"3304201";"Resende";"VSR";2025;17,84;"Alto-Baixo";"indicativo";"Alto-Baixo (indicativo)";0,049;0,481;"não"
"3304300";"Rio Bonito";"VSR";2025;35,84;"Alto-Alto";"ns";"Não significativo";0,115;0,481;"não"
"3304409";"Rio Claro";"VSR";2025;12,58;"Baixo-Baixo";"ns";"Não significativo";0,615;0,886;"não"
"3304508";"Rio das Flores";"VSR";2025;21,91;"Alto-Alto";"ns";"Não significativo";0,774;0,938;"não"
"3304524";"Rio das Ostras";"VSR";2025;14,27;"Baixo-Alto";"ns";"Não significativo";0,0816;0,481;"não"
"3304557";"Rio de Janeiro";"VSR";2025;22,86;"Alto-Alto";"ns";"Não significativo";0,791;0,938;"não"
"3304607";"Santa Maria Madalena";"VSR";2025;12,28;"Baixo-Baixo";"ns";"Não significativo";0,697;0,935;"não"
"3304706";"Santo Antônio de Pádua";"VSR";2025;8,65;"Baixo-Baixo";"ns";"Não significativo";0,181;0,489;"não"
"3304805";"São Fidélis";"VSR";2025;9,04;"Baixo-Baixo";"ns";"Não significativo";0,115;0,481;"não"
"3304755";"São Francisco de Itabapoana";"VSR";2025;9,77;"Baixo-Baixo";"ns";"Não significativo";0,151;0,481;"não"
"3304904";"São Gonçalo";"VSR";2025;40,16;"Alto-Alto";"indicativo";"Alto-Alto (indicativo)";0,036;0,481;"não"
"3305000";"São João da Barra";"VSR";2025;7,55;"Baixo-Baixo";"ns";"Não significativo";0,276;0,668;"não"
"3305109";"São João de Meriti";"VSR";2025;26,04;"Alto-Alto";"ns";"Não significativo";0,763;0,938;"não"
"3305133";"São José de Ubá";"VSR";2025;19,11;"Alto-Baixo";"ns";"Não significativo";0,213;0,533;"não"
"3305158";"São José do Vale do Rio Preto";"VSR";2025;10,88;"Baixo-Alto";"ns";"Não significativo";0,159;0,481;"não"
"3305208";"São Pedro da Aldeia";"VSR";2025;15,27;"Baixo-Baixo";"ns";"Não significativo";0,975;0,975;"não"
"3305307";"São Sebastião do Alto";"VSR";2025;18,5;"Alto-Baixo";"ns";"Não significativo";0,155;0,481;"não"
"3305406";"Sapucaia";"VSR";2025;9,27;"Baixo-Alto";"ns";"Não significativo";0,431;0,735;"não"
"3305505";"Saquarema";"VSR";2025;11,91;"Baixo-Alto";"indicativo";"Baixo-Alto (indicativo)";0,0248;0,481;"não"
"3305554";"Seropédica";"VSR";2025;12,16;"Baixo-Baixo";"ns";"Não significativo";0,448;0,735;"não"
"3305604";"Silva Jardim";"VSR";2025;33,85;"Alto-Alto";"ns";"Não significativo";0,441;0,735;"não"
"3305703";"Sumidouro";"VSR";2025;23,96;"Alto-Baixo";"ns";"Não significativo";0,658;0,931;"não"
"3305752";"Tanguá";"VSR";2025;34,57;"Alto-Alto";"ns";"Não significativo";0,0654;0,481;"não"
"3305802";"Teresópolis";"VSR";2025;7,85;"Baixo-Alto";"ns";"Não significativo";0,147;0,481;"não"
"3305901";"Trajano de Moraes";"VSR";2025;12,24;"Baixo-Alto";"ns";"Não significativo";0,718;0,938;"não"
"3306008";"Três Rios";"VSR";2025;11,43;"Baixo-Alto";"ns";"Não significativo";0,294;0,668;"não"
"3306107";"Valença";"VSR";2025;29,44;"Alto-Alto";"ns";"Não significativo";0,333;0,681;"não"
"3306156";"Varre-Sai";"VSR";2025;20,71;"Alto-Baixo";"ns";"Não significativo";0,929;0,955;"não"
"3306206";"Vassouras";"VSR";2025;18,17;"Alto-Alto";"ns";"Não significativo";0,5;0,78;"não"
"3306305";"Volta Redonda";"VSR";2025;15,66;"Baixo-Alto";"ns";"Não significativo";0,728;0,938;"não"
