"recorte";"agente";"ano_epidemiologico";"semana_epidemiologica";"inicio_da_semana";"casos"
"Estado do Rio de Janeiro";"SARS-CoV-2";2022;1;"2022-01-02";839
"Estado do Rio de Janeiro";"SARS-CoV-2";2022;2;"2022-01-09";2015
"Estado do Rio de Janeiro";"SARS-CoV-2";2022;3;"2022-01-16";2265
"Estado do Rio de Janeiro";"SARS-CoV-2";2022;4;"2022-01-23";1666
"Estado do Rio de Janeiro";"SARS-CoV-2";2022;5;"2022-01-30";873
"Estado do Rio de Janeiro";"SARS-CoV-2";2022;6;"2022-02-06";362
"Estado do Rio de Janeiro";"SARS-CoV-2";2022;7;"2022-02-13";212
"Estado do Rio de Janeiro";"SARS-CoV-2";2022;8;"2022-02-20";118
"Estado do Rio de Janeiro";"SARS-CoV-2";2022;9;"2022-02-27";72
"Estado do Rio de Janeiro";"SARS-CoV-2";2022;10;"2022-03-06";64
"Estado do Rio de Janeiro";"SARS-CoV-2";2022;11;"2022-03-13";30
"Estado do Rio de Janeiro";"SARS-CoV-2";2022;12;"2022-03-20";33
"Estado do Rio de Janeiro";"SARS-CoV-2";2022;13;"2022-03-27";46
"Estado do Rio de Janeiro";"SARS-CoV-2";2022;14;"2022-04-03";34
"Estado do Rio de Janeiro";"SARS-CoV-2";2022;15;"2022-04-10";31
"Estado do Rio de Janeiro";"SARS-CoV-2";2022;16;"2022-04-17";34
"Estado do Rio de Janeiro";"SARS-CoV-2";2022;17;"2022-04-24";51
"Estado do Rio de Janeiro";"SARS-CoV-2";2022;18;"2022-05-01";60
"Estado do Rio de Janeiro";"SARS-CoV-2";2022;19;"2022-05-08";80
"Estado do Rio de Janeiro";"SARS-CoV-2";2022;20;"2022-05-15";153
"Estado do Rio de Janeiro";"SARS-CoV-2";2022;21;"2022-05-22";274
"Estado do Rio de Janeiro";"SARS-CoV-2";2022;22;"2022-05-29";448
"Estado do Rio de Janeiro";"SARS-CoV-2";2022;23;"2022-06-05";600
"Estado do Rio de Janeiro";"SARS-CoV-2";2022;24;"2022-06-12";664
"Estado do Rio de Janeiro";"SARS-CoV-2";2022;25;"2022-06-19";767
"Estado do Rio de Janeiro";"SARS-CoV-2";2022;26;"2022-06-26";642
"Estado do Rio de Janeiro";"SARS-CoV-2";2022;27;"2022-07-03";397
"Estado do Rio de Janeiro";"SARS-CoV-2";2022;28;"2022-07-10";265
"Estado do Rio de Janeiro";"SARS-CoV-2";2022;29;"2022-07-17";169
"Estado do Rio de Janeiro";"SARS-CoV-2";2022;30;"2022-07-24";93
"Estado do Rio de Janeiro";"SARS-CoV-2";2022;31;"2022-07-31";73
"Estado do Rio de Janeiro";"SARS-CoV-2";2022;32;"2022-08-07";50
"Estado do Rio de Janeiro";"SARS-CoV-2";2022;33;"2022-08-14";45
"Estado do Rio de Janeiro";"SARS-CoV-2";2022;34;"2022-08-21";38
"Estado do Rio de Janeiro";"SARS-CoV-2";2022;35;"2022-08-28";35
"Estado do Rio de Janeiro";"SARS-CoV-2";2022;36;"2022-09-04";21
"Estado do Rio de Janeiro";"SARS-CoV-2";2022;37;"2022-09-11";18
"Estado do Rio de Janeiro";"SARS-CoV-2";2022;38;"2022-09-18";20
"Estado do Rio de Janeiro";"SARS-CoV-2";2022;39;"2022-09-25";17
"Estado do Rio de Janeiro";"SARS-CoV-2";2022;40;"2022-10-02";22
"Estado do Rio de Janeiro";"SARS-CoV-2";2022;41;"2022-10-09";39
"Estado do Rio de Janeiro";"SARS-CoV-2";2022;42;"2022-10-16";47
"Estado do Rio de Janeiro";"SARS-CoV-2";2022;43;"2022-10-23";91
"Estado do Rio de Janeiro";"SARS-CoV-2";2022;44;"2022-10-30";210
"Estado do Rio de Janeiro";"SARS-CoV-2";2022;45;"2022-11-06";457
"Estado do Rio de Janeiro";"SARS-CoV-2";2022;46;"2022-11-13";596
"Estado do Rio de Janeiro";"SARS-CoV-2";2022;47;"2022-11-20";458
"Estado do Rio de Janeiro";"SARS-CoV-2";2022;48;"2022-11-27";361
"Estado do Rio de Janeiro";"SARS-CoV-2";2022;49;"2022-12-04";293
"Estado do Rio de Janeiro";"SARS-CoV-2";2022;50;"2022-12-11";157
"Estado do Rio de Janeiro";"SARS-CoV-2";2022;51;"2022-12-18";132
"Estado do Rio de Janeiro";"SARS-CoV-2";2022;52;"2022-12-25";121
"Estado do Rio de Janeiro";"SARS-CoV-2";2023;1;"2023-01-01";83
"Estado do Rio de Janeiro";"SARS-CoV-2";2023;2;"2023-01-08";55
"Estado do Rio de Janeiro";"SARS-CoV-2";2023;3;"2023-01-15";55
"Estado do Rio de Janeiro";"SARS-CoV-2";2023;4;"2023-01-22";39
"Estado do Rio de Janeiro";"SARS-CoV-2";2023;5;"2023-01-29";60
"Estado do Rio de Janeiro";"SARS-CoV-2";2023;6;"2023-02-05";72
"Estado do Rio de Janeiro";"SARS-CoV-2";2023;7;"2023-02-12";80
"Estado do Rio de Janeiro";"SARS-CoV-2";2023;8;"2023-02-19";139
"Estado do Rio de Janeiro";"SARS-CoV-2";2023;9;"2023-02-26";204
"Estado do Rio de Janeiro";"SARS-CoV-2";2023;10;"2023-03-05";187
"Estado do Rio de Janeiro";"SARS-CoV-2";2023;11;"2023-03-12";189
"Estado do Rio de Janeiro";"SARS-CoV-2";2023;12;"2023-03-19";137
"Estado do Rio de Janeiro";"SARS-CoV-2";2023;13;"2023-03-26";116
"Estado do Rio de Janeiro";"SARS-CoV-2";2023;14;"2023-04-02";94
"Estado do Rio de Janeiro";"SARS-CoV-2";2023;15;"2023-04-09";113
"Estado do Rio de Janeiro";"SARS-CoV-2";2023;16;"2023-04-16";79
"Estado do Rio de Janeiro";"SARS-CoV-2";2023;17;"2023-04-23";60
"Estado do Rio de Janeiro";"SARS-CoV-2";2023;18;"2023-04-30";51
"Estado do Rio de Janeiro";"SARS-CoV-2";2023;19;"2023-05-07";46
"Estado do Rio de Janeiro";"SARS-CoV-2";2023;20;"2023-05-14";39
"Estado do Rio de Janeiro";"SARS-CoV-2";2023;21;"2023-05-21";35
"Estado do Rio de Janeiro";"SARS-CoV-2";2023;22;"2023-05-28";31
"Estado do Rio de Janeiro";"SARS-CoV-2";2023;23;"2023-06-04";26
"Estado do Rio de Janeiro";"SARS-CoV-2";2023;24;"2023-06-11";43
"Estado do Rio de Janeiro";"SARS-CoV-2";2023;25;"2023-06-18";26
"Estado do Rio de Janeiro";"SARS-CoV-2";2023;26;"2023-06-25";31
"Estado do Rio de Janeiro";"SARS-CoV-2";2023;27;"2023-07-02";28
"Estado do Rio de Janeiro";"SARS-CoV-2";2023;28;"2023-07-09";20
"Estado do Rio de Janeiro";"SARS-CoV-2";2023;29;"2023-07-16";20
"Estado do Rio de Janeiro";"SARS-CoV-2";2023;30;"2023-07-23";23
"Estado do Rio de Janeiro";"SARS-CoV-2";2023;31;"2023-07-30";29
"Estado do Rio de Janeiro";"SARS-CoV-2";2023;32;"2023-08-06";27
"Estado do Rio de Janeiro";"SARS-CoV-2";2023;33;"2023-08-13";41
"Estado do Rio de Janeiro";"SARS-CoV-2";2023;34;"2023-08-20";56
"Estado do Rio de Janeiro";"SARS-CoV-2";2023;35;"2023-08-27";87
"Estado do Rio de Janeiro";"SARS-CoV-2";2023;36;"2023-09-03";110
"Estado do Rio de Janeiro";"SARS-CoV-2";2023;37;"2023-09-10";126
"Estado do Rio de Janeiro";"SARS-CoV-2";2023;38;"2023-09-17";169
"Estado do Rio de Janeiro";"SARS-CoV-2";2023;39;"2023-09-24";147
"Estado do Rio de Janeiro";"SARS-CoV-2";2023;40;"2023-10-01";184
"Estado do Rio de Janeiro";"SARS-CoV-2";2023;41;"2023-10-08";154
"Estado do Rio de Janeiro";"SARS-CoV-2";2023;42;"2023-10-15";144
"Estado do Rio de Janeiro";"SARS-CoV-2";2023;43;"2023-10-22";116
"Estado do Rio de Janeiro";"SARS-CoV-2";2023;44;"2023-10-29";92
"Estado do Rio de Janeiro";"SARS-CoV-2";2023;45;"2023-11-05";123
"Estado do Rio de Janeiro";"SARS-CoV-2";2023;46;"2023-11-12";78
"Estado do Rio de Janeiro";"SARS-CoV-2";2023;47;"2023-11-19";47
"Estado do Rio de Janeiro";"SARS-CoV-2";2023;48;"2023-11-26";37
"Estado do Rio de Janeiro";"SARS-CoV-2";2023;49;"2023-12-03";28
"Estado do Rio de Janeiro";"SARS-CoV-2";2023;50;"2023-12-10";26
"Estado do Rio de Janeiro";"SARS-CoV-2";2023;51;"2023-12-17";28
"Estado do Rio de Janeiro";"SARS-CoV-2";2023;52;"2023-12-24";32
"Estado do Rio de Janeiro";"SARS-CoV-2";2024;1;"2023-12-31";33
"Estado do Rio de Janeiro";"SARS-CoV-2";2024;2;"2024-01-07";36
"Estado do Rio de Janeiro";"SARS-CoV-2";2024;3;"2024-01-14";51
"Estado do Rio de Janeiro";"SARS-CoV-2";2024;4;"2024-01-21";59
"Estado do Rio de Janeiro";"SARS-CoV-2";2024;5;"2024-01-28";100
"Estado do Rio de Janeiro";"SARS-CoV-2";2024;6;"2024-02-04";159
"Estado do Rio de Janeiro";"SARS-CoV-2";2024;7;"2024-02-11";173
"Estado do Rio de Janeiro";"SARS-CoV-2";2024;8;"2024-02-18";170
"Estado do Rio de Janeiro";"SARS-CoV-2";2024;9;"2024-02-25";139
"Estado do Rio de Janeiro";"SARS-CoV-2";2024;10;"2024-03-03";83
"Estado do Rio de Janeiro";"SARS-CoV-2";2024;11;"2024-03-10";52
"Estado do Rio de Janeiro";"SARS-CoV-2";2024;12;"2024-03-17";42
"Estado do Rio de Janeiro";"SARS-CoV-2";2024;13;"2024-03-24";21
"Estado do Rio de Janeiro";"SARS-CoV-2";2024;14;"2024-03-31";21
"Estado do Rio de Janeiro";"SARS-CoV-2";2024;15;"2024-04-07";13
"Estado do Rio de Janeiro";"SARS-CoV-2";2024;16;"2024-04-14";8
"Estado do Rio de Janeiro";"SARS-CoV-2";2024;17;"2024-04-21";7
"Estado do Rio de Janeiro";"SARS-CoV-2";2024;18;"2024-04-28";10
"Estado do Rio de Janeiro";"SARS-CoV-2";2024;19;"2024-05-05";4
"Estado do Rio de Janeiro";"SARS-CoV-2";2024;20;"2024-05-12";6
"Estado do Rio de Janeiro";"SARS-CoV-2";2024;21;"2024-05-19";2
"Estado do Rio de Janeiro";"SARS-CoV-2";2024;22;"2024-05-26";5
"Estado do Rio de Janeiro";"SARS-CoV-2";2024;23;"2024-06-02";3
"Estado do Rio de Janeiro";"SARS-CoV-2";2024;24;"2024-06-09";9
"Estado do Rio de Janeiro";"SARS-CoV-2";2024;25;"2024-06-16";3
"Estado do Rio de Janeiro";"SARS-CoV-2";2024;26;"2024-06-23";2
"Estado do Rio de Janeiro";"SARS-CoV-2";2024;27;"2024-06-30";8
"Estado do Rio de Janeiro";"SARS-CoV-2";2024;28;"2024-07-07";8
"Estado do Rio de Janeiro";"SARS-CoV-2";2024;29;"2024-07-14";7
"Estado do Rio de Janeiro";"SARS-CoV-2";2024;30;"2024-07-21";14
"Estado do Rio de Janeiro";"SARS-CoV-2";2024;31;"2024-07-28";10
"Estado do Rio de Janeiro";"SARS-CoV-2";2024;32;"2024-08-04";11
"Estado do Rio de Janeiro";"SARS-CoV-2";2024;33;"2024-08-11";32
"Estado do Rio de Janeiro";"SARS-CoV-2";2024;34;"2024-08-18";35
"Estado do Rio de Janeiro";"SARS-CoV-2";2024;35;"2024-08-25";40
"Estado do Rio de Janeiro";"SARS-CoV-2";2024;36;"2024-09-01";51
"Estado do Rio de Janeiro";"SARS-CoV-2";2024;37;"2024-09-08";36
"Estado do Rio de Janeiro";"SARS-CoV-2";2024;38;"2024-09-15";31
"Estado do Rio de Janeiro";"SARS-CoV-2";2024;39;"2024-09-22";38
"Estado do Rio de Janeiro";"SARS-CoV-2";2024;40;"2024-09-29";34
"Estado do Rio de Janeiro";"SARS-CoV-2";2024;41;"2024-10-06";29
"Estado do Rio de Janeiro";"SARS-CoV-2";2024;42;"2024-10-13";40
"Estado do Rio de Janeiro";"SARS-CoV-2";2024;43;"2024-10-20";42
"Estado do Rio de Janeiro";"SARS-CoV-2";2024;44;"2024-10-27";44
"Estado do Rio de Janeiro";"SARS-CoV-2";2024;45;"2024-11-03";66
"Estado do Rio de Janeiro";"SARS-CoV-2";2024;46;"2024-11-10";73
"Estado do Rio de Janeiro";"SARS-CoV-2";2024;47;"2024-11-17";88
"Estado do Rio de Janeiro";"SARS-CoV-2";2024;48;"2024-11-24";84
"Estado do Rio de Janeiro";"SARS-CoV-2";2024;49;"2024-12-01";69
"Estado do Rio de Janeiro";"SARS-CoV-2";2024;50;"2024-12-08";62
"Estado do Rio de Janeiro";"SARS-CoV-2";2024;51;"2024-12-15";65
"Estado do Rio de Janeiro";"SARS-CoV-2";2024;52;"2024-12-22";50
"Estado do Rio de Janeiro";"SARS-CoV-2";2025;1;"2024-12-29";44
"Estado do Rio de Janeiro";"SARS-CoV-2";2025;2;"2025-01-05";38
"Estado do Rio de Janeiro";"SARS-CoV-2";2025;3;"2025-01-12";24
"Estado do Rio de Janeiro";"SARS-CoV-2";2025;4;"2025-01-19";20
"Estado do Rio de Janeiro";"SARS-CoV-2";2025;5;"2025-01-26";11
"Estado do Rio de Janeiro";"SARS-CoV-2";2025;6;"2025-02-02";11
"Estado do Rio de Janeiro";"SARS-CoV-2";2025;7;"2025-02-09";13
"Estado do Rio de Janeiro";"SARS-CoV-2";2025;8;"2025-02-16";16
"Estado do Rio de Janeiro";"SARS-CoV-2";2025;9;"2025-02-23";11
"Estado do Rio de Janeiro";"SARS-CoV-2";2025;10;"2025-03-02";5
"Estado do Rio de Janeiro";"SARS-CoV-2";2025;11;"2025-03-09";9
"Estado do Rio de Janeiro";"SARS-CoV-2";2025;12;"2025-03-16";6
"Estado do Rio de Janeiro";"SARS-CoV-2";2025;13;"2025-03-23";0
"Estado do Rio de Janeiro";"SARS-CoV-2";2025;14;"2025-03-30";10
"Estado do Rio de Janeiro";"SARS-CoV-2";2025;15;"2025-04-06";9
"Estado do Rio de Janeiro";"SARS-CoV-2";2025;16;"2025-04-13";9
"Estado do Rio de Janeiro";"SARS-CoV-2";2025;17;"2025-04-20";7
"Estado do Rio de Janeiro";"SARS-CoV-2";2025;18;"2025-04-27";12
"Estado do Rio de Janeiro";"SARS-CoV-2";2025;19;"2025-05-04";7
"Estado do Rio de Janeiro";"SARS-CoV-2";2025;20;"2025-05-11";10
"Estado do Rio de Janeiro";"SARS-CoV-2";2025;21;"2025-05-18";8
"Estado do Rio de Janeiro";"SARS-CoV-2";2025;22;"2025-05-25";14
"Estado do Rio de Janeiro";"SARS-CoV-2";2025;23;"2025-06-01";27
"Estado do Rio de Janeiro";"SARS-CoV-2";2025;24;"2025-06-08";47
"Estado do Rio de Janeiro";"SARS-CoV-2";2025;25;"2025-06-15";41
"Estado do Rio de Janeiro";"SARS-CoV-2";2025;26;"2025-06-22";27
"Estado do Rio de Janeiro";"SARS-CoV-2";2025;27;"2025-06-29";17
"Estado do Rio de Janeiro";"SARS-CoV-2";2025;28;"2025-07-06";21
"Estado do Rio de Janeiro";"SARS-CoV-2";2025;29;"2025-07-13";35
"Estado do Rio de Janeiro";"SARS-CoV-2";2025;30;"2025-07-20";49
"Estado do Rio de Janeiro";"SARS-CoV-2";2025;31;"2025-07-27";37
"Estado do Rio de Janeiro";"SARS-CoV-2";2025;32;"2025-08-03";54
"Estado do Rio de Janeiro";"SARS-CoV-2";2025;33;"2025-08-10";71
"Estado do Rio de Janeiro";"SARS-CoV-2";2025;34;"2025-08-17";69
"Estado do Rio de Janeiro";"SARS-CoV-2";2025;35;"2025-08-24";37
"Estado do Rio de Janeiro";"SARS-CoV-2";2025;36;"2025-08-31";34
"Estado do Rio de Janeiro";"SARS-CoV-2";2025;37;"2025-09-07";28
"Estado do Rio de Janeiro";"SARS-CoV-2";2025;38;"2025-09-14";34
"Estado do Rio de Janeiro";"SARS-CoV-2";2025;39;"2025-09-21";31
"Estado do Rio de Janeiro";"SARS-CoV-2";2025;40;"2025-09-28";13
"Estado do Rio de Janeiro";"SARS-CoV-2";2025;41;"2025-10-05";19
"Estado do Rio de Janeiro";"SARS-CoV-2";2025;42;"2025-10-12";14
"Estado do Rio de Janeiro";"SARS-CoV-2";2025;43;"2025-10-19";8
"Estado do Rio de Janeiro";"SARS-CoV-2";2025;44;"2025-10-26";4
"Estado do Rio de Janeiro";"SARS-CoV-2";2025;45;"2025-11-02";8
"Estado do Rio de Janeiro";"SARS-CoV-2";2025;46;"2025-11-09";6
"Estado do Rio de Janeiro";"SARS-CoV-2";2025;47;"2025-11-16";12
"Estado do Rio de Janeiro";"SARS-CoV-2";2025;48;"2025-11-23";3
"Estado do Rio de Janeiro";"SARS-CoV-2";2025;49;"2025-11-30";8
"Estado do Rio de Janeiro";"SARS-CoV-2";2025;50;"2025-12-07";5
"Estado do Rio de Janeiro";"SARS-CoV-2";2025;51;"2025-12-14";8
"Estado do Rio de Janeiro";"SARS-CoV-2";2025;52;"2025-12-21";7
"Estado do Rio de Janeiro";"SARS-CoV-2";2025;53;"2025-12-28";21
"Estado do Rio de Janeiro";"Influenza";2022;1;"2022-01-02";111
"Estado do Rio de Janeiro";"Influenza";2022;2;"2022-01-09";26
"Estado do Rio de Janeiro";"Influenza";2022;3;"2022-01-16";12
"Estado do Rio de Janeiro";"Influenza";2022;4;"2022-01-23";5
"Estado do Rio de Janeiro";"Influenza";2022;5;"2022-01-30";1
"Estado do Rio de Janeiro";"Influenza";2022;6;"2022-02-06";5
"Estado do Rio de Janeiro";"Influenza";2022;7;"2022-02-13";5
"Estado do Rio de Janeiro";"Influenza";2022;8;"2022-02-20";3
"Estado do Rio de Janeiro";"Influenza";2022;9;"2022-02-27";3
"Estado do Rio de Janeiro";"Influenza";2022;10;"2022-03-06";3
"Estado do Rio de Janeiro";"Influenza";2022;11;"2022-03-13";1
"Estado do Rio de Janeiro";"Influenza";2022;12;"2022-03-20";6
"Estado do Rio de Janeiro";"Influenza";2022;13;"2022-03-27";9
"Estado do Rio de Janeiro";"Influenza";2022;14;"2022-04-03";6
"Estado do Rio de Janeiro";"Influenza";2022;15;"2022-04-10";4
"Estado do Rio de Janeiro";"Influenza";2022;16;"2022-04-17";2
"Estado do Rio de Janeiro";"Influenza";2022;17;"2022-04-24";0
"Estado do Rio de Janeiro";"Influenza";2022;18;"2022-05-01";2
"Estado do Rio de Janeiro";"Influenza";2022;19;"2022-05-08";3
"Estado do Rio de Janeiro";"Influenza";2022;20;"2022-05-15";4
"Estado do Rio de Janeiro";"Influenza";2022;21;"2022-05-22";5
"Estado do Rio de Janeiro";"Influenza";2022;22;"2022-05-29";6
"Estado do Rio de Janeiro";"Influenza";2022;23;"2022-06-05";0
"Estado do Rio de Janeiro";"Influenza";2022;24;"2022-06-12";2
"Estado do Rio de Janeiro";"Influenza";2022;25;"2022-06-19";3
"Estado do Rio de Janeiro";"Influenza";2022;26;"2022-06-26";4
"Estado do Rio de Janeiro";"Influenza";2022;27;"2022-07-03";2
"Estado do Rio de Janeiro";"Influenza";2022;28;"2022-07-10";6
"Estado do Rio de Janeiro";"Influenza";2022;29;"2022-07-17";3
"Estado do Rio de Janeiro";"Influenza";2022;30;"2022-07-24";1
"Estado do Rio de Janeiro";"Influenza";2022;31;"2022-07-31";2
"Estado do Rio de Janeiro";"Influenza";2022;32;"2022-08-07";9
"Estado do Rio de Janeiro";"Influenza";2022;33;"2022-08-14";3
"Estado do Rio de Janeiro";"Influenza";2022;34;"2022-08-21";1
"Estado do Rio de Janeiro";"Influenza";2022;35;"2022-08-28";3
"Estado do Rio de Janeiro";"Influenza";2022;36;"2022-09-04";3
"Estado do Rio de Janeiro";"Influenza";2022;37;"2022-09-11";2
"Estado do Rio de Janeiro";"Influenza";2022;38;"2022-09-18";5
"Estado do Rio de Janeiro";"Influenza";2022;39;"2022-09-25";5
"Estado do Rio de Janeiro";"Influenza";2022;40;"2022-10-02";4
"Estado do Rio de Janeiro";"Influenza";2022;41;"2022-10-09";8
"Estado do Rio de Janeiro";"Influenza";2022;42;"2022-10-16";15
"Estado do Rio de Janeiro";"Influenza";2022;43;"2022-10-23";18
"Estado do Rio de Janeiro";"Influenza";2022;44;"2022-10-30";21
"Estado do Rio de Janeiro";"Influenza";2022;45;"2022-11-06";10
"Estado do Rio de Janeiro";"Influenza";2022;46;"2022-11-13";13
"Estado do Rio de Janeiro";"Influenza";2022;47;"2022-11-20";6
"Estado do Rio de Janeiro";"Influenza";2022;48;"2022-11-27";2
"Estado do Rio de Janeiro";"Influenza";2022;49;"2022-12-04";4
"Estado do Rio de Janeiro";"Influenza";2022;50;"2022-12-11";2
"Estado do Rio de Janeiro";"Influenza";2022;51;"2022-12-18";4
"Estado do Rio de Janeiro";"Influenza";2022;52;"2022-12-25";1
"Estado do Rio de Janeiro";"Influenza";2023;1;"2023-01-01";2
"Estado do Rio de Janeiro";"Influenza";2023;2;"2023-01-08";4
"Estado do Rio de Janeiro";"Influenza";2023;3;"2023-01-15";4
"Estado do Rio de Janeiro";"Influenza";2023;4;"2023-01-22";5
"Estado do Rio de Janeiro";"Influenza";2023;5;"2023-01-29";0
"Estado do Rio de Janeiro";"Influenza";2023;6;"2023-02-05";3
"Estado do Rio de Janeiro";"Influenza";2023;7;"2023-02-12";2
"Estado do Rio de Janeiro";"Influenza";2023;8;"2023-02-19";10
"Estado do Rio de Janeiro";"Influenza";2023;9;"2023-02-26";6
"Estado do Rio de Janeiro";"Influenza";2023;10;"2023-03-05";10
"Estado do Rio de Janeiro";"Influenza";2023;11;"2023-03-12";17
"Estado do Rio de Janeiro";"Influenza";2023;12;"2023-03-19";12
"Estado do Rio de Janeiro";"Influenza";2023;13;"2023-03-26";15
"Estado do Rio de Janeiro";"Influenza";2023;14;"2023-04-02";14
"Estado do Rio de Janeiro";"Influenza";2023;15;"2023-04-09";14
"Estado do Rio de Janeiro";"Influenza";2023;16;"2023-04-16";27
"Estado do Rio de Janeiro";"Influenza";2023;17;"2023-04-23";47
"Estado do Rio de Janeiro";"Influenza";2023;18;"2023-04-30";69
"Estado do Rio de Janeiro";"Influenza";2023;19;"2023-05-07";57
"Estado do Rio de Janeiro";"Influenza";2023;20;"2023-05-14";50
"Estado do Rio de Janeiro";"Influenza";2023;21;"2023-05-21";42
"Estado do Rio de Janeiro";"Influenza";2023;22;"2023-05-28";45
"Estado do Rio de Janeiro";"Influenza";2023;23;"2023-06-04";27
"Estado do Rio de Janeiro";"Influenza";2023;24;"2023-06-11";20
"Estado do Rio de Janeiro";"Influenza";2023;25;"2023-06-18";13
"Estado do Rio de Janeiro";"Influenza";2023;26;"2023-06-25";13
"Estado do Rio de Janeiro";"Influenza";2023;27;"2023-07-02";21
"Estado do Rio de Janeiro";"Influenza";2023;28;"2023-07-09";17
"Estado do Rio de Janeiro";"Influenza";2023;29;"2023-07-16";10
"Estado do Rio de Janeiro";"Influenza";2023;30;"2023-07-23";13
"Estado do Rio de Janeiro";"Influenza";2023;31;"2023-07-30";7
"Estado do Rio de Janeiro";"Influenza";2023;32;"2023-08-06";4
"Estado do Rio de Janeiro";"Influenza";2023;33;"2023-08-13";5
"Estado do Rio de Janeiro";"Influenza";2023;34;"2023-08-20";8
"Estado do Rio de Janeiro";"Influenza";2023;35;"2023-08-27";2
"Estado do Rio de Janeiro";"Influenza";2023;36;"2023-09-03";1
"Estado do Rio de Janeiro";"Influenza";2023;37;"2023-09-10";5
"Estado do Rio de Janeiro";"Influenza";2023;38;"2023-09-17";5
"Estado do Rio de Janeiro";"Influenza";2023;39;"2023-09-24";2
"Estado do Rio de Janeiro";"Influenza";2023;40;"2023-10-01";3
"Estado do Rio de Janeiro";"Influenza";2023;41;"2023-10-08";3
"Estado do Rio de Janeiro";"Influenza";2023;42;"2023-10-15";1
"Estado do Rio de Janeiro";"Influenza";2023;43;"2023-10-22";4
"Estado do Rio de Janeiro";"Influenza";2023;44;"2023-10-29";2
"Estado do Rio de Janeiro";"Influenza";2023;45;"2023-11-05";2
"Estado do Rio de Janeiro";"Influenza";2023;46;"2023-11-12";3
"Estado do Rio de Janeiro";"Influenza";2023;47;"2023-11-19";3
"Estado do Rio de Janeiro";"Influenza";2023;48;"2023-11-26";3
"Estado do Rio de Janeiro";"Influenza";2023;49;"2023-12-03";2
"Estado do Rio de Janeiro";"Influenza";2023;50;"2023-12-10";6
"Estado do Rio de Janeiro";"Influenza";2023;51;"2023-12-17";9
"Estado do Rio de Janeiro";"Influenza";2023;52;"2023-12-24";2
"Estado do Rio de Janeiro";"Influenza";2024;1;"2023-12-31";5
"Estado do Rio de Janeiro";"Influenza";2024;2;"2024-01-07";4
"Estado do Rio de Janeiro";"Influenza";2024;3;"2024-01-14";11
"Estado do Rio de Janeiro";"Influenza";2024;4;"2024-01-21";15
"Estado do Rio de Janeiro";"Influenza";2024;5;"2024-01-28";28
"Estado do Rio de Janeiro";"Influenza";2024;6;"2024-02-04";28
"Estado do Rio de Janeiro";"Influenza";2024;7;"2024-02-11";30
"Estado do Rio de Janeiro";"Influenza";2024;8;"2024-02-18";40
"Estado do Rio de Janeiro";"Influenza";2024;9;"2024-02-25";54
"Estado do Rio de Janeiro";"Influenza";2024;10;"2024-03-03";71
"Estado do Rio de Janeiro";"Influenza";2024;11;"2024-03-10";53
"Estado do Rio de Janeiro";"Influenza";2024;12;"2024-03-17";70
"Estado do Rio de Janeiro";"Influenza";2024;13;"2024-03-24";35
"Estado do Rio de Janeiro";"Influenza";2024;14;"2024-03-31";64
"Estado do Rio de Janeiro";"Influenza";2024;15;"2024-04-07";62
"Estado do Rio de Janeiro";"Influenza";2024;16;"2024-04-14";62
"Estado do Rio de Janeiro";"Influenza";2024;17;"2024-04-21";72
"Estado do Rio de Janeiro";"Influenza";2024;18;"2024-04-28";51
"Estado do Rio de Janeiro";"Influenza";2024;19;"2024-05-05";35
"Estado do Rio de Janeiro";"Influenza";2024;20;"2024-05-12";49
"Estado do Rio de Janeiro";"Influenza";2024;21;"2024-05-19";39
"Estado do Rio de Janeiro";"Influenza";2024;22;"2024-05-26";32
"Estado do Rio de Janeiro";"Influenza";2024;23;"2024-06-02";32
"Estado do Rio de Janeiro";"Influenza";2024;24;"2024-06-09";36
"Estado do Rio de Janeiro";"Influenza";2024;25;"2024-06-16";27
"Estado do Rio de Janeiro";"Influenza";2024;26;"2024-06-23";24
"Estado do Rio de Janeiro";"Influenza";2024;27;"2024-06-30";36
"Estado do Rio de Janeiro";"Influenza";2024;28;"2024-07-07";29
"Estado do Rio de Janeiro";"Influenza";2024;29;"2024-07-14";25
"Estado do Rio de Janeiro";"Influenza";2024;30;"2024-07-21";13
"Estado do Rio de Janeiro";"Influenza";2024;31;"2024-07-28";20
"Estado do Rio de Janeiro";"Influenza";2024;32;"2024-08-04";16
"Estado do Rio de Janeiro";"Influenza";2024;33;"2024-08-11";20
"Estado do Rio de Janeiro";"Influenza";2024;34;"2024-08-18";22
"Estado do Rio de Janeiro";"Influenza";2024;35;"2024-08-25";22
"Estado do Rio de Janeiro";"Influenza";2024;36;"2024-09-01";31
"Estado do Rio de Janeiro";"Influenza";2024;37;"2024-09-08";25
"Estado do Rio de Janeiro";"Influenza";2024;38;"2024-09-15";32
"Estado do Rio de Janeiro";"Influenza";2024;39;"2024-09-22";27
"Estado do Rio de Janeiro";"Influenza";2024;40;"2024-09-29";25
"Estado do Rio de Janeiro";"Influenza";2024;41;"2024-10-06";31
"Estado do Rio de Janeiro";"Influenza";2024;42;"2024-10-13";34
"Estado do Rio de Janeiro";"Influenza";2024;43;"2024-10-20";40
"Estado do Rio de Janeiro";"Influenza";2024;44;"2024-10-27";34
"Estado do Rio de Janeiro";"Influenza";2024;45;"2024-11-03";32
"Estado do Rio de Janeiro";"Influenza";2024;46;"2024-11-10";28
"Estado do Rio de Janeiro";"Influenza";2024;47;"2024-11-17";30
"Estado do Rio de Janeiro";"Influenza";2024;48;"2024-11-24";36
"Estado do Rio de Janeiro";"Influenza";2024;49;"2024-12-01";24
"Estado do Rio de Janeiro";"Influenza";2024;50;"2024-12-08";30
"Estado do Rio de Janeiro";"Influenza";2024;51;"2024-12-15";19
"Estado do Rio de Janeiro";"Influenza";2024;52;"2024-12-22";17
"Estado do Rio de Janeiro";"Influenza";2025;1;"2024-12-29";24
"Estado do Rio de Janeiro";"Influenza";2025;2;"2025-01-05";18
"Estado do Rio de Janeiro";"Influenza";2025;3;"2025-01-12";11
"Estado do Rio de Janeiro";"Influenza";2025;4;"2025-01-19";13
"Estado do Rio de Janeiro";"Influenza";2025;5;"2025-01-26";15
"Estado do Rio de Janeiro";"Influenza";2025;6;"2025-02-02";5
"Estado do Rio de Janeiro";"Influenza";2025;7;"2025-02-09";9
"Estado do Rio de Janeiro";"Influenza";2025;8;"2025-02-16";7
"Estado do Rio de Janeiro";"Influenza";2025;9;"2025-02-23";5
"Estado do Rio de Janeiro";"Influenza";2025;10;"2025-03-02";4
"Estado do Rio de Janeiro";"Influenza";2025;11;"2025-03-09";14
"Estado do Rio de Janeiro";"Influenza";2025;12;"2025-03-16";13
"Estado do Rio de Janeiro";"Influenza";2025;13;"2025-03-23";24
"Estado do Rio de Janeiro";"Influenza";2025;14;"2025-03-30";28
"Estado do Rio de Janeiro";"Influenza";2025;15;"2025-04-06";31
"Estado do Rio de Janeiro";"Influenza";2025;16;"2025-04-13";67
"Estado do Rio de Janeiro";"Influenza";2025;17;"2025-04-20";95
"Estado do Rio de Janeiro";"Influenza";2025;18;"2025-04-27";136
"Estado do Rio de Janeiro";"Influenza";2025;19;"2025-05-04";177
"Estado do Rio de Janeiro";"Influenza";2025;20;"2025-05-11";248
"Estado do Rio de Janeiro";"Influenza";2025;21;"2025-05-18";293
"Estado do Rio de Janeiro";"Influenza";2025;22;"2025-05-25";225
"Estado do Rio de Janeiro";"Influenza";2025;23;"2025-06-01";202
"Estado do Rio de Janeiro";"Influenza";2025;24;"2025-06-08";122
"Estado do Rio de Janeiro";"Influenza";2025;25;"2025-06-15";83
"Estado do Rio de Janeiro";"Influenza";2025;26;"2025-06-22";50
"Estado do Rio de Janeiro";"Influenza";2025;27;"2025-06-29";49
"Estado do Rio de Janeiro";"Influenza";2025;28;"2025-07-06";42
"Estado do Rio de Janeiro";"Influenza";2025;29;"2025-07-13";31
"Estado do Rio de Janeiro";"Influenza";2025;30;"2025-07-20";16
"Estado do Rio de Janeiro";"Influenza";2025;31;"2025-07-27";12
"Estado do Rio de Janeiro";"Influenza";2025;32;"2025-08-03";11
"Estado do Rio de Janeiro";"Influenza";2025;33;"2025-08-10";13
"Estado do Rio de Janeiro";"Influenza";2025;34;"2025-08-17";18
"Estado do Rio de Janeiro";"Influenza";2025;35;"2025-08-24";25
"Estado do Rio de Janeiro";"Influenza";2025;36;"2025-08-31";26
"Estado do Rio de Janeiro";"Influenza";2025;37;"2025-09-07";16
"Estado do Rio de Janeiro";"Influenza";2025;38;"2025-09-14";32
"Estado do Rio de Janeiro";"Influenza";2025;39;"2025-09-21";37
"Estado do Rio de Janeiro";"Influenza";2025;40;"2025-09-28";50
"Estado do Rio de Janeiro";"Influenza";2025;41;"2025-10-05";33
"Estado do Rio de Janeiro";"Influenza";2025;42;"2025-10-12";49
"Estado do Rio de Janeiro";"Influenza";2025;43;"2025-10-19";51
"Estado do Rio de Janeiro";"Influenza";2025;44;"2025-10-26";51
"Estado do Rio de Janeiro";"Influenza";2025;45;"2025-11-02";39
"Estado do Rio de Janeiro";"Influenza";2025;46;"2025-11-09";46
"Estado do Rio de Janeiro";"Influenza";2025;47;"2025-11-16";41
"Estado do Rio de Janeiro";"Influenza";2025;48;"2025-11-23";33
"Estado do Rio de Janeiro";"Influenza";2025;49;"2025-11-30";39
"Estado do Rio de Janeiro";"Influenza";2025;50;"2025-12-07";24
"Estado do Rio de Janeiro";"Influenza";2025;51;"2025-12-14";25
"Estado do Rio de Janeiro";"Influenza";2025;52;"2025-12-21";19
"Estado do Rio de Janeiro";"Influenza";2025;53;"2025-12-28";7
"Estado do Rio de Janeiro";"VSR";2022;1;"2022-01-02";5
"Estado do Rio de Janeiro";"VSR";2022;2;"2022-01-09";7
"Estado do Rio de Janeiro";"VSR";2022;3;"2022-01-16";7
"Estado do Rio de Janeiro";"VSR";2022;4;"2022-01-23";4
"Estado do Rio de Janeiro";"VSR";2022;5;"2022-01-30";2
"Estado do Rio de Janeiro";"VSR";2022;6;"2022-02-06";5
"Estado do Rio de Janeiro";"VSR";2022;7;"2022-02-13";7
"Estado do Rio de Janeiro";"VSR";2022;8;"2022-02-20";14
"Estado do Rio de Janeiro";"VSR";2022;9;"2022-02-27";15
"Estado do Rio de Janeiro";"VSR";2022;10;"2022-03-06";24
"Estado do Rio de Janeiro";"VSR";2022;11;"2022-03-13";25
"Estado do Rio de Janeiro";"VSR";2022;12;"2022-03-20";51
"Estado do Rio de Janeiro";"VSR";2022;13;"2022-03-27";56
"Estado do Rio de Janeiro";"VSR";2022;14;"2022-04-03";72
"Estado do Rio de Janeiro";"VSR";2022;15;"2022-04-10";86
"Estado do Rio de Janeiro";"VSR";2022;16;"2022-04-17";91
"Estado do Rio de Janeiro";"VSR";2022;17;"2022-04-24";75
"Estado do Rio de Janeiro";"VSR";2022;18;"2022-05-01";105
"Estado do Rio de Janeiro";"VSR";2022;19;"2022-05-08";93
"Estado do Rio de Janeiro";"VSR";2022;20;"2022-05-15";98
"Estado do Rio de Janeiro";"VSR";2022;21;"2022-05-22";73
"Estado do Rio de Janeiro";"VSR";2022;22;"2022-05-29";48
"Estado do Rio de Janeiro";"VSR";2022;23;"2022-06-05";46
"Estado do Rio de Janeiro";"VSR";2022;24;"2022-06-12";47
"Estado do Rio de Janeiro";"VSR";2022;25;"2022-06-19";28
"Estado do Rio de Janeiro";"VSR";2022;26;"2022-06-26";20
"Estado do Rio de Janeiro";"VSR";2022;27;"2022-07-03";12
"Estado do Rio de Janeiro";"VSR";2022;28;"2022-07-10";12
"Estado do Rio de Janeiro";"VSR";2022;29;"2022-07-17";3
"Estado do Rio de Janeiro";"VSR";2022;30;"2022-07-24";1
"Estado do Rio de Janeiro";"VSR";2022;31;"2022-07-31";2
"Estado do Rio de Janeiro";"VSR";2022;32;"2022-08-07";2
"Estado do Rio de Janeiro";"VSR";2022;33;"2022-08-14";2
"Estado do Rio de Janeiro";"VSR";2022;34;"2022-08-21";4
"Estado do Rio de Janeiro";"VSR";2022;35;"2022-08-28";2
"Estado do Rio de Janeiro";"VSR";2022;36;"2022-09-04";0
"Estado do Rio de Janeiro";"VSR";2022;37;"2022-09-11";2
"Estado do Rio de Janeiro";"VSR";2022;38;"2022-09-18";1
"Estado do Rio de Janeiro";"VSR";2022;39;"2022-09-25";0
"Estado do Rio de Janeiro";"VSR";2022;40;"2022-10-02";0
"Estado do Rio de Janeiro";"VSR";2022;41;"2022-10-09";1
"Estado do Rio de Janeiro";"VSR";2022;42;"2022-10-16";2
"Estado do Rio de Janeiro";"VSR";2022;43;"2022-10-23";0
"Estado do Rio de Janeiro";"VSR";2022;44;"2022-10-30";2
"Estado do Rio de Janeiro";"VSR";2022;45;"2022-11-06";0
"Estado do Rio de Janeiro";"VSR";2022;46;"2022-11-13";4
"Estado do Rio de Janeiro";"VSR";2022;47;"2022-11-20";0
"Estado do Rio de Janeiro";"VSR";2022;48;"2022-11-27";0
"Estado do Rio de Janeiro";"VSR";2022;49;"2022-12-04";2
"Estado do Rio de Janeiro";"VSR";2022;50;"2022-12-11";2
"Estado do Rio de Janeiro";"VSR";2022;51;"2022-12-18";6
"Estado do Rio de Janeiro";"VSR";2022;52;"2022-12-25";3
"Estado do Rio de Janeiro";"VSR";2023;1;"2023-01-01";3
"Estado do Rio de Janeiro";"VSR";2023;2;"2023-01-08";7
"Estado do Rio de Janeiro";"VSR";2023;3;"2023-01-15";7
"Estado do Rio de Janeiro";"VSR";2023;4;"2023-01-22";11
"Estado do Rio de Janeiro";"VSR";2023;5;"2023-01-29";5
"Estado do Rio de Janeiro";"VSR";2023;6;"2023-02-05";4
"Estado do Rio de Janeiro";"VSR";2023;7;"2023-02-12";11
"Estado do Rio de Janeiro";"VSR";2023;8;"2023-02-19";22
"Estado do Rio de Janeiro";"VSR";2023;9;"2023-02-26";21
"Estado do Rio de Janeiro";"VSR";2023;10;"2023-03-05";26
"Estado do Rio de Janeiro";"VSR";2023;11;"2023-03-12";47
"Estado do Rio de Janeiro";"VSR";2023;12;"2023-03-19";72
"Estado do Rio de Janeiro";"VSR";2023;13;"2023-03-26";73
"Estado do Rio de Janeiro";"VSR";2023;14;"2023-04-02";95
"Estado do Rio de Janeiro";"VSR";2023;15;"2023-04-09";90
"Estado do Rio de Janeiro";"VSR";2023;16;"2023-04-16";49
"Estado do Rio de Janeiro";"VSR";2023;17;"2023-04-23";42
"Estado do Rio de Janeiro";"VSR";2023;18;"2023-04-30";64
"Estado do Rio de Janeiro";"VSR";2023;19;"2023-05-07";58
"Estado do Rio de Janeiro";"VSR";2023;20;"2023-05-14";40
"Estado do Rio de Janeiro";"VSR";2023;21;"2023-05-21";24
"Estado do Rio de Janeiro";"VSR";2023;22;"2023-05-28";21
"Estado do Rio de Janeiro";"VSR";2023;23;"2023-06-04";23
"Estado do Rio de Janeiro";"VSR";2023;24;"2023-06-11";20
"Estado do Rio de Janeiro";"VSR";2023;25;"2023-06-18";14
"Estado do Rio de Janeiro";"VSR";2023;26;"2023-06-25";5
"Estado do Rio de Janeiro";"VSR";2023;27;"2023-07-02";11
"Estado do Rio de Janeiro";"VSR";2023;28;"2023-07-09";9
"Estado do Rio de Janeiro";"VSR";2023;29;"2023-07-16";7
"Estado do Rio de Janeiro";"VSR";2023;30;"2023-07-23";6
"Estado do Rio de Janeiro";"VSR";2023;31;"2023-07-30";3
"Estado do Rio de Janeiro";"VSR";2023;32;"2023-08-06";5
"Estado do Rio de Janeiro";"VSR";2023;33;"2023-08-13";2
"Estado do Rio de Janeiro";"VSR";2023;34;"2023-08-20";3
"Estado do Rio de Janeiro";"VSR";2023;35;"2023-08-27";1
"Estado do Rio de Janeiro";"VSR";2023;36;"2023-09-03";2
"Estado do Rio de Janeiro";"VSR";2023;37;"2023-09-10";1
"Estado do Rio de Janeiro";"VSR";2023;38;"2023-09-17";1
"Estado do Rio de Janeiro";"VSR";2023;39;"2023-09-24";1
"Estado do Rio de Janeiro";"VSR";2023;40;"2023-10-01";1
"Estado do Rio de Janeiro";"VSR";2023;41;"2023-10-08";1
"Estado do Rio de Janeiro";"VSR";2023;42;"2023-10-15";1
"Estado do Rio de Janeiro";"VSR";2023;43;"2023-10-22";0
"Estado do Rio de Janeiro";"VSR";2023;44;"2023-10-29";1
"Estado do Rio de Janeiro";"VSR";2023;45;"2023-11-05";1
"Estado do Rio de Janeiro";"VSR";2023;46;"2023-11-12";1
"Estado do Rio de Janeiro";"VSR";2023;47;"2023-11-19";1
"Estado do Rio de Janeiro";"VSR";2023;48;"2023-11-26";3
"Estado do Rio de Janeiro";"VSR";2023;49;"2023-12-03";1
"Estado do Rio de Janeiro";"VSR";2023;50;"2023-12-10";0
"Estado do Rio de Janeiro";"VSR";2023;51;"2023-12-17";1
"Estado do Rio de Janeiro";"VSR";2023;52;"2023-12-24";3
"Estado do Rio de Janeiro";"VSR";2024;1;"2023-12-31";1
"Estado do Rio de Janeiro";"VSR";2024;2;"2024-01-07";0
"Estado do Rio de Janeiro";"VSR";2024;3;"2024-01-14";0
"Estado do Rio de Janeiro";"VSR";2024;4;"2024-01-21";2
"Estado do Rio de Janeiro";"VSR";2024;5;"2024-01-28";2
"Estado do Rio de Janeiro";"VSR";2024;6;"2024-02-04";5
"Estado do Rio de Janeiro";"VSR";2024;7;"2024-02-11";4
"Estado do Rio de Janeiro";"VSR";2024;8;"2024-02-18";6
"Estado do Rio de Janeiro";"VSR";2024;9;"2024-02-25";16
"Estado do Rio de Janeiro";"VSR";2024;10;"2024-03-03";17
"Estado do Rio de Janeiro";"VSR";2024;11;"2024-03-10";25
"Estado do Rio de Janeiro";"VSR";2024;12;"2024-03-17";37
"Estado do Rio de Janeiro";"VSR";2024;13;"2024-03-24";37
"Estado do Rio de Janeiro";"VSR";2024;14;"2024-03-31";69
"Estado do Rio de Janeiro";"VSR";2024;15;"2024-04-07";91
"Estado do Rio de Janeiro";"VSR";2024;16;"2024-04-14";127
"Estado do Rio de Janeiro";"VSR";2024;17;"2024-04-21";118
"Estado do Rio de Janeiro";"VSR";2024;18;"2024-04-28";131
"Estado do Rio de Janeiro";"VSR";2024;19;"2024-05-05";123
"Estado do Rio de Janeiro";"VSR";2024;20;"2024-05-12";136
"Estado do Rio de Janeiro";"VSR";2024;21;"2024-05-19";118
"Estado do Rio de Janeiro";"VSR";2024;22;"2024-05-26";129
"Estado do Rio de Janeiro";"VSR";2024;23;"2024-06-02";117
"Estado do Rio de Janeiro";"VSR";2024;24;"2024-06-09";126
"Estado do Rio de Janeiro";"VSR";2024;25;"2024-06-16";73
"Estado do Rio de Janeiro";"VSR";2024;26;"2024-06-23";89
"Estado do Rio de Janeiro";"VSR";2024;27;"2024-06-30";69
"Estado do Rio de Janeiro";"VSR";2024;28;"2024-07-07";77
"Estado do Rio de Janeiro";"VSR";2024;29;"2024-07-14";58
"Estado do Rio de Janeiro";"VSR";2024;30;"2024-07-21";41
"Estado do Rio de Janeiro";"VSR";2024;31;"2024-07-28";19
"Estado do Rio de Janeiro";"VSR";2024;32;"2024-08-04";24
"Estado do Rio de Janeiro";"VSR";2024;33;"2024-08-11";20
"Estado do Rio de Janeiro";"VSR";2024;34;"2024-08-18";17
"Estado do Rio de Janeiro";"VSR";2024;35;"2024-08-25";13
"Estado do Rio de Janeiro";"VSR";2024;36;"2024-09-01";10
"Estado do Rio de Janeiro";"VSR";2024;37;"2024-09-08";10
"Estado do Rio de Janeiro";"VSR";2024;38;"2024-09-15";15
"Estado do Rio de Janeiro";"VSR";2024;39;"2024-09-22";10
"Estado do Rio de Janeiro";"VSR";2024;40;"2024-09-29";2
"Estado do Rio de Janeiro";"VSR";2024;41;"2024-10-06";6
"Estado do Rio de Janeiro";"VSR";2024;42;"2024-10-13";7
"Estado do Rio de Janeiro";"VSR";2024;43;"2024-10-20";7
"Estado do Rio de Janeiro";"VSR";2024;44;"2024-10-27";7
"Estado do Rio de Janeiro";"VSR";2024;45;"2024-11-03";5
"Estado do Rio de Janeiro";"VSR";2024;46;"2024-11-10";4
"Estado do Rio de Janeiro";"VSR";2024;47;"2024-11-17";2
"Estado do Rio de Janeiro";"VSR";2024;48;"2024-11-24";3
"Estado do Rio de Janeiro";"VSR";2024;49;"2024-12-01";3
"Estado do Rio de Janeiro";"VSR";2024;50;"2024-12-08";4
"Estado do Rio de Janeiro";"VSR";2024;51;"2024-12-15";2
"Estado do Rio de Janeiro";"VSR";2024;52;"2024-12-22";3
"Estado do Rio de Janeiro";"VSR";2025;1;"2024-12-29";4
"Estado do Rio de Janeiro";"VSR";2025;2;"2025-01-05";5
"Estado do Rio de Janeiro";"VSR";2025;3;"2025-01-12";12
"Estado do Rio de Janeiro";"VSR";2025;4;"2025-01-19";5
"Estado do Rio de Janeiro";"VSR";2025;5;"2025-01-26";4
"Estado do Rio de Janeiro";"VSR";2025;6;"2025-02-02";3
"Estado do Rio de Janeiro";"VSR";2025;7;"2025-02-09";12
"Estado do Rio de Janeiro";"VSR";2025;8;"2025-02-16";12
"Estado do Rio de Janeiro";"VSR";2025;9;"2025-02-23";14
"Estado do Rio de Janeiro";"VSR";2025;10;"2025-03-02";20
"Estado do Rio de Janeiro";"VSR";2025;11;"2025-03-09";25
"Estado do Rio de Janeiro";"VSR";2025;12;"2025-03-16";44
"Estado do Rio de Janeiro";"VSR";2025;13;"2025-03-23";60
"Estado do Rio de Janeiro";"VSR";2025;14;"2025-03-30";88
"Estado do Rio de Janeiro";"VSR";2025;15;"2025-04-06";134
"Estado do Rio de Janeiro";"VSR";2025;16;"2025-04-13";134
"Estado do Rio de Janeiro";"VSR";2025;17;"2025-04-20";202
"Estado do Rio de Janeiro";"VSR";2025;18;"2025-04-27";234
"Estado do Rio de Janeiro";"VSR";2025;19;"2025-05-04";269
"Estado do Rio de Janeiro";"VSR";2025;20;"2025-05-11";340
"Estado do Rio de Janeiro";"VSR";2025;21;"2025-05-18";339
"Estado do Rio de Janeiro";"VSR";2025;22;"2025-05-25";293
"Estado do Rio de Janeiro";"VSR";2025;23;"2025-06-01";274
"Estado do Rio de Janeiro";"VSR";2025;24;"2025-06-08";233
"Estado do Rio de Janeiro";"VSR";2025;25;"2025-06-15";251
"Estado do Rio de Janeiro";"VSR";2025;26;"2025-06-22";182
"Estado do Rio de Janeiro";"VSR";2025;27;"2025-06-29";119
"Estado do Rio de Janeiro";"VSR";2025;28;"2025-07-06";104
"Estado do Rio de Janeiro";"VSR";2025;29;"2025-07-13";107
"Estado do Rio de Janeiro";"VSR";2025;30;"2025-07-20";87
"Estado do Rio de Janeiro";"VSR";2025;31;"2025-07-27";44
"Estado do Rio de Janeiro";"VSR";2025;32;"2025-08-03";41
"Estado do Rio de Janeiro";"VSR";2025;33;"2025-08-10";22
"Estado do Rio de Janeiro";"VSR";2025;34;"2025-08-17";26
"Estado do Rio de Janeiro";"VSR";2025;35;"2025-08-24";9
"Estado do Rio de Janeiro";"VSR";2025;36;"2025-08-31";8
"Estado do Rio de Janeiro";"VSR";2025;37;"2025-09-07";8
"Estado do Rio de Janeiro";"VSR";2025;38;"2025-09-14";14
"Estado do Rio de Janeiro";"VSR";2025;39;"2025-09-21";1
"Estado do Rio de Janeiro";"VSR";2025;40;"2025-09-28";3
"Estado do Rio de Janeiro";"VSR";2025;41;"2025-10-05";7
"Estado do Rio de Janeiro";"VSR";2025;42;"2025-10-12";2
"Estado do Rio de Janeiro";"VSR";2025;43;"2025-10-19";4
"Estado do Rio de Janeiro";"VSR";2025;44;"2025-10-26";2
"Estado do Rio de Janeiro";"VSR";2025;45;"2025-11-02";2
"Estado do Rio de Janeiro";"VSR";2025;46;"2025-11-09";1
"Estado do Rio de Janeiro";"VSR";2025;47;"2025-11-16";3
"Estado do Rio de Janeiro";"VSR";2025;48;"2025-11-23";1
"Estado do Rio de Janeiro";"VSR";2025;49;"2025-11-30";2
"Estado do Rio de Janeiro";"VSR";2025;50;"2025-12-07";1
"Estado do Rio de Janeiro";"VSR";2025;51;"2025-12-14";0
"Estado do Rio de Janeiro";"VSR";2025;52;"2025-12-21";1
"Estado do Rio de Janeiro";"VSR";2025;53;"2025-12-28";0
"Baía da Ilha Grande";"SARS-CoV-2";2022;1;"2022-01-02";10
"Baía da Ilha Grande";"SARS-CoV-2";2022;2;"2022-01-09";42
"Baía da Ilha Grande";"SARS-CoV-2";2022;3;"2022-01-16";30
"Baía da Ilha Grande";"SARS-CoV-2";2022;4;"2022-01-23";7
"Baía da Ilha Grande";"SARS-CoV-2";2022;5;"2022-01-30";13
"Baía da Ilha Grande";"SARS-CoV-2";2022;6;"2022-02-06";2
"Baía da Ilha Grande";"SARS-CoV-2";2022;7;"2022-02-13";1
"Baía da Ilha Grande";"SARS-CoV-2";2022;8;"2022-02-20";1
"Baía da Ilha Grande";"SARS-CoV-2";2022;9;"2022-02-27";0
"Baía da Ilha Grande";"SARS-CoV-2";2022;10;"2022-03-06";0
"Baía da Ilha Grande";"SARS-CoV-2";2022;11;"2022-03-13";0
"Baía da Ilha Grande";"SARS-CoV-2";2022;12;"2022-03-20";0
"Baía da Ilha Grande";"SARS-CoV-2";2022;13;"2022-03-27";0
"Baía da Ilha Grande";"SARS-CoV-2";2022;14;"2022-04-03";0
"Baía da Ilha Grande";"SARS-CoV-2";2022;15;"2022-04-10";0
"Baía da Ilha Grande";"SARS-CoV-2";2022;16;"2022-04-17";0
"Baía da Ilha Grande";"SARS-CoV-2";2022;17;"2022-04-24";1
"Baía da Ilha Grande";"SARS-CoV-2";2022;18;"2022-05-01";0
"Baía da Ilha Grande";"SARS-CoV-2";2022;19;"2022-05-08";0
"Baía da Ilha Grande";"SARS-CoV-2";2022;20;"2022-05-15";1
"Baía da Ilha Grande";"SARS-CoV-2";2022;21;"2022-05-22";1
"Baía da Ilha Grande";"SARS-CoV-2";2022;22;"2022-05-29";2
"Baía da Ilha Grande";"SARS-CoV-2";2022;23;"2022-06-05";5
"Baía da Ilha Grande";"SARS-CoV-2";2022;24;"2022-06-12";4
"Baía da Ilha Grande";"SARS-CoV-2";2022;25;"2022-06-19";10
"Baía da Ilha Grande";"SARS-CoV-2";2022;26;"2022-06-26";7
"Baía da Ilha Grande";"SARS-CoV-2";2022;27;"2022-07-03";5
"Baía da Ilha Grande";"SARS-CoV-2";2022;28;"2022-07-10";4
"Baía da Ilha Grande";"SARS-CoV-2";2022;29;"2022-07-17";7
"Baía da Ilha Grande";"SARS-CoV-2";2022;30;"2022-07-24";0
"Baía da Ilha Grande";"SARS-CoV-2";2022;31;"2022-07-31";1
"Baía da Ilha Grande";"SARS-CoV-2";2022;32;"2022-08-07";0
"Baía da Ilha Grande";"SARS-CoV-2";2022;33;"2022-08-14";0
"Baía da Ilha Grande";"SARS-CoV-2";2022;34;"2022-08-21";0
"Baía da Ilha Grande";"SARS-CoV-2";2022;35;"2022-08-28";0
"Baía da Ilha Grande";"SARS-CoV-2";2022;36;"2022-09-04";0
"Baía da Ilha Grande";"SARS-CoV-2";2022;37;"2022-09-11";0
"Baía da Ilha Grande";"SARS-CoV-2";2022;38;"2022-09-18";0
"Baía da Ilha Grande";"SARS-CoV-2";2022;39;"2022-09-25";0
"Baía da Ilha Grande";"SARS-CoV-2";2022;40;"2022-10-02";0
"Baía da Ilha Grande";"SARS-CoV-2";2022;41;"2022-10-09";0
"Baía da Ilha Grande";"SARS-CoV-2";2022;42;"2022-10-16";0
"Baía da Ilha Grande";"SARS-CoV-2";2022;43;"2022-10-23";0
"Baía da Ilha Grande";"SARS-CoV-2";2022;44;"2022-10-30";3
"Baía da Ilha Grande";"SARS-CoV-2";2022;45;"2022-11-06";2
"Baía da Ilha Grande";"SARS-CoV-2";2022;46;"2022-11-13";9
"Baía da Ilha Grande";"SARS-CoV-2";2022;47;"2022-11-20";10
"Baía da Ilha Grande";"SARS-CoV-2";2022;48;"2022-11-27";5
"Baía da Ilha Grande";"SARS-CoV-2";2022;49;"2022-12-04";0
"Baía da Ilha Grande";"SARS-CoV-2";2022;50;"2022-12-11";0
"Baía da Ilha Grande";"SARS-CoV-2";2022;51;"2022-12-18";1
"Baía da Ilha Grande";"SARS-CoV-2";2022;52;"2022-12-25";0
"Baía da Ilha Grande";"SARS-CoV-2";2023;1;"2023-01-01";1
"Baía da Ilha Grande";"SARS-CoV-2";2023;2;"2023-01-08";0
"Baía da Ilha Grande";"SARS-CoV-2";2023;3;"2023-01-15";0
"Baía da Ilha Grande";"SARS-CoV-2";2023;4;"2023-01-22";1
"Baía da Ilha Grande";"SARS-CoV-2";2023;5;"2023-01-29";0
"Baía da Ilha Grande";"SARS-CoV-2";2023;6;"2023-02-05";0
"Baía da Ilha Grande";"SARS-CoV-2";2023;7;"2023-02-12";0
"Baía da Ilha Grande";"SARS-CoV-2";2023;8;"2023-02-19";1
"Baía da Ilha Grande";"SARS-CoV-2";2023;9;"2023-02-26";0
"Baía da Ilha Grande";"SARS-CoV-2";2023;10;"2023-03-05";2
"Baía da Ilha Grande";"SARS-CoV-2";2023;11;"2023-03-12";1
"Baía da Ilha Grande";"SARS-CoV-2";2023;12;"2023-03-19";2
"Baía da Ilha Grande";"SARS-CoV-2";2023;13;"2023-03-26";1
"Baía da Ilha Grande";"SARS-CoV-2";2023;14;"2023-04-02";0
"Baía da Ilha Grande";"SARS-CoV-2";2023;15;"2023-04-09";1
"Baía da Ilha Grande";"SARS-CoV-2";2023;16;"2023-04-16";1
"Baía da Ilha Grande";"SARS-CoV-2";2023;17;"2023-04-23";0
"Baía da Ilha Grande";"SARS-CoV-2";2023;18;"2023-04-30";2
"Baía da Ilha Grande";"SARS-CoV-2";2023;19;"2023-05-07";0
"Baía da Ilha Grande";"SARS-CoV-2";2023;20;"2023-05-14";0
"Baía da Ilha Grande";"SARS-CoV-2";2023;21;"2023-05-21";0
"Baía da Ilha Grande";"SARS-CoV-2";2023;22;"2023-05-28";0
"Baía da Ilha Grande";"SARS-CoV-2";2023;23;"2023-06-04";0
"Baía da Ilha Grande";"SARS-CoV-2";2023;24;"2023-06-11";0
"Baía da Ilha Grande";"SARS-CoV-2";2023;25;"2023-06-18";0
"Baía da Ilha Grande";"SARS-CoV-2";2023;26;"2023-06-25";0
"Baía da Ilha Grande";"SARS-CoV-2";2023;27;"2023-07-02";0
"Baía da Ilha Grande";"SARS-CoV-2";2023;28;"2023-07-09";0
"Baía da Ilha Grande";"SARS-CoV-2";2023;29;"2023-07-16";0
"Baía da Ilha Grande";"SARS-CoV-2";2023;30;"2023-07-23";0
"Baía da Ilha Grande";"SARS-CoV-2";2023;31;"2023-07-30";0
"Baía da Ilha Grande";"SARS-CoV-2";2023;32;"2023-08-06";0
"Baía da Ilha Grande";"SARS-CoV-2";2023;33;"2023-08-13";0
"Baía da Ilha Grande";"SARS-CoV-2";2023;34;"2023-08-20";0
"Baía da Ilha Grande";"SARS-CoV-2";2023;35;"2023-08-27";1
"Baía da Ilha Grande";"SARS-CoV-2";2023;36;"2023-09-03";1
"Baía da Ilha Grande";"SARS-CoV-2";2023;37;"2023-09-10";1
"Baía da Ilha Grande";"SARS-CoV-2";2023;38;"2023-09-17";4
"Baía da Ilha Grande";"SARS-CoV-2";2023;39;"2023-09-24";2
"Baía da Ilha Grande";"SARS-CoV-2";2023;40;"2023-10-01";6
"Baía da Ilha Grande";"SARS-CoV-2";2023;41;"2023-10-08";4
"Baía da Ilha Grande";"SARS-CoV-2";2023;42;"2023-10-15";3
"Baía da Ilha Grande";"SARS-CoV-2";2023;43;"2023-10-22";1
"Baía da Ilha Grande";"SARS-CoV-2";2023;44;"2023-10-29";2
"Baía da Ilha Grande";"SARS-CoV-2";2023;45;"2023-11-05";0
"Baía da Ilha Grande";"SARS-CoV-2";2023;46;"2023-11-12";0
"Baía da Ilha Grande";"SARS-CoV-2";2023;47;"2023-11-19";0
"Baía da Ilha Grande";"SARS-CoV-2";2023;48;"2023-11-26";0
"Baía da Ilha Grande";"SARS-CoV-2";2023;49;"2023-12-03";0
"Baía da Ilha Grande";"SARS-CoV-2";2023;50;"2023-12-10";0
"Baía da Ilha Grande";"SARS-CoV-2";2023;51;"2023-12-17";0
"Baía da Ilha Grande";"SARS-CoV-2";2023;52;"2023-12-24";0
"Baía da Ilha Grande";"SARS-CoV-2";2024;1;"2023-12-31";0
"Baía da Ilha Grande";"SARS-CoV-2";2024;2;"2024-01-07";0
"Baía da Ilha Grande";"SARS-CoV-2";2024;3;"2024-01-14";0
"Baía da Ilha Grande";"SARS-CoV-2";2024;4;"2024-01-21";0
"Baía da Ilha Grande";"SARS-CoV-2";2024;5;"2024-01-28";0
"Baía da Ilha Grande";"SARS-CoV-2";2024;6;"2024-02-04";3
"Baía da Ilha Grande";"SARS-CoV-2";2024;7;"2024-02-11";1
"Baía da Ilha Grande";"SARS-CoV-2";2024;8;"2024-02-18";0
"Baía da Ilha Grande";"SARS-CoV-2";2024;9;"2024-02-25";2
"Baía da Ilha Grande";"SARS-CoV-2";2024;10;"2024-03-03";1
"Baía da Ilha Grande";"SARS-CoV-2";2024;11;"2024-03-10";1
"Baía da Ilha Grande";"SARS-CoV-2";2024;12;"2024-03-17";1
"Baía da Ilha Grande";"SARS-CoV-2";2024;13;"2024-03-24";0
"Baía da Ilha Grande";"SARS-CoV-2";2024;14;"2024-03-31";0
"Baía da Ilha Grande";"SARS-CoV-2";2024;15;"2024-04-07";0
"Baía da Ilha Grande";"SARS-CoV-2";2024;16;"2024-04-14";0
"Baía da Ilha Grande";"SARS-CoV-2";2024;17;"2024-04-21";0
"Baía da Ilha Grande";"SARS-CoV-2";2024;18;"2024-04-28";0
"Baía da Ilha Grande";"SARS-CoV-2";2024;19;"2024-05-05";0
"Baía da Ilha Grande";"SARS-CoV-2";2024;20;"2024-05-12";0
"Baía da Ilha Grande";"SARS-CoV-2";2024;21;"2024-05-19";0
"Baía da Ilha Grande";"SARS-CoV-2";2024;22;"2024-05-26";0
"Baía da Ilha Grande";"SARS-CoV-2";2024;23;"2024-06-02";0
"Baía da Ilha Grande";"SARS-CoV-2";2024;24;"2024-06-09";0
"Baía da Ilha Grande";"SARS-CoV-2";2024;25;"2024-06-16";0
"Baía da Ilha Grande";"SARS-CoV-2";2024;26;"2024-06-23";0
"Baía da Ilha Grande";"SARS-CoV-2";2024;27;"2024-06-30";0
"Baía da Ilha Grande";"SARS-CoV-2";2024;28;"2024-07-07";0
"Baía da Ilha Grande";"SARS-CoV-2";2024;29;"2024-07-14";0
"Baía da Ilha Grande";"SARS-CoV-2";2024;30;"2024-07-21";1
"Baía da Ilha Grande";"SARS-CoV-2";2024;31;"2024-07-28";1
"Baía da Ilha Grande";"SARS-CoV-2";2024;32;"2024-08-04";1
"Baía da Ilha Grande";"SARS-CoV-2";2024;33;"2024-08-11";0
"Baía da Ilha Grande";"SARS-CoV-2";2024;34;"2024-08-18";0
"Baía da Ilha Grande";"SARS-CoV-2";2024;35;"2024-08-25";0
"Baía da Ilha Grande";"SARS-CoV-2";2024;36;"2024-09-01";0
"Baía da Ilha Grande";"SARS-CoV-2";2024;37;"2024-09-08";1
"Baía da Ilha Grande";"SARS-CoV-2";2024;38;"2024-09-15";0
"Baía da Ilha Grande";"SARS-CoV-2";2024;39;"2024-09-22";1
"Baía da Ilha Grande";"SARS-CoV-2";2024;40;"2024-09-29";0
"Baía da Ilha Grande";"SARS-CoV-2";2024;41;"2024-10-06";1
"Baía da Ilha Grande";"SARS-CoV-2";2024;42;"2024-10-13";2
"Baía da Ilha Grande";"SARS-CoV-2";2024;43;"2024-10-20";0
"Baía da Ilha Grande";"SARS-CoV-2";2024;44;"2024-10-27";0
"Baía da Ilha Grande";"SARS-CoV-2";2024;45;"2024-11-03";1
"Baía da Ilha Grande";"SARS-CoV-2";2024;46;"2024-11-10";0
"Baía da Ilha Grande";"SARS-CoV-2";2024;47;"2024-11-17";1
"Baía da Ilha Grande";"SARS-CoV-2";2024;48;"2024-11-24";2
"Baía da Ilha Grande";"SARS-CoV-2";2024;49;"2024-12-01";1
"Baía da Ilha Grande";"SARS-CoV-2";2024;50;"2024-12-08";2
"Baía da Ilha Grande";"SARS-CoV-2";2024;51;"2024-12-15";5
"Baía da Ilha Grande";"SARS-CoV-2";2024;52;"2024-12-22";0
"Baía da Ilha Grande";"SARS-CoV-2";2025;1;"2024-12-29";4
"Baía da Ilha Grande";"SARS-CoV-2";2025;2;"2025-01-05";0
"Baía da Ilha Grande";"SARS-CoV-2";2025;3;"2025-01-12";0
"Baía da Ilha Grande";"SARS-CoV-2";2025;4;"2025-01-19";0
"Baía da Ilha Grande";"SARS-CoV-2";2025;5;"2025-01-26";0
"Baía da Ilha Grande";"SARS-CoV-2";2025;6;"2025-02-02";0
"Baía da Ilha Grande";"SARS-CoV-2";2025;7;"2025-02-09";1
"Baía da Ilha Grande";"SARS-CoV-2";2025;8;"2025-02-16";0
"Baía da Ilha Grande";"SARS-CoV-2";2025;9;"2025-02-23";1
"Baía da Ilha Grande";"SARS-CoV-2";2025;10;"2025-03-02";0
"Baía da Ilha Grande";"SARS-CoV-2";2025;11;"2025-03-09";0
"Baía da Ilha Grande";"SARS-CoV-2";2025;12;"2025-03-16";0
"Baía da Ilha Grande";"SARS-CoV-2";2025;13;"2025-03-23";0
"Baía da Ilha Grande";"SARS-CoV-2";2025;14;"2025-03-30";0
"Baía da Ilha Grande";"SARS-CoV-2";2025;15;"2025-04-06";0
"Baía da Ilha Grande";"SARS-CoV-2";2025;16;"2025-04-13";1
"Baía da Ilha Grande";"SARS-CoV-2";2025;17;"2025-04-20";0
"Baía da Ilha Grande";"SARS-CoV-2";2025;18;"2025-04-27";0
"Baía da Ilha Grande";"SARS-CoV-2";2025;19;"2025-05-04";0
"Baía da Ilha Grande";"SARS-CoV-2";2025;20;"2025-05-11";0
"Baía da Ilha Grande";"SARS-CoV-2";2025;21;"2025-05-18";1
"Baía da Ilha Grande";"SARS-CoV-2";2025;22;"2025-05-25";0
"Baía da Ilha Grande";"SARS-CoV-2";2025;23;"2025-06-01";1
"Baía da Ilha Grande";"SARS-CoV-2";2025;24;"2025-06-08";2
"Baía da Ilha Grande";"SARS-CoV-2";2025;25;"2025-06-15";1
"Baía da Ilha Grande";"SARS-CoV-2";2025;26;"2025-06-22";0
"Baía da Ilha Grande";"SARS-CoV-2";2025;27;"2025-06-29";0
"Baía da Ilha Grande";"SARS-CoV-2";2025;28;"2025-07-06";1
"Baía da Ilha Grande";"SARS-CoV-2";2025;29;"2025-07-13";0
"Baía da Ilha Grande";"SARS-CoV-2";2025;30;"2025-07-20";0
"Baía da Ilha Grande";"SARS-CoV-2";2025;31;"2025-07-27";0
"Baía da Ilha Grande";"SARS-CoV-2";2025;32;"2025-08-03";0
"Baía da Ilha Grande";"SARS-CoV-2";2025;33;"2025-08-10";2
"Baía da Ilha Grande";"SARS-CoV-2";2025;34;"2025-08-17";0
"Baía da Ilha Grande";"SARS-CoV-2";2025;35;"2025-08-24";0
"Baía da Ilha Grande";"SARS-CoV-2";2025;36;"2025-08-31";2
"Baía da Ilha Grande";"SARS-CoV-2";2025;37;"2025-09-07";0
"Baía da Ilha Grande";"SARS-CoV-2";2025;38;"2025-09-14";0
"Baía da Ilha Grande";"SARS-CoV-2";2025;39;"2025-09-21";0
"Baía da Ilha Grande";"SARS-CoV-2";2025;40;"2025-09-28";0
"Baía da Ilha Grande";"SARS-CoV-2";2025;41;"2025-10-05";0
"Baía da Ilha Grande";"SARS-CoV-2";2025;42;"2025-10-12";0
"Baía da Ilha Grande";"SARS-CoV-2";2025;43;"2025-10-19";0
"Baía da Ilha Grande";"SARS-CoV-2";2025;44;"2025-10-26";0
"Baía da Ilha Grande";"SARS-CoV-2";2025;45;"2025-11-02";0
"Baía da Ilha Grande";"SARS-CoV-2";2025;46;"2025-11-09";1
"Baía da Ilha Grande";"SARS-CoV-2";2025;47;"2025-11-16";0
"Baía da Ilha Grande";"SARS-CoV-2";2025;48;"2025-11-23";0
"Baía da Ilha Grande";"SARS-CoV-2";2025;49;"2025-11-30";0
"Baía da Ilha Grande";"SARS-CoV-2";2025;50;"2025-12-07";0
"Baía da Ilha Grande";"SARS-CoV-2";2025;51;"2025-12-14";0
"Baía da Ilha Grande";"SARS-CoV-2";2025;52;"2025-12-21";0
"Baía da Ilha Grande";"SARS-CoV-2";2025;53;"2025-12-28";1
"Baía da Ilha Grande";"Influenza";2022;1;"2022-01-02";0
"Baía da Ilha Grande";"Influenza";2022;2;"2022-01-09";0
"Baía da Ilha Grande";"Influenza";2022;3;"2022-01-16";0
"Baía da Ilha Grande";"Influenza";2022;4;"2022-01-23";0
"Baía da Ilha Grande";"Influenza";2022;5;"2022-01-30";0
"Baía da Ilha Grande";"Influenza";2022;6;"2022-02-06";0
"Baía da Ilha Grande";"Influenza";2022;7;"2022-02-13";0
"Baía da Ilha Grande";"Influenza";2022;8;"2022-02-20";0
"Baía da Ilha Grande";"Influenza";2022;9;"2022-02-27";0
"Baía da Ilha Grande";"Influenza";2022;10;"2022-03-06";0
"Baía da Ilha Grande";"Influenza";2022;11;"2022-03-13";0
"Baía da Ilha Grande";"Influenza";2022;12;"2022-03-20";0
"Baía da Ilha Grande";"Influenza";2022;13;"2022-03-27";0
"Baía da Ilha Grande";"Influenza";2022;14;"2022-04-03";0
"Baía da Ilha Grande";"Influenza";2022;15;"2022-04-10";0
"Baía da Ilha Grande";"Influenza";2022;16;"2022-04-17";0
"Baía da Ilha Grande";"Influenza";2022;17;"2022-04-24";0
"Baía da Ilha Grande";"Influenza";2022;18;"2022-05-01";0
"Baía da Ilha Grande";"Influenza";2022;19;"2022-05-08";0
"Baía da Ilha Grande";"Influenza";2022;20;"2022-05-15";1
"Baía da Ilha Grande";"Influenza";2022;21;"2022-05-22";0
"Baía da Ilha Grande";"Influenza";2022;22;"2022-05-29";0
"Baía da Ilha Grande";"Influenza";2022;23;"2022-06-05";0
"Baía da Ilha Grande";"Influenza";2022;24;"2022-06-12";0
"Baía da Ilha Grande";"Influenza";2022;25;"2022-06-19";0
"Baía da Ilha Grande";"Influenza";2022;26;"2022-06-26";0
"Baía da Ilha Grande";"Influenza";2022;27;"2022-07-03";0
"Baía da Ilha Grande";"Influenza";2022;28;"2022-07-10";0
"Baía da Ilha Grande";"Influenza";2022;29;"2022-07-17";0
"Baía da Ilha Grande";"Influenza";2022;30;"2022-07-24";0
"Baía da Ilha Grande";"Influenza";2022;31;"2022-07-31";0
"Baía da Ilha Grande";"Influenza";2022;32;"2022-08-07";0
"Baía da Ilha Grande";"Influenza";2022;33;"2022-08-14";0
"Baía da Ilha Grande";"Influenza";2022;34;"2022-08-21";0
"Baía da Ilha Grande";"Influenza";2022;35;"2022-08-28";0
"Baía da Ilha Grande";"Influenza";2022;36;"2022-09-04";0
"Baía da Ilha Grande";"Influenza";2022;37;"2022-09-11";0
"Baía da Ilha Grande";"Influenza";2022;38;"2022-09-18";0
"Baía da Ilha Grande";"Influenza";2022;39;"2022-09-25";0
"Baía da Ilha Grande";"Influenza";2022;40;"2022-10-02";0
"Baía da Ilha Grande";"Influenza";2022;41;"2022-10-09";0
"Baía da Ilha Grande";"Influenza";2022;42;"2022-10-16";0
"Baía da Ilha Grande";"Influenza";2022;43;"2022-10-23";0
"Baía da Ilha Grande";"Influenza";2022;44;"2022-10-30";0
"Baía da Ilha Grande";"Influenza";2022;45;"2022-11-06";0
"Baía da Ilha Grande";"Influenza";2022;46;"2022-11-13";0
"Baía da Ilha Grande";"Influenza";2022;47;"2022-11-20";0
"Baía da Ilha Grande";"Influenza";2022;48;"2022-11-27";0
"Baía da Ilha Grande";"Influenza";2022;49;"2022-12-04";0
"Baía da Ilha Grande";"Influenza";2022;50;"2022-12-11";0
"Baía da Ilha Grande";"Influenza";2022;51;"2022-12-18";0
"Baía da Ilha Grande";"Influenza";2022;52;"2022-12-25";0
"Baía da Ilha Grande";"Influenza";2023;1;"2023-01-01";0
"Baía da Ilha Grande";"Influenza";2023;2;"2023-01-08";0
"Baía da Ilha Grande";"Influenza";2023;3;"2023-01-15";0
"Baía da Ilha Grande";"Influenza";2023;4;"2023-01-22";0
"Baía da Ilha Grande";"Influenza";2023;5;"2023-01-29";0
"Baía da Ilha Grande";"Influenza";2023;6;"2023-02-05";0
"Baía da Ilha Grande";"Influenza";2023;7;"2023-02-12";0
"Baía da Ilha Grande";"Influenza";2023;8;"2023-02-19";1
"Baía da Ilha Grande";"Influenza";2023;9;"2023-02-26";0
"Baía da Ilha Grande";"Influenza";2023;10;"2023-03-05";1
"Baía da Ilha Grande";"Influenza";2023;11;"2023-03-12";2
"Baía da Ilha Grande";"Influenza";2023;12;"2023-03-19";0
"Baía da Ilha Grande";"Influenza";2023;13;"2023-03-26";1
"Baía da Ilha Grande";"Influenza";2023;14;"2023-04-02";0
"Baía da Ilha Grande";"Influenza";2023;15;"2023-04-09";1
"Baía da Ilha Grande";"Influenza";2023;16;"2023-04-16";1
"Baía da Ilha Grande";"Influenza";2023;17;"2023-04-23";0
"Baía da Ilha Grande";"Influenza";2023;18;"2023-04-30";3
"Baía da Ilha Grande";"Influenza";2023;19;"2023-05-07";0
"Baía da Ilha Grande";"Influenza";2023;20;"2023-05-14";2
"Baía da Ilha Grande";"Influenza";2023;21;"2023-05-21";1
"Baía da Ilha Grande";"Influenza";2023;22;"2023-05-28";1
"Baía da Ilha Grande";"Influenza";2023;23;"2023-06-04";2
"Baía da Ilha Grande";"Influenza";2023;24;"2023-06-11";1
"Baía da Ilha Grande";"Influenza";2023;25;"2023-06-18";1
"Baía da Ilha Grande";"Influenza";2023;26;"2023-06-25";0
"Baía da Ilha Grande";"Influenza";2023;27;"2023-07-02";0
"Baía da Ilha Grande";"Influenza";2023;28;"2023-07-09";0
"Baía da Ilha Grande";"Influenza";2023;29;"2023-07-16";0
"Baía da Ilha Grande";"Influenza";2023;30;"2023-07-23";0
"Baía da Ilha Grande";"Influenza";2023;31;"2023-07-30";0
"Baía da Ilha Grande";"Influenza";2023;32;"2023-08-06";1
"Baía da Ilha Grande";"Influenza";2023;33;"2023-08-13";0
"Baía da Ilha Grande";"Influenza";2023;34;"2023-08-20";0
"Baía da Ilha Grande";"Influenza";2023;35;"2023-08-27";0
"Baía da Ilha Grande";"Influenza";2023;36;"2023-09-03";0
"Baía da Ilha Grande";"Influenza";2023;37;"2023-09-10";0
"Baía da Ilha Grande";"Influenza";2023;38;"2023-09-17";0
"Baía da Ilha Grande";"Influenza";2023;39;"2023-09-24";0
"Baía da Ilha Grande";"Influenza";2023;40;"2023-10-01";0
"Baía da Ilha Grande";"Influenza";2023;41;"2023-10-08";0
"Baía da Ilha Grande";"Influenza";2023;42;"2023-10-15";0
"Baía da Ilha Grande";"Influenza";2023;43;"2023-10-22";0
"Baía da Ilha Grande";"Influenza";2023;44;"2023-10-29";0
"Baía da Ilha Grande";"Influenza";2023;45;"2023-11-05";0
"Baía da Ilha Grande";"Influenza";2023;46;"2023-11-12";0
"Baía da Ilha Grande";"Influenza";2023;47;"2023-11-19";0
"Baía da Ilha Grande";"Influenza";2023;48;"2023-11-26";0
"Baía da Ilha Grande";"Influenza";2023;49;"2023-12-03";0
"Baía da Ilha Grande";"Influenza";2023;50;"2023-12-10";0
"Baía da Ilha Grande";"Influenza";2023;51;"2023-12-17";0
"Baía da Ilha Grande";"Influenza";2023;52;"2023-12-24";0
"Baía da Ilha Grande";"Influenza";2024;1;"2023-12-31";0
"Baía da Ilha Grande";"Influenza";2024;2;"2024-01-07";0
"Baía da Ilha Grande";"Influenza";2024;3;"2024-01-14";0
"Baía da Ilha Grande";"Influenza";2024;4;"2024-01-21";0
"Baía da Ilha Grande";"Influenza";2024;5;"2024-01-28";0
"Baía da Ilha Grande";"Influenza";2024;6;"2024-02-04";0
"Baía da Ilha Grande";"Influenza";2024;7;"2024-02-11";0
"Baía da Ilha Grande";"Influenza";2024;8;"2024-02-18";2
"Baía da Ilha Grande";"Influenza";2024;9;"2024-02-25";1
"Baía da Ilha Grande";"Influenza";2024;10;"2024-03-03";2
"Baía da Ilha Grande";"Influenza";2024;11;"2024-03-10";0
"Baía da Ilha Grande";"Influenza";2024;12;"2024-03-17";0
"Baía da Ilha Grande";"Influenza";2024;13;"2024-03-24";0
"Baía da Ilha Grande";"Influenza";2024;14;"2024-03-31";1
"Baía da Ilha Grande";"Influenza";2024;15;"2024-04-07";1
"Baía da Ilha Grande";"Influenza";2024;16;"2024-04-14";0
"Baía da Ilha Grande";"Influenza";2024;17;"2024-04-21";1
"Baía da Ilha Grande";"Influenza";2024;18;"2024-04-28";2
"Baía da Ilha Grande";"Influenza";2024;19;"2024-05-05";1
"Baía da Ilha Grande";"Influenza";2024;20;"2024-05-12";1
"Baía da Ilha Grande";"Influenza";2024;21;"2024-05-19";1
"Baía da Ilha Grande";"Influenza";2024;22;"2024-05-26";0
"Baía da Ilha Grande";"Influenza";2024;23;"2024-06-02";0
"Baía da Ilha Grande";"Influenza";2024;24;"2024-06-09";0
"Baía da Ilha Grande";"Influenza";2024;25;"2024-06-16";0
"Baía da Ilha Grande";"Influenza";2024;26;"2024-06-23";1
"Baía da Ilha Grande";"Influenza";2024;27;"2024-06-30";1
"Baía da Ilha Grande";"Influenza";2024;28;"2024-07-07";0
"Baía da Ilha Grande";"Influenza";2024;29;"2024-07-14";0
"Baía da Ilha Grande";"Influenza";2024;30;"2024-07-21";0
"Baía da Ilha Grande";"Influenza";2024;31;"2024-07-28";0
"Baía da Ilha Grande";"Influenza";2024;32;"2024-08-04";0
"Baía da Ilha Grande";"Influenza";2024;33;"2024-08-11";0
"Baía da Ilha Grande";"Influenza";2024;34;"2024-08-18";0
"Baía da Ilha Grande";"Influenza";2024;35;"2024-08-25";0
"Baía da Ilha Grande";"Influenza";2024;36;"2024-09-01";1
"Baía da Ilha Grande";"Influenza";2024;37;"2024-09-08";0
"Baía da Ilha Grande";"Influenza";2024;38;"2024-09-15";1
"Baía da Ilha Grande";"Influenza";2024;39;"2024-09-22";0
"Baía da Ilha Grande";"Influenza";2024;40;"2024-09-29";1
"Baía da Ilha Grande";"Influenza";2024;41;"2024-10-06";0
"Baía da Ilha Grande";"Influenza";2024;42;"2024-10-13";0
"Baía da Ilha Grande";"Influenza";2024;43;"2024-10-20";0
"Baía da Ilha Grande";"Influenza";2024;44;"2024-10-27";1
"Baía da Ilha Grande";"Influenza";2024;45;"2024-11-03";0
"Baía da Ilha Grande";"Influenza";2024;46;"2024-11-10";0
"Baía da Ilha Grande";"Influenza";2024;47;"2024-11-17";2
"Baía da Ilha Grande";"Influenza";2024;48;"2024-11-24";2
"Baía da Ilha Grande";"Influenza";2024;49;"2024-12-01";1
"Baía da Ilha Grande";"Influenza";2024;50;"2024-12-08";0
"Baía da Ilha Grande";"Influenza";2024;51;"2024-12-15";0
"Baía da Ilha Grande";"Influenza";2024;52;"2024-12-22";0
"Baía da Ilha Grande";"Influenza";2025;1;"2024-12-29";0
"Baía da Ilha Grande";"Influenza";2025;2;"2025-01-05";3
"Baía da Ilha Grande";"Influenza";2025;3;"2025-01-12";0
"Baía da Ilha Grande";"Influenza";2025;4;"2025-01-19";0
"Baía da Ilha Grande";"Influenza";2025;5;"2025-01-26";0
"Baía da Ilha Grande";"Influenza";2025;6;"2025-02-02";0
"Baía da Ilha Grande";"Influenza";2025;7;"2025-02-09";0
"Baía da Ilha Grande";"Influenza";2025;8;"2025-02-16";0
"Baía da Ilha Grande";"Influenza";2025;9;"2025-02-23";0
"Baía da Ilha Grande";"Influenza";2025;10;"2025-03-02";0
"Baía da Ilha Grande";"Influenza";2025;11;"2025-03-09";0
"Baía da Ilha Grande";"Influenza";2025;12;"2025-03-16";0
"Baía da Ilha Grande";"Influenza";2025;13;"2025-03-23";0
"Baía da Ilha Grande";"Influenza";2025;14;"2025-03-30";0
"Baía da Ilha Grande";"Influenza";2025;15;"2025-04-06";0
"Baía da Ilha Grande";"Influenza";2025;16;"2025-04-13";1
"Baía da Ilha Grande";"Influenza";2025;17;"2025-04-20";1
"Baía da Ilha Grande";"Influenza";2025;18;"2025-04-27";1
"Baía da Ilha Grande";"Influenza";2025;19;"2025-05-04";0
"Baía da Ilha Grande";"Influenza";2025;20;"2025-05-11";0
"Baía da Ilha Grande";"Influenza";2025;21;"2025-05-18";2
"Baía da Ilha Grande";"Influenza";2025;22;"2025-05-25";0
"Baía da Ilha Grande";"Influenza";2025;23;"2025-06-01";4
"Baía da Ilha Grande";"Influenza";2025;24;"2025-06-08";1
"Baía da Ilha Grande";"Influenza";2025;25;"2025-06-15";0
"Baía da Ilha Grande";"Influenza";2025;26;"2025-06-22";0
"Baía da Ilha Grande";"Influenza";2025;27;"2025-06-29";1
"Baía da Ilha Grande";"Influenza";2025;28;"2025-07-06";1
"Baía da Ilha Grande";"Influenza";2025;29;"2025-07-13";0
"Baía da Ilha Grande";"Influenza";2025;30;"2025-07-20";0
"Baía da Ilha Grande";"Influenza";2025;31;"2025-07-27";0
"Baía da Ilha Grande";"Influenza";2025;32;"2025-08-03";0
"Baía da Ilha Grande";"Influenza";2025;33;"2025-08-10";0
"Baía da Ilha Grande";"Influenza";2025;34;"2025-08-17";0
"Baía da Ilha Grande";"Influenza";2025;35;"2025-08-24";0
"Baía da Ilha Grande";"Influenza";2025;36;"2025-08-31";0
"Baía da Ilha Grande";"Influenza";2025;37;"2025-09-07";0
"Baía da Ilha Grande";"Influenza";2025;38;"2025-09-14";0
"Baía da Ilha Grande";"Influenza";2025;39;"2025-09-21";0
"Baía da Ilha Grande";"Influenza";2025;40;"2025-09-28";2
"Baía da Ilha Grande";"Influenza";2025;41;"2025-10-05";0
"Baía da Ilha Grande";"Influenza";2025;42;"2025-10-12";1
"Baía da Ilha Grande";"Influenza";2025;43;"2025-10-19";1
"Baía da Ilha Grande";"Influenza";2025;44;"2025-10-26";0
"Baía da Ilha Grande";"Influenza";2025;45;"2025-11-02";2
"Baía da Ilha Grande";"Influenza";2025;46;"2025-11-09";1
"Baía da Ilha Grande";"Influenza";2025;47;"2025-11-16";0
"Baía da Ilha Grande";"Influenza";2025;48;"2025-11-23";0
"Baía da Ilha Grande";"Influenza";2025;49;"2025-11-30";0
"Baía da Ilha Grande";"Influenza";2025;50;"2025-12-07";0
"Baía da Ilha Grande";"Influenza";2025;51;"2025-12-14";0
"Baía da Ilha Grande";"Influenza";2025;52;"2025-12-21";0
"Baía da Ilha Grande";"Influenza";2025;53;"2025-12-28";0
"Baía da Ilha Grande";"VSR";2022;1;"2022-01-02";0
"Baía da Ilha Grande";"VSR";2022;2;"2022-01-09";0
"Baía da Ilha Grande";"VSR";2022;3;"2022-01-16";0
"Baía da Ilha Grande";"VSR";2022;4;"2022-01-23";0
"Baía da Ilha Grande";"VSR";2022;5;"2022-01-30";0
"Baía da Ilha Grande";"VSR";2022;6;"2022-02-06";0
"Baía da Ilha Grande";"VSR";2022;7;"2022-02-13";0
"Baía da Ilha Grande";"VSR";2022;8;"2022-02-20";1
"Baía da Ilha Grande";"VSR";2022;9;"2022-02-27";0
"Baía da Ilha Grande";"VSR";2022;10;"2022-03-06";0
"Baía da Ilha Grande";"VSR";2022;11;"2022-03-13";0
"Baía da Ilha Grande";"VSR";2022;12;"2022-03-20";0
"Baía da Ilha Grande";"VSR";2022;13;"2022-03-27";0
"Baía da Ilha Grande";"VSR";2022;14;"2022-04-03";0
"Baía da Ilha Grande";"VSR";2022;15;"2022-04-10";0
"Baía da Ilha Grande";"VSR";2022;16;"2022-04-17";1
"Baía da Ilha Grande";"VSR";2022;17;"2022-04-24";1
"Baía da Ilha Grande";"VSR";2022;18;"2022-05-01";0
"Baía da Ilha Grande";"VSR";2022;19;"2022-05-08";0
"Baía da Ilha Grande";"VSR";2022;20;"2022-05-15";1
"Baía da Ilha Grande";"VSR";2022;21;"2022-05-22";0
"Baía da Ilha Grande";"VSR";2022;22;"2022-05-29";0
"Baía da Ilha Grande";"VSR";2022;23;"2022-06-05";0
"Baía da Ilha Grande";"VSR";2022;24;"2022-06-12";1
"Baía da Ilha Grande";"VSR";2022;25;"2022-06-19";1
"Baía da Ilha Grande";"VSR";2022;26;"2022-06-26";1
"Baía da Ilha Grande";"VSR";2022;27;"2022-07-03";0
"Baía da Ilha Grande";"VSR";2022;28;"2022-07-10";0
"Baía da Ilha Grande";"VSR";2022;29;"2022-07-17";0
"Baía da Ilha Grande";"VSR";2022;30;"2022-07-24";0
"Baía da Ilha Grande";"VSR";2022;31;"2022-07-31";0
"Baía da Ilha Grande";"VSR";2022;32;"2022-08-07";0
"Baía da Ilha Grande";"VSR";2022;33;"2022-08-14";0
"Baía da Ilha Grande";"VSR";2022;34;"2022-08-21";0
"Baía da Ilha Grande";"VSR";2022;35;"2022-08-28";0
"Baía da Ilha Grande";"VSR";2022;36;"2022-09-04";0
"Baía da Ilha Grande";"VSR";2022;37;"2022-09-11";0
"Baía da Ilha Grande";"VSR";2022;38;"2022-09-18";0
"Baía da Ilha Grande";"VSR";2022;39;"2022-09-25";0
"Baía da Ilha Grande";"VSR";2022;40;"2022-10-02";0
"Baía da Ilha Grande";"VSR";2022;41;"2022-10-09";0
"Baía da Ilha Grande";"VSR";2022;42;"2022-10-16";0
"Baía da Ilha Grande";"VSR";2022;43;"2022-10-23";0
"Baía da Ilha Grande";"VSR";2022;44;"2022-10-30";0
"Baía da Ilha Grande";"VSR";2022;45;"2022-11-06";0
"Baía da Ilha Grande";"VSR";2022;46;"2022-11-13";0
"Baía da Ilha Grande";"VSR";2022;47;"2022-11-20";0
"Baía da Ilha Grande";"VSR";2022;48;"2022-11-27";0
"Baía da Ilha Grande";"VSR";2022;49;"2022-12-04";0
"Baía da Ilha Grande";"VSR";2022;50;"2022-12-11";0
"Baía da Ilha Grande";"VSR";2022;51;"2022-12-18";0
"Baía da Ilha Grande";"VSR";2022;52;"2022-12-25";0
"Baía da Ilha Grande";"VSR";2023;1;"2023-01-01";0
"Baía da Ilha Grande";"VSR";2023;2;"2023-01-08";0
"Baía da Ilha Grande";"VSR";2023;3;"2023-01-15";0
"Baía da Ilha Grande";"VSR";2023;4;"2023-01-22";0
"Baía da Ilha Grande";"VSR";2023;5;"2023-01-29";0
"Baía da Ilha Grande";"VSR";2023;6;"2023-02-05";0
"Baía da Ilha Grande";"VSR";2023;7;"2023-02-12";0
"Baía da Ilha Grande";"VSR";2023;8;"2023-02-19";0
"Baía da Ilha Grande";"VSR";2023;9;"2023-02-26";0
"Baía da Ilha Grande";"VSR";2023;10;"2023-03-05";0
"Baía da Ilha Grande";"VSR";2023;11;"2023-03-12";2
"Baía da Ilha Grande";"VSR";2023;12;"2023-03-19";1
"Baía da Ilha Grande";"VSR";2023;13;"2023-03-26";0
"Baía da Ilha Grande";"VSR";2023;14;"2023-04-02";5
"Baía da Ilha Grande";"VSR";2023;15;"2023-04-09";0
"Baía da Ilha Grande";"VSR";2023;16;"2023-04-16";0
"Baía da Ilha Grande";"VSR";2023;17;"2023-04-23";0
"Baía da Ilha Grande";"VSR";2023;18;"2023-04-30";0
"Baía da Ilha Grande";"VSR";2023;19;"2023-05-07";0
"Baía da Ilha Grande";"VSR";2023;20;"2023-05-14";1
"Baía da Ilha Grande";"VSR";2023;21;"2023-05-21";1
"Baía da Ilha Grande";"VSR";2023;22;"2023-05-28";0
"Baía da Ilha Grande";"VSR";2023;23;"2023-06-04";0
"Baía da Ilha Grande";"VSR";2023;24;"2023-06-11";1
"Baía da Ilha Grande";"VSR";2023;25;"2023-06-18";1
"Baía da Ilha Grande";"VSR";2023;26;"2023-06-25";0
"Baía da Ilha Grande";"VSR";2023;27;"2023-07-02";0
"Baía da Ilha Grande";"VSR";2023;28;"2023-07-09";0
"Baía da Ilha Grande";"VSR";2023;29;"2023-07-16";0
"Baía da Ilha Grande";"VSR";2023;30;"2023-07-23";0
"Baía da Ilha Grande";"VSR";2023;31;"2023-07-30";1
"Baía da Ilha Grande";"VSR";2023;32;"2023-08-06";0
"Baía da Ilha Grande";"VSR";2023;33;"2023-08-13";0
"Baía da Ilha Grande";"VSR";2023;34;"2023-08-20";0
"Baía da Ilha Grande";"VSR";2023;35;"2023-08-27";0
"Baía da Ilha Grande";"VSR";2023;36;"2023-09-03";0
"Baía da Ilha Grande";"VSR";2023;37;"2023-09-10";0
"Baía da Ilha Grande";"VSR";2023;38;"2023-09-17";0
"Baía da Ilha Grande";"VSR";2023;39;"2023-09-24";0
"Baía da Ilha Grande";"VSR";2023;40;"2023-10-01";0
"Baía da Ilha Grande";"VSR";2023;41;"2023-10-08";0
"Baía da Ilha Grande";"VSR";2023;42;"2023-10-15";0
"Baía da Ilha Grande";"VSR";2023;43;"2023-10-22";0
"Baía da Ilha Grande";"VSR";2023;44;"2023-10-29";0
"Baía da Ilha Grande";"VSR";2023;45;"2023-11-05";0
"Baía da Ilha Grande";"VSR";2023;46;"2023-11-12";0
"Baía da Ilha Grande";"VSR";2023;47;"2023-11-19";0
"Baía da Ilha Grande";"VSR";2023;48;"2023-11-26";0
"Baía da Ilha Grande";"VSR";2023;49;"2023-12-03";0
"Baía da Ilha Grande";"VSR";2023;50;"2023-12-10";0
"Baía da Ilha Grande";"VSR";2023;51;"2023-12-17";0
"Baía da Ilha Grande";"VSR";2023;52;"2023-12-24";0
"Baía da Ilha Grande";"VSR";2024;1;"2023-12-31";0
"Baía da Ilha Grande";"VSR";2024;2;"2024-01-07";0
"Baía da Ilha Grande";"VSR";2024;3;"2024-01-14";0
"Baía da Ilha Grande";"VSR";2024;4;"2024-01-21";1
"Baía da Ilha Grande";"VSR";2024;5;"2024-01-28";0
"Baía da Ilha Grande";"VSR";2024;6;"2024-02-04";0
"Baía da Ilha Grande";"VSR";2024;7;"2024-02-11";0
"Baía da Ilha Grande";"VSR";2024;8;"2024-02-18";1
"Baía da Ilha Grande";"VSR";2024;9;"2024-02-25";0
"Baía da Ilha Grande";"VSR";2024;10;"2024-03-03";0
"Baía da Ilha Grande";"VSR";2024;11;"2024-03-10";0
"Baía da Ilha Grande";"VSR";2024;12;"2024-03-17";0
"Baía da Ilha Grande";"VSR";2024;13;"2024-03-24";0
"Baía da Ilha Grande";"VSR";2024;14;"2024-03-31";0
"Baía da Ilha Grande";"VSR";2024;15;"2024-04-07";0
"Baía da Ilha Grande";"VSR";2024;16;"2024-04-14";2
"Baía da Ilha Grande";"VSR";2024;17;"2024-04-21";1
"Baía da Ilha Grande";"VSR";2024;18;"2024-04-28";2
"Baía da Ilha Grande";"VSR";2024;19;"2024-05-05";0
"Baía da Ilha Grande";"VSR";2024;20;"2024-05-12";4
"Baía da Ilha Grande";"VSR";2024;21;"2024-05-19";2
"Baía da Ilha Grande";"VSR";2024;22;"2024-05-26";0
"Baía da Ilha Grande";"VSR";2024;23;"2024-06-02";1
"Baía da Ilha Grande";"VSR";2024;24;"2024-06-09";4
"Baía da Ilha Grande";"VSR";2024;25;"2024-06-16";2
"Baía da Ilha Grande";"VSR";2024;26;"2024-06-23";0
"Baía da Ilha Grande";"VSR";2024;27;"2024-06-30";0
"Baía da Ilha Grande";"VSR";2024;28;"2024-07-07";1
"Baía da Ilha Grande";"VSR";2024;29;"2024-07-14";0
"Baía da Ilha Grande";"VSR";2024;30;"2024-07-21";2
"Baía da Ilha Grande";"VSR";2024;31;"2024-07-28";0
"Baía da Ilha Grande";"VSR";2024;32;"2024-08-04";0
"Baía da Ilha Grande";"VSR";2024;33;"2024-08-11";0
"Baía da Ilha Grande";"VSR";2024;34;"2024-08-18";0
"Baía da Ilha Grande";"VSR";2024;35;"2024-08-25";0
"Baía da Ilha Grande";"VSR";2024;36;"2024-09-01";1
"Baía da Ilha Grande";"VSR";2024;37;"2024-09-08";1
"Baía da Ilha Grande";"VSR";2024;38;"2024-09-15";3
"Baía da Ilha Grande";"VSR";2024;39;"2024-09-22";1
"Baía da Ilha Grande";"VSR";2024;40;"2024-09-29";0
"Baía da Ilha Grande";"VSR";2024;41;"2024-10-06";0
"Baía da Ilha Grande";"VSR";2024;42;"2024-10-13";0
"Baía da Ilha Grande";"VSR";2024;43;"2024-10-20";0
"Baía da Ilha Grande";"VSR";2024;44;"2024-10-27";0
"Baía da Ilha Grande";"VSR";2024;45;"2024-11-03";0
"Baía da Ilha Grande";"VSR";2024;46;"2024-11-10";0
"Baía da Ilha Grande";"VSR";2024;47;"2024-11-17";0
"Baía da Ilha Grande";"VSR";2024;48;"2024-11-24";0
"Baía da Ilha Grande";"VSR";2024;49;"2024-12-01";0
"Baía da Ilha Grande";"VSR";2024;50;"2024-12-08";0
"Baía da Ilha Grande";"VSR";2024;51;"2024-12-15";0
"Baía da Ilha Grande";"VSR";2024;52;"2024-12-22";0
"Baía da Ilha Grande";"VSR";2025;1;"2024-12-29";0
"Baía da Ilha Grande";"VSR";2025;2;"2025-01-05";0
"Baía da Ilha Grande";"VSR";2025;3;"2025-01-12";0
"Baía da Ilha Grande";"VSR";2025;4;"2025-01-19";0
"Baía da Ilha Grande";"VSR";2025;5;"2025-01-26";0
"Baía da Ilha Grande";"VSR";2025;6;"2025-02-02";0
"Baía da Ilha Grande";"VSR";2025;7;"2025-02-09";1
"Baía da Ilha Grande";"VSR";2025;8;"2025-02-16";0
"Baía da Ilha Grande";"VSR";2025;9;"2025-02-23";1
"Baía da Ilha Grande";"VSR";2025;10;"2025-03-02";1
"Baía da Ilha Grande";"VSR";2025;11;"2025-03-09";0
"Baía da Ilha Grande";"VSR";2025;12;"2025-03-16";1
"Baía da Ilha Grande";"VSR";2025;13;"2025-03-23";0
"Baía da Ilha Grande";"VSR";2025;14;"2025-03-30";2
"Baía da Ilha Grande";"VSR";2025;15;"2025-04-06";2
"Baía da Ilha Grande";"VSR";2025;16;"2025-04-13";8
"Baía da Ilha Grande";"VSR";2025;17;"2025-04-20";2
"Baía da Ilha Grande";"VSR";2025;18;"2025-04-27";6
"Baía da Ilha Grande";"VSR";2025;19;"2025-05-04";4
"Baía da Ilha Grande";"VSR";2025;20;"2025-05-11";4
"Baía da Ilha Grande";"VSR";2025;21;"2025-05-18";2
"Baía da Ilha Grande";"VSR";2025;22;"2025-05-25";1
"Baía da Ilha Grande";"VSR";2025;23;"2025-06-01";4
"Baía da Ilha Grande";"VSR";2025;24;"2025-06-08";3
"Baía da Ilha Grande";"VSR";2025;25;"2025-06-15";1
"Baía da Ilha Grande";"VSR";2025;26;"2025-06-22";2
"Baía da Ilha Grande";"VSR";2025;27;"2025-06-29";0
"Baía da Ilha Grande";"VSR";2025;28;"2025-07-06";0
"Baía da Ilha Grande";"VSR";2025;29;"2025-07-13";1
"Baía da Ilha Grande";"VSR";2025;30;"2025-07-20";0
"Baía da Ilha Grande";"VSR";2025;31;"2025-07-27";1
"Baía da Ilha Grande";"VSR";2025;32;"2025-08-03";1
"Baía da Ilha Grande";"VSR";2025;33;"2025-08-10";0
"Baía da Ilha Grande";"VSR";2025;34;"2025-08-17";0
"Baía da Ilha Grande";"VSR";2025;35;"2025-08-24";0
"Baía da Ilha Grande";"VSR";2025;36;"2025-08-31";0
"Baía da Ilha Grande";"VSR";2025;37;"2025-09-07";1
"Baía da Ilha Grande";"VSR";2025;38;"2025-09-14";0
"Baía da Ilha Grande";"VSR";2025;39;"2025-09-21";0
"Baía da Ilha Grande";"VSR";2025;40;"2025-09-28";0
"Baía da Ilha Grande";"VSR";2025;41;"2025-10-05";0
"Baía da Ilha Grande";"VSR";2025;42;"2025-10-12";0
"Baía da Ilha Grande";"VSR";2025;43;"2025-10-19";0
"Baía da Ilha Grande";"VSR";2025;44;"2025-10-26";0
"Baía da Ilha Grande";"VSR";2025;45;"2025-11-02";0
"Baía da Ilha Grande";"VSR";2025;46;"2025-11-09";0
"Baía da Ilha Grande";"VSR";2025;47;"2025-11-16";0
"Baía da Ilha Grande";"VSR";2025;48;"2025-11-23";0
"Baía da Ilha Grande";"VSR";2025;49;"2025-11-30";1
"Baía da Ilha Grande";"VSR";2025;50;"2025-12-07";0
"Baía da Ilha Grande";"VSR";2025;51;"2025-12-14";0
"Baía da Ilha Grande";"VSR";2025;52;"2025-12-21";0
"Baía da Ilha Grande";"VSR";2025;53;"2025-12-28";0
"Baixada Litorânea";"SARS-CoV-2";2022;1;"2022-01-02";28
"Baixada Litorânea";"SARS-CoV-2";2022;2;"2022-01-09";85
"Baixada Litorânea";"SARS-CoV-2";2022;3;"2022-01-16";103
"Baixada Litorânea";"SARS-CoV-2";2022;4;"2022-01-23";87
"Baixada Litorânea";"SARS-CoV-2";2022;5;"2022-01-30";54
"Baixada Litorânea";"SARS-CoV-2";2022;6;"2022-02-06";11
"Baixada Litorânea";"SARS-CoV-2";2022;7;"2022-02-13";11
"Baixada Litorânea";"SARS-CoV-2";2022;8;"2022-02-20";4
"Baixada Litorânea";"SARS-CoV-2";2022;9;"2022-02-27";3
"Baixada Litorânea";"SARS-CoV-2";2022;10;"2022-03-06";4
"Baixada Litorânea";"SARS-CoV-2";2022;11;"2022-03-13";2
"Baixada Litorânea";"SARS-CoV-2";2022;12;"2022-03-20";1
"Baixada Litorânea";"SARS-CoV-2";2022;13;"2022-03-27";4
"Baixada Litorânea";"SARS-CoV-2";2022;14;"2022-04-03";3
"Baixada Litorânea";"SARS-CoV-2";2022;15;"2022-04-10";0
"Baixada Litorânea";"SARS-CoV-2";2022;16;"2022-04-17";0
"Baixada Litorânea";"SARS-CoV-2";2022;17;"2022-04-24";2
"Baixada Litorânea";"SARS-CoV-2";2022;18;"2022-05-01";0
"Baixada Litorânea";"SARS-CoV-2";2022;19;"2022-05-08";5
"Baixada Litorânea";"SARS-CoV-2";2022;20;"2022-05-15";6
"Baixada Litorânea";"SARS-CoV-2";2022;21;"2022-05-22";7
"Baixada Litorânea";"SARS-CoV-2";2022;22;"2022-05-29";11
"Baixada Litorânea";"SARS-CoV-2";2022;23;"2022-06-05";25
"Baixada Litorânea";"SARS-CoV-2";2022;24;"2022-06-12";29
"Baixada Litorânea";"SARS-CoV-2";2022;25;"2022-06-19";28
"Baixada Litorânea";"SARS-CoV-2";2022;26;"2022-06-26";21
"Baixada Litorânea";"SARS-CoV-2";2022;27;"2022-07-03";12
"Baixada Litorânea";"SARS-CoV-2";2022;28;"2022-07-10";7
"Baixada Litorânea";"SARS-CoV-2";2022;29;"2022-07-17";5
"Baixada Litorânea";"SARS-CoV-2";2022;30;"2022-07-24";3
"Baixada Litorânea";"SARS-CoV-2";2022;31;"2022-07-31";4
"Baixada Litorânea";"SARS-CoV-2";2022;32;"2022-08-07";3
"Baixada Litorânea";"SARS-CoV-2";2022;33;"2022-08-14";2
"Baixada Litorânea";"SARS-CoV-2";2022;34;"2022-08-21";4
"Baixada Litorânea";"SARS-CoV-2";2022;35;"2022-08-28";1
"Baixada Litorânea";"SARS-CoV-2";2022;36;"2022-09-04";1
"Baixada Litorânea";"SARS-CoV-2";2022;37;"2022-09-11";0
"Baixada Litorânea";"SARS-CoV-2";2022;38;"2022-09-18";1
"Baixada Litorânea";"SARS-CoV-2";2022;39;"2022-09-25";0
"Baixada Litorânea";"SARS-CoV-2";2022;40;"2022-10-02";1
"Baixada Litorânea";"SARS-CoV-2";2022;41;"2022-10-09";1
"Baixada Litorânea";"SARS-CoV-2";2022;42;"2022-10-16";5
"Baixada Litorânea";"SARS-CoV-2";2022;43;"2022-10-23";0
"Baixada Litorânea";"SARS-CoV-2";2022;44;"2022-10-30";7
"Baixada Litorânea";"SARS-CoV-2";2022;45;"2022-11-06";11
"Baixada Litorânea";"SARS-CoV-2";2022;46;"2022-11-13";14
"Baixada Litorânea";"SARS-CoV-2";2022;47;"2022-11-20";24
"Baixada Litorânea";"SARS-CoV-2";2022;48;"2022-11-27";14
"Baixada Litorânea";"SARS-CoV-2";2022;49;"2022-12-04";15
"Baixada Litorânea";"SARS-CoV-2";2022;50;"2022-12-11";9
"Baixada Litorânea";"SARS-CoV-2";2022;51;"2022-12-18";7
"Baixada Litorânea";"SARS-CoV-2";2022;52;"2022-12-25";7
"Baixada Litorânea";"SARS-CoV-2";2023;1;"2023-01-01";9
"Baixada Litorânea";"SARS-CoV-2";2023;2;"2023-01-08";3
"Baixada Litorânea";"SARS-CoV-2";2023;3;"2023-01-15";0
"Baixada Litorânea";"SARS-CoV-2";2023;4;"2023-01-22";2
"Baixada Litorânea";"SARS-CoV-2";2023;5;"2023-01-29";1
"Baixada Litorânea";"SARS-CoV-2";2023;6;"2023-02-05";1
"Baixada Litorânea";"SARS-CoV-2";2023;7;"2023-02-12";1
"Baixada Litorânea";"SARS-CoV-2";2023;8;"2023-02-19";2
"Baixada Litorânea";"SARS-CoV-2";2023;9;"2023-02-26";6
"Baixada Litorânea";"SARS-CoV-2";2023;10;"2023-03-05";5
"Baixada Litorânea";"SARS-CoV-2";2023;11;"2023-03-12";5
"Baixada Litorânea";"SARS-CoV-2";2023;12;"2023-03-19";5
"Baixada Litorânea";"SARS-CoV-2";2023;13;"2023-03-26";2
"Baixada Litorânea";"SARS-CoV-2";2023;14;"2023-04-02";3
"Baixada Litorânea";"SARS-CoV-2";2023;15;"2023-04-09";3
"Baixada Litorânea";"SARS-CoV-2";2023;16;"2023-04-16";0
"Baixada Litorânea";"SARS-CoV-2";2023;17;"2023-04-23";2
"Baixada Litorânea";"SARS-CoV-2";2023;18;"2023-04-30";5
"Baixada Litorânea";"SARS-CoV-2";2023;19;"2023-05-07";1
"Baixada Litorânea";"SARS-CoV-2";2023;20;"2023-05-14";1
"Baixada Litorânea";"SARS-CoV-2";2023;21;"2023-05-21";1
"Baixada Litorânea";"SARS-CoV-2";2023;22;"2023-05-28";1
"Baixada Litorânea";"SARS-CoV-2";2023;23;"2023-06-04";0
"Baixada Litorânea";"SARS-CoV-2";2023;24;"2023-06-11";0
"Baixada Litorânea";"SARS-CoV-2";2023;25;"2023-06-18";2
"Baixada Litorânea";"SARS-CoV-2";2023;26;"2023-06-25";5
"Baixada Litorânea";"SARS-CoV-2";2023;27;"2023-07-02";2
"Baixada Litorânea";"SARS-CoV-2";2023;28;"2023-07-09";1
"Baixada Litorânea";"SARS-CoV-2";2023;29;"2023-07-16";1
"Baixada Litorânea";"SARS-CoV-2";2023;30;"2023-07-23";0
"Baixada Litorânea";"SARS-CoV-2";2023;31;"2023-07-30";1
"Baixada Litorânea";"SARS-CoV-2";2023;32;"2023-08-06";1
"Baixada Litorânea";"SARS-CoV-2";2023;33;"2023-08-13";0
"Baixada Litorânea";"SARS-CoV-2";2023;34;"2023-08-20";2
"Baixada Litorânea";"SARS-CoV-2";2023;35;"2023-08-27";1
"Baixada Litorânea";"SARS-CoV-2";2023;36;"2023-09-03";2
"Baixada Litorânea";"SARS-CoV-2";2023;37;"2023-09-10";3
"Baixada Litorânea";"SARS-CoV-2";2023;38;"2023-09-17";1
"Baixada Litorânea";"SARS-CoV-2";2023;39;"2023-09-24";6
"Baixada Litorânea";"SARS-CoV-2";2023;40;"2023-10-01";5
"Baixada Litorânea";"SARS-CoV-2";2023;41;"2023-10-08";2
"Baixada Litorânea";"SARS-CoV-2";2023;42;"2023-10-15";6
"Baixada Litorânea";"SARS-CoV-2";2023;43;"2023-10-22";1
"Baixada Litorânea";"SARS-CoV-2";2023;44;"2023-10-29";3
"Baixada Litorânea";"SARS-CoV-2";2023;45;"2023-11-05";6
"Baixada Litorânea";"SARS-CoV-2";2023;46;"2023-11-12";3
"Baixada Litorânea";"SARS-CoV-2";2023;47;"2023-11-19";2
"Baixada Litorânea";"SARS-CoV-2";2023;48;"2023-11-26";1
"Baixada Litorânea";"SARS-CoV-2";2023;49;"2023-12-03";0
"Baixada Litorânea";"SARS-CoV-2";2023;50;"2023-12-10";1
"Baixada Litorânea";"SARS-CoV-2";2023;51;"2023-12-17";2
"Baixada Litorânea";"SARS-CoV-2";2023;52;"2023-12-24";2
"Baixada Litorânea";"SARS-CoV-2";2024;1;"2023-12-31";1
"Baixada Litorânea";"SARS-CoV-2";2024;2;"2024-01-07";1
"Baixada Litorânea";"SARS-CoV-2";2024;3;"2024-01-14";0
"Baixada Litorânea";"SARS-CoV-2";2024;4;"2024-01-21";2
"Baixada Litorânea";"SARS-CoV-2";2024;5;"2024-01-28";1
"Baixada Litorânea";"SARS-CoV-2";2024;6;"2024-02-04";4
"Baixada Litorânea";"SARS-CoV-2";2024;7;"2024-02-11";4
"Baixada Litorânea";"SARS-CoV-2";2024;8;"2024-02-18";4
"Baixada Litorânea";"SARS-CoV-2";2024;9;"2024-02-25";4
"Baixada Litorânea";"SARS-CoV-2";2024;10;"2024-03-03";1
"Baixada Litorânea";"SARS-CoV-2";2024;11;"2024-03-10";5
"Baixada Litorânea";"SARS-CoV-2";2024;12;"2024-03-17";4
"Baixada Litorânea";"SARS-CoV-2";2024;13;"2024-03-24";0
"Baixada Litorânea";"SARS-CoV-2";2024;14;"2024-03-31";4
"Baixada Litorânea";"SARS-CoV-2";2024;15;"2024-04-07";0
"Baixada Litorânea";"SARS-CoV-2";2024;16;"2024-04-14";0
"Baixada Litorânea";"SARS-CoV-2";2024;17;"2024-04-21";1
"Baixada Litorânea";"SARS-CoV-2";2024;18;"2024-04-28";2
"Baixada Litorânea";"SARS-CoV-2";2024;19;"2024-05-05";0
"Baixada Litorânea";"SARS-CoV-2";2024;20;"2024-05-12";0
"Baixada Litorânea";"SARS-CoV-2";2024;21;"2024-05-19";0
"Baixada Litorânea";"SARS-CoV-2";2024;22;"2024-05-26";0
"Baixada Litorânea";"SARS-CoV-2";2024;23;"2024-06-02";0
"Baixada Litorânea";"SARS-CoV-2";2024;24;"2024-06-09";0
"Baixada Litorânea";"SARS-CoV-2";2024;25;"2024-06-16";0
"Baixada Litorânea";"SARS-CoV-2";2024;26;"2024-06-23";0
"Baixada Litorânea";"SARS-CoV-2";2024;27;"2024-06-30";1
"Baixada Litorânea";"SARS-CoV-2";2024;28;"2024-07-07";0
"Baixada Litorânea";"SARS-CoV-2";2024;29;"2024-07-14";0
"Baixada Litorânea";"SARS-CoV-2";2024;30;"2024-07-21";0
"Baixada Litorânea";"SARS-CoV-2";2024;31;"2024-07-28";0
"Baixada Litorânea";"SARS-CoV-2";2024;32;"2024-08-04";0
"Baixada Litorânea";"SARS-CoV-2";2024;33;"2024-08-11";1
"Baixada Litorânea";"SARS-CoV-2";2024;34;"2024-08-18";1
"Baixada Litorânea";"SARS-CoV-2";2024;35;"2024-08-25";2
"Baixada Litorânea";"SARS-CoV-2";2024;36;"2024-09-01";3
"Baixada Litorânea";"SARS-CoV-2";2024;37;"2024-09-08";0
"Baixada Litorânea";"SARS-CoV-2";2024;38;"2024-09-15";2
"Baixada Litorânea";"SARS-CoV-2";2024;39;"2024-09-22";0
"Baixada Litorânea";"SARS-CoV-2";2024;40;"2024-09-29";1
"Baixada Litorânea";"SARS-CoV-2";2024;41;"2024-10-06";0
"Baixada Litorânea";"SARS-CoV-2";2024;42;"2024-10-13";0
"Baixada Litorânea";"SARS-CoV-2";2024;43;"2024-10-20";3
"Baixada Litorânea";"SARS-CoV-2";2024;44;"2024-10-27";2
"Baixada Litorânea";"SARS-CoV-2";2024;45;"2024-11-03";2
"Baixada Litorânea";"SARS-CoV-2";2024;46;"2024-11-10";4
"Baixada Litorânea";"SARS-CoV-2";2024;47;"2024-11-17";6
"Baixada Litorânea";"SARS-CoV-2";2024;48;"2024-11-24";7
"Baixada Litorânea";"SARS-CoV-2";2024;49;"2024-12-01";3
"Baixada Litorânea";"SARS-CoV-2";2024;50;"2024-12-08";2
"Baixada Litorânea";"SARS-CoV-2";2024;51;"2024-12-15";0
"Baixada Litorânea";"SARS-CoV-2";2024;52;"2024-12-22";3
"Baixada Litorânea";"SARS-CoV-2";2025;1;"2024-12-29";0
"Baixada Litorânea";"SARS-CoV-2";2025;2;"2025-01-05";3
"Baixada Litorânea";"SARS-CoV-2";2025;3;"2025-01-12";1
"Baixada Litorânea";"SARS-CoV-2";2025;4;"2025-01-19";0
"Baixada Litorânea";"SARS-CoV-2";2025;5;"2025-01-26";1
"Baixada Litorânea";"SARS-CoV-2";2025;6;"2025-02-02";0
"Baixada Litorânea";"SARS-CoV-2";2025;7;"2025-02-09";0
"Baixada Litorânea";"SARS-CoV-2";2025;8;"2025-02-16";1
"Baixada Litorânea";"SARS-CoV-2";2025;9;"2025-02-23";2
"Baixada Litorânea";"SARS-CoV-2";2025;10;"2025-03-02";0
"Baixada Litorânea";"SARS-CoV-2";2025;11;"2025-03-09";0
"Baixada Litorânea";"SARS-CoV-2";2025;12;"2025-03-16";1
"Baixada Litorânea";"SARS-CoV-2";2025;13;"2025-03-23";0
"Baixada Litorânea";"SARS-CoV-2";2025;14;"2025-03-30";1
"Baixada Litorânea";"SARS-CoV-2";2025;15;"2025-04-06";0
"Baixada Litorânea";"SARS-CoV-2";2025;16;"2025-04-13";0
"Baixada Litorânea";"SARS-CoV-2";2025;17;"2025-04-20";0
"Baixada Litorânea";"SARS-CoV-2";2025;18;"2025-04-27";0
"Baixada Litorânea";"SARS-CoV-2";2025;19;"2025-05-04";0
"Baixada Litorânea";"SARS-CoV-2";2025;20;"2025-05-11";0
"Baixada Litorânea";"SARS-CoV-2";2025;21;"2025-05-18";1
"Baixada Litorânea";"SARS-CoV-2";2025;22;"2025-05-25";0
"Baixada Litorânea";"SARS-CoV-2";2025;23;"2025-06-01";0
"Baixada Litorânea";"SARS-CoV-2";2025;24;"2025-06-08";0
"Baixada Litorânea";"SARS-CoV-2";2025;25;"2025-06-15";4
"Baixada Litorânea";"SARS-CoV-2";2025;26;"2025-06-22";1
"Baixada Litorânea";"SARS-CoV-2";2025;27;"2025-06-29";0
"Baixada Litorânea";"SARS-CoV-2";2025;28;"2025-07-06";3
"Baixada Litorânea";"SARS-CoV-2";2025;29;"2025-07-13";0
"Baixada Litorânea";"SARS-CoV-2";2025;30;"2025-07-20";1
"Baixada Litorânea";"SARS-CoV-2";2025;31;"2025-07-27";0
"Baixada Litorânea";"SARS-CoV-2";2025;32;"2025-08-03";2
"Baixada Litorânea";"SARS-CoV-2";2025;33;"2025-08-10";1
"Baixada Litorânea";"SARS-CoV-2";2025;34;"2025-08-17";3
"Baixada Litorânea";"SARS-CoV-2";2025;35;"2025-08-24";2
"Baixada Litorânea";"SARS-CoV-2";2025;36;"2025-08-31";3
"Baixada Litorânea";"SARS-CoV-2";2025;37;"2025-09-07";2
"Baixada Litorânea";"SARS-CoV-2";2025;38;"2025-09-14";4
"Baixada Litorânea";"SARS-CoV-2";2025;39;"2025-09-21";2
"Baixada Litorânea";"SARS-CoV-2";2025;40;"2025-09-28";0
"Baixada Litorânea";"SARS-CoV-2";2025;41;"2025-10-05";0
"Baixada Litorânea";"SARS-CoV-2";2025;42;"2025-10-12";1
"Baixada Litorânea";"SARS-CoV-2";2025;43;"2025-10-19";1
"Baixada Litorânea";"SARS-CoV-2";2025;44;"2025-10-26";0
"Baixada Litorânea";"SARS-CoV-2";2025;45;"2025-11-02";0
"Baixada Litorânea";"SARS-CoV-2";2025;46;"2025-11-09";1
"Baixada Litorânea";"SARS-CoV-2";2025;47;"2025-11-16";1
"Baixada Litorânea";"SARS-CoV-2";2025;48;"2025-11-23";0
"Baixada Litorânea";"SARS-CoV-2";2025;49;"2025-11-30";3
"Baixada Litorânea";"SARS-CoV-2";2025;50;"2025-12-07";0
"Baixada Litorânea";"SARS-CoV-2";2025;51;"2025-12-14";0
"Baixada Litorânea";"SARS-CoV-2";2025;52;"2025-12-21";1
"Baixada Litorânea";"SARS-CoV-2";2025;53;"2025-12-28";1
"Baixada Litorânea";"Influenza";2022;1;"2022-01-02";7
"Baixada Litorânea";"Influenza";2022;2;"2022-01-09";1
"Baixada Litorânea";"Influenza";2022;3;"2022-01-16";1
"Baixada Litorânea";"Influenza";2022;4;"2022-01-23";0
"Baixada Litorânea";"Influenza";2022;5;"2022-01-30";0
"Baixada Litorânea";"Influenza";2022;6;"2022-02-06";0
"Baixada Litorânea";"Influenza";2022;7;"2022-02-13";0
"Baixada Litorânea";"Influenza";2022;8;"2022-02-20";0
"Baixada Litorânea";"Influenza";2022;9;"2022-02-27";0
"Baixada Litorânea";"Influenza";2022;10;"2022-03-06";0
"Baixada Litorânea";"Influenza";2022;11;"2022-03-13";0
"Baixada Litorânea";"Influenza";2022;12;"2022-03-20";3
"Baixada Litorânea";"Influenza";2022;13;"2022-03-27";2
"Baixada Litorânea";"Influenza";2022;14;"2022-04-03";0
"Baixada Litorânea";"Influenza";2022;15;"2022-04-10";0
"Baixada Litorânea";"Influenza";2022;16;"2022-04-17";1
"Baixada Litorânea";"Influenza";2022;17;"2022-04-24";0
"Baixada Litorânea";"Influenza";2022;18;"2022-05-01";1
"Baixada Litorânea";"Influenza";2022;19;"2022-05-08";1
"Baixada Litorânea";"Influenza";2022;20;"2022-05-15";0
"Baixada Litorânea";"Influenza";2022;21;"2022-05-22";0
"Baixada Litorânea";"Influenza";2022;22;"2022-05-29";1
"Baixada Litorânea";"Influenza";2022;23;"2022-06-05";0
"Baixada Litorânea";"Influenza";2022;24;"2022-06-12";0
"Baixada Litorânea";"Influenza";2022;25;"2022-06-19";0
"Baixada Litorânea";"Influenza";2022;26;"2022-06-26";0
"Baixada Litorânea";"Influenza";2022;27;"2022-07-03";0
"Baixada Litorânea";"Influenza";2022;28;"2022-07-10";2
"Baixada Litorânea";"Influenza";2022;29;"2022-07-17";0
"Baixada Litorânea";"Influenza";2022;30;"2022-07-24";0
"Baixada Litorânea";"Influenza";2022;31;"2022-07-31";0
"Baixada Litorânea";"Influenza";2022;32;"2022-08-07";0
"Baixada Litorânea";"Influenza";2022;33;"2022-08-14";1
"Baixada Litorânea";"Influenza";2022;34;"2022-08-21";1
"Baixada Litorânea";"Influenza";2022;35;"2022-08-28";1
"Baixada Litorânea";"Influenza";2022;36;"2022-09-04";0
"Baixada Litorânea";"Influenza";2022;37;"2022-09-11";0
"Baixada Litorânea";"Influenza";2022;38;"2022-09-18";0
"Baixada Litorânea";"Influenza";2022;39;"2022-09-25";0
"Baixada Litorânea";"Influenza";2022;40;"2022-10-02";0
"Baixada Litorânea";"Influenza";2022;41;"2022-10-09";0
"Baixada Litorânea";"Influenza";2022;42;"2022-10-16";1
"Baixada Litorânea";"Influenza";2022;43;"2022-10-23";0
"Baixada Litorânea";"Influenza";2022;44;"2022-10-30";0
"Baixada Litorânea";"Influenza";2022;45;"2022-11-06";2
"Baixada Litorânea";"Influenza";2022;46;"2022-11-13";1
"Baixada Litorânea";"Influenza";2022;47;"2022-11-20";0
"Baixada Litorânea";"Influenza";2022;48;"2022-11-27";0
"Baixada Litorânea";"Influenza";2022;49;"2022-12-04";1
"Baixada Litorânea";"Influenza";2022;50;"2022-12-11";0
"Baixada Litorânea";"Influenza";2022;51;"2022-12-18";0
"Baixada Litorânea";"Influenza";2022;52;"2022-12-25";0
"Baixada Litorânea";"Influenza";2023;1;"2023-01-01";0
"Baixada Litorânea";"Influenza";2023;2;"2023-01-08";1
"Baixada Litorânea";"Influenza";2023;3;"2023-01-15";2
"Baixada Litorânea";"Influenza";2023;4;"2023-01-22";0
"Baixada Litorânea";"Influenza";2023;5;"2023-01-29";0
"Baixada Litorânea";"Influenza";2023;6;"2023-02-05";0
"Baixada Litorânea";"Influenza";2023;7;"2023-02-12";1
"Baixada Litorânea";"Influenza";2023;8;"2023-02-19";1
"Baixada Litorânea";"Influenza";2023;9;"2023-02-26";1
"Baixada Litorânea";"Influenza";2023;10;"2023-03-05";1
"Baixada Litorânea";"Influenza";2023;11;"2023-03-12";0
"Baixada Litorânea";"Influenza";2023;12;"2023-03-19";0
"Baixada Litorânea";"Influenza";2023;13;"2023-03-26";1
"Baixada Litorânea";"Influenza";2023;14;"2023-04-02";1
"Baixada Litorânea";"Influenza";2023;15;"2023-04-09";2
"Baixada Litorânea";"Influenza";2023;16;"2023-04-16";0
"Baixada Litorânea";"Influenza";2023;17;"2023-04-23";1
"Baixada Litorânea";"Influenza";2023;18;"2023-04-30";5
"Baixada Litorânea";"Influenza";2023;19;"2023-05-07";3
"Baixada Litorânea";"Influenza";2023;20;"2023-05-14";4
"Baixada Litorânea";"Influenza";2023;21;"2023-05-21";1
"Baixada Litorânea";"Influenza";2023;22;"2023-05-28";3
"Baixada Litorânea";"Influenza";2023;23;"2023-06-04";0
"Baixada Litorânea";"Influenza";2023;24;"2023-06-11";1
"Baixada Litorânea";"Influenza";2023;25;"2023-06-18";3
"Baixada Litorânea";"Influenza";2023;26;"2023-06-25";3
"Baixada Litorânea";"Influenza";2023;27;"2023-07-02";2
"Baixada Litorânea";"Influenza";2023;28;"2023-07-09";3
"Baixada Litorânea";"Influenza";2023;29;"2023-07-16";3
"Baixada Litorânea";"Influenza";2023;30;"2023-07-23";6
"Baixada Litorânea";"Influenza";2023;31;"2023-07-30";0
"Baixada Litorânea";"Influenza";2023;32;"2023-08-06";0
"Baixada Litorânea";"Influenza";2023;33;"2023-08-13";0
"Baixada Litorânea";"Influenza";2023;34;"2023-08-20";0
"Baixada Litorânea";"Influenza";2023;35;"2023-08-27";1
"Baixada Litorânea";"Influenza";2023;36;"2023-09-03";1
"Baixada Litorânea";"Influenza";2023;37;"2023-09-10";0
"Baixada Litorânea";"Influenza";2023;38;"2023-09-17";1
"Baixada Litorânea";"Influenza";2023;39;"2023-09-24";0
"Baixada Litorânea";"Influenza";2023;40;"2023-10-01";0
"Baixada Litorânea";"Influenza";2023;41;"2023-10-08";0
"Baixada Litorânea";"Influenza";2023;42;"2023-10-15";0
"Baixada Litorânea";"Influenza";2023;43;"2023-10-22";2
"Baixada Litorânea";"Influenza";2023;44;"2023-10-29";1
"Baixada Litorânea";"Influenza";2023;45;"2023-11-05";0
"Baixada Litorânea";"Influenza";2023;46;"2023-11-12";0
"Baixada Litorânea";"Influenza";2023;47;"2023-11-19";1
"Baixada Litorânea";"Influenza";2023;48;"2023-11-26";0
"Baixada Litorânea";"Influenza";2023;49;"2023-12-03";0
"Baixada Litorânea";"Influenza";2023;50;"2023-12-10";0
"Baixada Litorânea";"Influenza";2023;51;"2023-12-17";0
"Baixada Litorânea";"Influenza";2023;52;"2023-12-24";0
"Baixada Litorânea";"Influenza";2024;1;"2023-12-31";0
"Baixada Litorânea";"Influenza";2024;2;"2024-01-07";0
"Baixada Litorânea";"Influenza";2024;3;"2024-01-14";0
"Baixada Litorânea";"Influenza";2024;4;"2024-01-21";1
"Baixada Litorânea";"Influenza";2024;5;"2024-01-28";1
"Baixada Litorânea";"Influenza";2024;6;"2024-02-04";1
"Baixada Litorânea";"Influenza";2024;7;"2024-02-11";1
"Baixada Litorânea";"Influenza";2024;8;"2024-02-18";3
"Baixada Litorânea";"Influenza";2024;9;"2024-02-25";2
"Baixada Litorânea";"Influenza";2024;10;"2024-03-03";4
"Baixada Litorânea";"Influenza";2024;11;"2024-03-10";5
"Baixada Litorânea";"Influenza";2024;12;"2024-03-17";7
"Baixada Litorânea";"Influenza";2024;13;"2024-03-24";1
"Baixada Litorânea";"Influenza";2024;14;"2024-03-31";6
"Baixada Litorânea";"Influenza";2024;15;"2024-04-07";3
"Baixada Litorânea";"Influenza";2024;16;"2024-04-14";4
"Baixada Litorânea";"Influenza";2024;17;"2024-04-21";6
"Baixada Litorânea";"Influenza";2024;18;"2024-04-28";3
"Baixada Litorânea";"Influenza";2024;19;"2024-05-05";3
"Baixada Litorânea";"Influenza";2024;20;"2024-05-12";3
"Baixada Litorânea";"Influenza";2024;21;"2024-05-19";7
"Baixada Litorânea";"Influenza";2024;22;"2024-05-26";3
"Baixada Litorânea";"Influenza";2024;23;"2024-06-02";2
"Baixada Litorânea";"Influenza";2024;24;"2024-06-09";2
"Baixada Litorânea";"Influenza";2024;25;"2024-06-16";2
"Baixada Litorânea";"Influenza";2024;26;"2024-06-23";1
"Baixada Litorânea";"Influenza";2024;27;"2024-06-30";1
"Baixada Litorânea";"Influenza";2024;28;"2024-07-07";0
"Baixada Litorânea";"Influenza";2024;29;"2024-07-14";1
"Baixada Litorânea";"Influenza";2024;30;"2024-07-21";0
"Baixada Litorânea";"Influenza";2024;31;"2024-07-28";0
"Baixada Litorânea";"Influenza";2024;32;"2024-08-04";0
"Baixada Litorânea";"Influenza";2024;33;"2024-08-11";0
"Baixada Litorânea";"Influenza";2024;34;"2024-08-18";2
"Baixada Litorânea";"Influenza";2024;35;"2024-08-25";0
"Baixada Litorânea";"Influenza";2024;36;"2024-09-01";3
"Baixada Litorânea";"Influenza";2024;37;"2024-09-08";2
"Baixada Litorânea";"Influenza";2024;38;"2024-09-15";0
"Baixada Litorânea";"Influenza";2024;39;"2024-09-22";2
"Baixada Litorânea";"Influenza";2024;40;"2024-09-29";1
"Baixada Litorânea";"Influenza";2024;41;"2024-10-06";5
"Baixada Litorânea";"Influenza";2024;42;"2024-10-13";3
"Baixada Litorânea";"Influenza";2024;43;"2024-10-20";5
"Baixada Litorânea";"Influenza";2024;44;"2024-10-27";2
"Baixada Litorânea";"Influenza";2024;45;"2024-11-03";0
"Baixada Litorânea";"Influenza";2024;46;"2024-11-10";0
"Baixada Litorânea";"Influenza";2024;47;"2024-11-17";3
"Baixada Litorânea";"Influenza";2024;48;"2024-11-24";3
"Baixada Litorânea";"Influenza";2024;49;"2024-12-01";0
"Baixada Litorânea";"Influenza";2024;50;"2024-12-08";0
"Baixada Litorânea";"Influenza";2024;51;"2024-12-15";0
"Baixada Litorânea";"Influenza";2024;52;"2024-12-22";0
"Baixada Litorânea";"Influenza";2025;1;"2024-12-29";3
"Baixada Litorânea";"Influenza";2025;2;"2025-01-05";2
"Baixada Litorânea";"Influenza";2025;3;"2025-01-12";1
"Baixada Litorânea";"Influenza";2025;4;"2025-01-19";1
"Baixada Litorânea";"Influenza";2025;5;"2025-01-26";0
"Baixada Litorânea";"Influenza";2025;6;"2025-02-02";1
"Baixada Litorânea";"Influenza";2025;7;"2025-02-09";0
"Baixada Litorânea";"Influenza";2025;8;"2025-02-16";0
"Baixada Litorânea";"Influenza";2025;9;"2025-02-23";0
"Baixada Litorânea";"Influenza";2025;10;"2025-03-02";0
"Baixada Litorânea";"Influenza";2025;11;"2025-03-09";0
"Baixada Litorânea";"Influenza";2025;12;"2025-03-16";1
"Baixada Litorânea";"Influenza";2025;13;"2025-03-23";1
"Baixada Litorânea";"Influenza";2025;14;"2025-03-30";1
"Baixada Litorânea";"Influenza";2025;15;"2025-04-06";0
"Baixada Litorânea";"Influenza";2025;16;"2025-04-13";2
"Baixada Litorânea";"Influenza";2025;17;"2025-04-20";4
"Baixada Litorânea";"Influenza";2025;18;"2025-04-27";3
"Baixada Litorânea";"Influenza";2025;19;"2025-05-04";5
"Baixada Litorânea";"Influenza";2025;20;"2025-05-11";7
"Baixada Litorânea";"Influenza";2025;21;"2025-05-18";12
"Baixada Litorânea";"Influenza";2025;22;"2025-05-25";9
"Baixada Litorânea";"Influenza";2025;23;"2025-06-01";8
"Baixada Litorânea";"Influenza";2025;24;"2025-06-08";5
"Baixada Litorânea";"Influenza";2025;25;"2025-06-15";3
"Baixada Litorânea";"Influenza";2025;26;"2025-06-22";2
"Baixada Litorânea";"Influenza";2025;27;"2025-06-29";1
"Baixada Litorânea";"Influenza";2025;28;"2025-07-06";0
"Baixada Litorânea";"Influenza";2025;29;"2025-07-13";2
"Baixada Litorânea";"Influenza";2025;30;"2025-07-20";0
"Baixada Litorânea";"Influenza";2025;31;"2025-07-27";1
"Baixada Litorânea";"Influenza";2025;32;"2025-08-03";0
"Baixada Litorânea";"Influenza";2025;33;"2025-08-10";0
"Baixada Litorânea";"Influenza";2025;34;"2025-08-17";0
"Baixada Litorânea";"Influenza";2025;35;"2025-08-24";1
"Baixada Litorânea";"Influenza";2025;36;"2025-08-31";0
"Baixada Litorânea";"Influenza";2025;37;"2025-09-07";0
"Baixada Litorânea";"Influenza";2025;38;"2025-09-14";2
"Baixada Litorânea";"Influenza";2025;39;"2025-09-21";2
"Baixada Litorânea";"Influenza";2025;40;"2025-09-28";2
"Baixada Litorânea";"Influenza";2025;41;"2025-10-05";2
"Baixada Litorânea";"Influenza";2025;42;"2025-10-12";0
"Baixada Litorânea";"Influenza";2025;43;"2025-10-19";0
"Baixada Litorânea";"Influenza";2025;44;"2025-10-26";0
"Baixada Litorânea";"Influenza";2025;45;"2025-11-02";1
"Baixada Litorânea";"Influenza";2025;46;"2025-11-09";2
"Baixada Litorânea";"Influenza";2025;47;"2025-11-16";2
"Baixada Litorânea";"Influenza";2025;48;"2025-11-23";5
"Baixada Litorânea";"Influenza";2025;49;"2025-11-30";1
"Baixada Litorânea";"Influenza";2025;50;"2025-12-07";0
"Baixada Litorânea";"Influenza";2025;51;"2025-12-14";0
"Baixada Litorânea";"Influenza";2025;52;"2025-12-21";1
"Baixada Litorânea";"Influenza";2025;53;"2025-12-28";1
"Baixada Litorânea";"VSR";2022;1;"2022-01-02";1
"Baixada Litorânea";"VSR";2022;2;"2022-01-09";1
"Baixada Litorânea";"VSR";2022;3;"2022-01-16";0
"Baixada Litorânea";"VSR";2022;4;"2022-01-23";0
"Baixada Litorânea";"VSR";2022;5;"2022-01-30";0
"Baixada Litorânea";"VSR";2022;6;"2022-02-06";0
"Baixada Litorânea";"VSR";2022;7;"2022-02-13";0
"Baixada Litorânea";"VSR";2022;8;"2022-02-20";0
"Baixada Litorânea";"VSR";2022;9;"2022-02-27";0
"Baixada Litorânea";"VSR";2022;10;"2022-03-06";1
"Baixada Litorânea";"VSR";2022;11;"2022-03-13";0
"Baixada Litorânea";"VSR";2022;12;"2022-03-20";0
"Baixada Litorânea";"VSR";2022;13;"2022-03-27";2
"Baixada Litorânea";"VSR";2022;14;"2022-04-03";4
"Baixada Litorânea";"VSR";2022;15;"2022-04-10";7
"Baixada Litorânea";"VSR";2022;16;"2022-04-17";2
"Baixada Litorânea";"VSR";2022;17;"2022-04-24";2
"Baixada Litorânea";"VSR";2022;18;"2022-05-01";1
"Baixada Litorânea";"VSR";2022;19;"2022-05-08";3
"Baixada Litorânea";"VSR";2022;20;"2022-05-15";6
"Baixada Litorânea";"VSR";2022;21;"2022-05-22";2
"Baixada Litorânea";"VSR";2022;22;"2022-05-29";1
"Baixada Litorânea";"VSR";2022;23;"2022-06-05";0
"Baixada Litorânea";"VSR";2022;24;"2022-06-12";1
"Baixada Litorânea";"VSR";2022;25;"2022-06-19";0
"Baixada Litorânea";"VSR";2022;26;"2022-06-26";0
"Baixada Litorânea";"VSR";2022;27;"2022-07-03";0
"Baixada Litorânea";"VSR";2022;28;"2022-07-10";0
"Baixada Litorânea";"VSR";2022;29;"2022-07-17";0
"Baixada Litorânea";"VSR";2022;30;"2022-07-24";0
"Baixada Litorânea";"VSR";2022;31;"2022-07-31";0
"Baixada Litorânea";"VSR";2022;32;"2022-08-07";0
"Baixada Litorânea";"VSR";2022;33;"2022-08-14";0
"Baixada Litorânea";"VSR";2022;34;"2022-08-21";0
"Baixada Litorânea";"VSR";2022;35;"2022-08-28";0
"Baixada Litorânea";"VSR";2022;36;"2022-09-04";0
"Baixada Litorânea";"VSR";2022;37;"2022-09-11";0
"Baixada Litorânea";"VSR";2022;38;"2022-09-18";0
"Baixada Litorânea";"VSR";2022;39;"2022-09-25";0
"Baixada Litorânea";"VSR";2022;40;"2022-10-02";0
"Baixada Litorânea";"VSR";2022;41;"2022-10-09";0
"Baixada Litorânea";"VSR";2022;42;"2022-10-16";0
"Baixada Litorânea";"VSR";2022;43;"2022-10-23";0
"Baixada Litorânea";"VSR";2022;44;"2022-10-30";0
"Baixada Litorânea";"VSR";2022;45;"2022-11-06";0
"Baixada Litorânea";"VSR";2022;46;"2022-11-13";0
"Baixada Litorânea";"VSR";2022;47;"2022-11-20";0
"Baixada Litorânea";"VSR";2022;48;"2022-11-27";0
"Baixada Litorânea";"VSR";2022;49;"2022-12-04";0
"Baixada Litorânea";"VSR";2022;50;"2022-12-11";0
"Baixada Litorânea";"VSR";2022;51;"2022-12-18";0
"Baixada Litorânea";"VSR";2022;52;"2022-12-25";0
"Baixada Litorânea";"VSR";2023;1;"2023-01-01";0
"Baixada Litorânea";"VSR";2023;2;"2023-01-08";0
"Baixada Litorânea";"VSR";2023;3;"2023-01-15";0
"Baixada Litorânea";"VSR";2023;4;"2023-01-22";0
"Baixada Litorânea";"VSR";2023;5;"2023-01-29";0
"Baixada Litorânea";"VSR";2023;6;"2023-02-05";0
"Baixada Litorânea";"VSR";2023;7;"2023-02-12";0
"Baixada Litorânea";"VSR";2023;8;"2023-02-19";0
"Baixada Litorânea";"VSR";2023;9;"2023-02-26";0
"Baixada Litorânea";"VSR";2023;10;"2023-03-05";0
"Baixada Litorânea";"VSR";2023;11;"2023-03-12";1
"Baixada Litorânea";"VSR";2023;12;"2023-03-19";1
"Baixada Litorânea";"VSR";2023;13;"2023-03-26";0
"Baixada Litorânea";"VSR";2023;14;"2023-04-02";1
"Baixada Litorânea";"VSR";2023;15;"2023-04-09";1
"Baixada Litorânea";"VSR";2023;16;"2023-04-16";1
"Baixada Litorânea";"VSR";2023;17;"2023-04-23";0
"Baixada Litorânea";"VSR";2023;18;"2023-04-30";3
"Baixada Litorânea";"VSR";2023;19;"2023-05-07";3
"Baixada Litorânea";"VSR";2023;20;"2023-05-14";0
"Baixada Litorânea";"VSR";2023;21;"2023-05-21";1
"Baixada Litorânea";"VSR";2023;22;"2023-05-28";0
"Baixada Litorânea";"VSR";2023;23;"2023-06-04";0
"Baixada Litorânea";"VSR";2023;24;"2023-06-11";0
"Baixada Litorânea";"VSR";2023;25;"2023-06-18";1
"Baixada Litorânea";"VSR";2023;26;"2023-06-25";0
"Baixada Litorânea";"VSR";2023;27;"2023-07-02";0
"Baixada Litorânea";"VSR";2023;28;"2023-07-09";0
"Baixada Litorânea";"VSR";2023;29;"2023-07-16";0
"Baixada Litorânea";"VSR";2023;30;"2023-07-23";0
"Baixada Litorânea";"VSR";2023;31;"2023-07-30";0
"Baixada Litorânea";"VSR";2023;32;"2023-08-06";0
"Baixada Litorânea";"VSR";2023;33;"2023-08-13";0
"Baixada Litorânea";"VSR";2023;34;"2023-08-20";1
"Baixada Litorânea";"VSR";2023;35;"2023-08-27";0
"Baixada Litorânea";"VSR";2023;36;"2023-09-03";0
"Baixada Litorânea";"VSR";2023;37;"2023-09-10";0
"Baixada Litorânea";"VSR";2023;38;"2023-09-17";0
"Baixada Litorânea";"VSR";2023;39;"2023-09-24";0
"Baixada Litorânea";"VSR";2023;40;"2023-10-01";0
"Baixada Litorânea";"VSR";2023;41;"2023-10-08";1
"Baixada Litorânea";"VSR";2023;42;"2023-10-15";0
"Baixada Litorânea";"VSR";2023;43;"2023-10-22";0
"Baixada Litorânea";"VSR";2023;44;"2023-10-29";0
"Baixada Litorânea";"VSR";2023;45;"2023-11-05";0
"Baixada Litorânea";"VSR";2023;46;"2023-11-12";0
"Baixada Litorânea";"VSR";2023;47;"2023-11-19";0
"Baixada Litorânea";"VSR";2023;48;"2023-11-26";0
"Baixada Litorânea";"VSR";2023;49;"2023-12-03";0
"Baixada Litorânea";"VSR";2023;50;"2023-12-10";0
"Baixada Litorânea";"VSR";2023;51;"2023-12-17";0
"Baixada Litorânea";"VSR";2023;52;"2023-12-24";0
"Baixada Litorânea";"VSR";2024;1;"2023-12-31";0
"Baixada Litorânea";"VSR";2024;2;"2024-01-07";0
"Baixada Litorânea";"VSR";2024;3;"2024-01-14";0
"Baixada Litorânea";"VSR";2024;4;"2024-01-21";0
"Baixada Litorânea";"VSR";2024;5;"2024-01-28";0
"Baixada Litorânea";"VSR";2024;6;"2024-02-04";0
"Baixada Litorânea";"VSR";2024;7;"2024-02-11";0
"Baixada Litorânea";"VSR";2024;8;"2024-02-18";0
"Baixada Litorânea";"VSR";2024;9;"2024-02-25";0
"Baixada Litorânea";"VSR";2024;10;"2024-03-03";1
"Baixada Litorânea";"VSR";2024;11;"2024-03-10";0
"Baixada Litorânea";"VSR";2024;12;"2024-03-17";0
"Baixada Litorânea";"VSR";2024;13;"2024-03-24";3
"Baixada Litorânea";"VSR";2024;14;"2024-03-31";2
"Baixada Litorânea";"VSR";2024;15;"2024-04-07";7
"Baixada Litorânea";"VSR";2024;16;"2024-04-14";7
"Baixada Litorânea";"VSR";2024;17;"2024-04-21";6
"Baixada Litorânea";"VSR";2024;18;"2024-04-28";10
"Baixada Litorânea";"VSR";2024;19;"2024-05-05";6
"Baixada Litorânea";"VSR";2024;20;"2024-05-12";9
"Baixada Litorânea";"VSR";2024;21;"2024-05-19";11
"Baixada Litorânea";"VSR";2024;22;"2024-05-26";11
"Baixada Litorânea";"VSR";2024;23;"2024-06-02";3
"Baixada Litorânea";"VSR";2024;24;"2024-06-09";5
"Baixada Litorânea";"VSR";2024;25;"2024-06-16";3
"Baixada Litorânea";"VSR";2024;26;"2024-06-23";3
"Baixada Litorânea";"VSR";2024;27;"2024-06-30";2
"Baixada Litorânea";"VSR";2024;28;"2024-07-07";0
"Baixada Litorânea";"VSR";2024;29;"2024-07-14";3
"Baixada Litorânea";"VSR";2024;30;"2024-07-21";0
"Baixada Litorânea";"VSR";2024;31;"2024-07-28";1
"Baixada Litorânea";"VSR";2024;32;"2024-08-04";1
"Baixada Litorânea";"VSR";2024;33;"2024-08-11";0
"Baixada Litorânea";"VSR";2024;34;"2024-08-18";0
"Baixada Litorânea";"VSR";2024;35;"2024-08-25";0
"Baixada Litorânea";"VSR";2024;36;"2024-09-01";0
"Baixada Litorânea";"VSR";2024;37;"2024-09-08";0
"Baixada Litorânea";"VSR";2024;38;"2024-09-15";0
"Baixada Litorânea";"VSR";2024;39;"2024-09-22";0
"Baixada Litorânea";"VSR";2024;40;"2024-09-29";0
"Baixada Litorânea";"VSR";2024;41;"2024-10-06";0
"Baixada Litorânea";"VSR";2024;42;"2024-10-13";0
"Baixada Litorânea";"VSR";2024;43;"2024-10-20";0
"Baixada Litorânea";"VSR";2024;44;"2024-10-27";0
"Baixada Litorânea";"VSR";2024;45;"2024-11-03";0
"Baixada Litorânea";"VSR";2024;46;"2024-11-10";0
"Baixada Litorânea";"VSR";2024;47;"2024-11-17";0
"Baixada Litorânea";"VSR";2024;48;"2024-11-24";0
"Baixada Litorânea";"VSR";2024;49;"2024-12-01";1
"Baixada Litorânea";"VSR";2024;50;"2024-12-08";1
"Baixada Litorânea";"VSR";2024;51;"2024-12-15";0
"Baixada Litorânea";"VSR";2024;52;"2024-12-22";0
"Baixada Litorânea";"VSR";2025;1;"2024-12-29";0
"Baixada Litorânea";"VSR";2025;2;"2025-01-05";0
"Baixada Litorânea";"VSR";2025;3;"2025-01-12";2
"Baixada Litorânea";"VSR";2025;4;"2025-01-19";0
"Baixada Litorânea";"VSR";2025;5;"2025-01-26";0
"Baixada Litorânea";"VSR";2025;6;"2025-02-02";0
"Baixada Litorânea";"VSR";2025;7;"2025-02-09";2
"Baixada Litorânea";"VSR";2025;8;"2025-02-16";0
"Baixada Litorânea";"VSR";2025;9;"2025-02-23";0
"Baixada Litorânea";"VSR";2025;10;"2025-03-02";0
"Baixada Litorânea";"VSR";2025;11;"2025-03-09";1
"Baixada Litorânea";"VSR";2025;12;"2025-03-16";0
"Baixada Litorânea";"VSR";2025;13;"2025-03-23";3
"Baixada Litorânea";"VSR";2025;14;"2025-03-30";2
"Baixada Litorânea";"VSR";2025;15;"2025-04-06";6
"Baixada Litorânea";"VSR";2025;16;"2025-04-13";5
"Baixada Litorânea";"VSR";2025;17;"2025-04-20";5
"Baixada Litorânea";"VSR";2025;18;"2025-04-27";5
"Baixada Litorânea";"VSR";2025;19;"2025-05-04";13
"Baixada Litorânea";"VSR";2025;20;"2025-05-11";17
"Baixada Litorânea";"VSR";2025;21;"2025-05-18";10
"Baixada Litorânea";"VSR";2025;22;"2025-05-25";10
"Baixada Litorânea";"VSR";2025;23;"2025-06-01";9
"Baixada Litorânea";"VSR";2025;24;"2025-06-08";9
"Baixada Litorânea";"VSR";2025;25;"2025-06-15";11
"Baixada Litorânea";"VSR";2025;26;"2025-06-22";7
"Baixada Litorânea";"VSR";2025;27;"2025-06-29";4
"Baixada Litorânea";"VSR";2025;28;"2025-07-06";4
"Baixada Litorânea";"VSR";2025;29;"2025-07-13";1
"Baixada Litorânea";"VSR";2025;30;"2025-07-20";1
"Baixada Litorânea";"VSR";2025;31;"2025-07-27";0
"Baixada Litorânea";"VSR";2025;32;"2025-08-03";0
"Baixada Litorânea";"VSR";2025;33;"2025-08-10";0
"Baixada Litorânea";"VSR";2025;34;"2025-08-17";1
"Baixada Litorânea";"VSR";2025;35;"2025-08-24";1
"Baixada Litorânea";"VSR";2025;36;"2025-08-31";0
"Baixada Litorânea";"VSR";2025;37;"2025-09-07";0
"Baixada Litorânea";"VSR";2025;38;"2025-09-14";0
"Baixada Litorânea";"VSR";2025;39;"2025-09-21";0
"Baixada Litorânea";"VSR";2025;40;"2025-09-28";0
"Baixada Litorânea";"VSR";2025;41;"2025-10-05";0
"Baixada Litorânea";"VSR";2025;42;"2025-10-12";0
"Baixada Litorânea";"VSR";2025;43;"2025-10-19";1
"Baixada Litorânea";"VSR";2025;44;"2025-10-26";0
"Baixada Litorânea";"VSR";2025;45;"2025-11-02";0
"Baixada Litorânea";"VSR";2025;46;"2025-11-09";0
"Baixada Litorânea";"VSR";2025;47;"2025-11-16";0
"Baixada Litorânea";"VSR";2025;48;"2025-11-23";0
"Baixada Litorânea";"VSR";2025;49;"2025-11-30";0
"Baixada Litorânea";"VSR";2025;50;"2025-12-07";0
"Baixada Litorânea";"VSR";2025;51;"2025-12-14";0
"Baixada Litorânea";"VSR";2025;52;"2025-12-21";0
"Baixada Litorânea";"VSR";2025;53;"2025-12-28";0
"Centro-Sul";"SARS-CoV-2";2022;1;"2022-01-02";7
"Centro-Sul";"SARS-CoV-2";2022;2;"2022-01-09";22
"Centro-Sul";"SARS-CoV-2";2022;3;"2022-01-16";39
"Centro-Sul";"SARS-CoV-2";2022;4;"2022-01-23";24
"Centro-Sul";"SARS-CoV-2";2022;5;"2022-01-30";28
"Centro-Sul";"SARS-CoV-2";2022;6;"2022-02-06";15
"Centro-Sul";"SARS-CoV-2";2022;7;"2022-02-13";6
"Centro-Sul";"SARS-CoV-2";2022;8;"2022-02-20";6
"Centro-Sul";"SARS-CoV-2";2022;9;"2022-02-27";2
"Centro-Sul";"SARS-CoV-2";2022;10;"2022-03-06";0
"Centro-Sul";"SARS-CoV-2";2022;11;"2022-03-13";0
"Centro-Sul";"SARS-CoV-2";2022;12;"2022-03-20";0
"Centro-Sul";"SARS-CoV-2";2022;13;"2022-03-27";0
"Centro-Sul";"SARS-CoV-2";2022;14;"2022-04-03";1
"Centro-Sul";"SARS-CoV-2";2022;15;"2022-04-10";0
"Centro-Sul";"SARS-CoV-2";2022;16;"2022-04-17";1
"Centro-Sul";"SARS-CoV-2";2022;17;"2022-04-24";1
"Centro-Sul";"SARS-CoV-2";2022;18;"2022-05-01";2
"Centro-Sul";"SARS-CoV-2";2022;19;"2022-05-08";1
"Centro-Sul";"SARS-CoV-2";2022;20;"2022-05-15";9
"Centro-Sul";"SARS-CoV-2";2022;21;"2022-05-22";14
"Centro-Sul";"SARS-CoV-2";2022;22;"2022-05-29";7
"Centro-Sul";"SARS-CoV-2";2022;23;"2022-06-05";9
"Centro-Sul";"SARS-CoV-2";2022;24;"2022-06-12";21
"Centro-Sul";"SARS-CoV-2";2022;25;"2022-06-19";20
"Centro-Sul";"SARS-CoV-2";2022;26;"2022-06-26";9
"Centro-Sul";"SARS-CoV-2";2022;27;"2022-07-03";8
"Centro-Sul";"SARS-CoV-2";2022;28;"2022-07-10";1
"Centro-Sul";"SARS-CoV-2";2022;29;"2022-07-17";2
"Centro-Sul";"SARS-CoV-2";2022;30;"2022-07-24";0
"Centro-Sul";"SARS-CoV-2";2022;31;"2022-07-31";0
"Centro-Sul";"SARS-CoV-2";2022;32;"2022-08-07";1
"Centro-Sul";"SARS-CoV-2";2022;33;"2022-08-14";1
"Centro-Sul";"SARS-CoV-2";2022;34;"2022-08-21";0
"Centro-Sul";"SARS-CoV-2";2022;35;"2022-08-28";3
"Centro-Sul";"SARS-CoV-2";2022;36;"2022-09-04";0
"Centro-Sul";"SARS-CoV-2";2022;37;"2022-09-11";0
"Centro-Sul";"SARS-CoV-2";2022;38;"2022-09-18";0
"Centro-Sul";"SARS-CoV-2";2022;39;"2022-09-25";0
"Centro-Sul";"SARS-CoV-2";2022;40;"2022-10-02";0
"Centro-Sul";"SARS-CoV-2";2022;41;"2022-10-09";0
"Centro-Sul";"SARS-CoV-2";2022;42;"2022-10-16";1
"Centro-Sul";"SARS-CoV-2";2022;43;"2022-10-23";1
"Centro-Sul";"SARS-CoV-2";2022;44;"2022-10-30";3
"Centro-Sul";"SARS-CoV-2";2022;45;"2022-11-06";5
"Centro-Sul";"SARS-CoV-2";2022;46;"2022-11-13";11
"Centro-Sul";"SARS-CoV-2";2022;47;"2022-11-20";16
"Centro-Sul";"SARS-CoV-2";2022;48;"2022-11-27";14
"Centro-Sul";"SARS-CoV-2";2022;49;"2022-12-04";9
"Centro-Sul";"SARS-CoV-2";2022;50;"2022-12-11";3
"Centro-Sul";"SARS-CoV-2";2022;51;"2022-12-18";2
"Centro-Sul";"SARS-CoV-2";2022;52;"2022-12-25";4
"Centro-Sul";"SARS-CoV-2";2023;1;"2023-01-01";2
"Centro-Sul";"SARS-CoV-2";2023;2;"2023-01-08";0
"Centro-Sul";"SARS-CoV-2";2023;3;"2023-01-15";0
"Centro-Sul";"SARS-CoV-2";2023;4;"2023-01-22";0
"Centro-Sul";"SARS-CoV-2";2023;5;"2023-01-29";0
"Centro-Sul";"SARS-CoV-2";2023;6;"2023-02-05";0
"Centro-Sul";"SARS-CoV-2";2023;7;"2023-02-12";1
"Centro-Sul";"SARS-CoV-2";2023;8;"2023-02-19";3
"Centro-Sul";"SARS-CoV-2";2023;9;"2023-02-26";2
"Centro-Sul";"SARS-CoV-2";2023;10;"2023-03-05";3
"Centro-Sul";"SARS-CoV-2";2023;11;"2023-03-12";1
"Centro-Sul";"SARS-CoV-2";2023;12;"2023-03-19";1
"Centro-Sul";"SARS-CoV-2";2023;13;"2023-03-26";4
"Centro-Sul";"SARS-CoV-2";2023;14;"2023-04-02";1
"Centro-Sul";"SARS-CoV-2";2023;15;"2023-04-09";3
"Centro-Sul";"SARS-CoV-2";2023;16;"2023-04-16";1
"Centro-Sul";"SARS-CoV-2";2023;17;"2023-04-23";1
"Centro-Sul";"SARS-CoV-2";2023;18;"2023-04-30";2
"Centro-Sul";"SARS-CoV-2";2023;19;"2023-05-07";2
"Centro-Sul";"SARS-CoV-2";2023;20;"2023-05-14";0
"Centro-Sul";"SARS-CoV-2";2023;21;"2023-05-21";2
"Centro-Sul";"SARS-CoV-2";2023;22;"2023-05-28";0
"Centro-Sul";"SARS-CoV-2";2023;23;"2023-06-04";0
"Centro-Sul";"SARS-CoV-2";2023;24;"2023-06-11";0
"Centro-Sul";"SARS-CoV-2";2023;25;"2023-06-18";0
"Centro-Sul";"SARS-CoV-2";2023;26;"2023-06-25";0
"Centro-Sul";"SARS-CoV-2";2023;27;"2023-07-02";0
"Centro-Sul";"SARS-CoV-2";2023;28;"2023-07-09";0
"Centro-Sul";"SARS-CoV-2";2023;29;"2023-07-16";0
"Centro-Sul";"SARS-CoV-2";2023;30;"2023-07-23";1
"Centro-Sul";"SARS-CoV-2";2023;31;"2023-07-30";0
"Centro-Sul";"SARS-CoV-2";2023;32;"2023-08-06";1
"Centro-Sul";"SARS-CoV-2";2023;33;"2023-08-13";0
"Centro-Sul";"SARS-CoV-2";2023;34;"2023-08-20";0
"Centro-Sul";"SARS-CoV-2";2023;35;"2023-08-27";1
"Centro-Sul";"SARS-CoV-2";2023;36;"2023-09-03";1
"Centro-Sul";"SARS-CoV-2";2023;37;"2023-09-10";1
"Centro-Sul";"SARS-CoV-2";2023;38;"2023-09-17";1
"Centro-Sul";"SARS-CoV-2";2023;39;"2023-09-24";0
"Centro-Sul";"SARS-CoV-2";2023;40;"2023-10-01";3
"Centro-Sul";"SARS-CoV-2";2023;41;"2023-10-08";1
"Centro-Sul";"SARS-CoV-2";2023;42;"2023-10-15";1
"Centro-Sul";"SARS-CoV-2";2023;43;"2023-10-22";3
"Centro-Sul";"SARS-CoV-2";2023;44;"2023-10-29";0
"Centro-Sul";"SARS-CoV-2";2023;45;"2023-11-05";2
"Centro-Sul";"SARS-CoV-2";2023;46;"2023-11-12";0
"Centro-Sul";"SARS-CoV-2";2023;47;"2023-11-19";0
"Centro-Sul";"SARS-CoV-2";2023;48;"2023-11-26";0
"Centro-Sul";"SARS-CoV-2";2023;49;"2023-12-03";0
"Centro-Sul";"SARS-CoV-2";2023;50;"2023-12-10";0
"Centro-Sul";"SARS-CoV-2";2023;51;"2023-12-17";0
"Centro-Sul";"SARS-CoV-2";2023;52;"2023-12-24";0
"Centro-Sul";"SARS-CoV-2";2024;1;"2023-12-31";0
"Centro-Sul";"SARS-CoV-2";2024;2;"2024-01-07";0
"Centro-Sul";"SARS-CoV-2";2024;3;"2024-01-14";0
"Centro-Sul";"SARS-CoV-2";2024;4;"2024-01-21";0
"Centro-Sul";"SARS-CoV-2";2024;5;"2024-01-28";2
"Centro-Sul";"SARS-CoV-2";2024;6;"2024-02-04";3
"Centro-Sul";"SARS-CoV-2";2024;7;"2024-02-11";0
"Centro-Sul";"SARS-CoV-2";2024;8;"2024-02-18";1
"Centro-Sul";"SARS-CoV-2";2024;9;"2024-02-25";2
"Centro-Sul";"SARS-CoV-2";2024;10;"2024-03-03";4
"Centro-Sul";"SARS-CoV-2";2024;11;"2024-03-10";0
"Centro-Sul";"SARS-CoV-2";2024;12;"2024-03-17";0
"Centro-Sul";"SARS-CoV-2";2024;13;"2024-03-24";1
"Centro-Sul";"SARS-CoV-2";2024;14;"2024-03-31";0
"Centro-Sul";"SARS-CoV-2";2024;15;"2024-04-07";0
"Centro-Sul";"SARS-CoV-2";2024;16;"2024-04-14";0
"Centro-Sul";"SARS-CoV-2";2024;17;"2024-04-21";0
"Centro-Sul";"SARS-CoV-2";2024;18;"2024-04-28";0
"Centro-Sul";"SARS-CoV-2";2024;19;"2024-05-05";0
"Centro-Sul";"SARS-CoV-2";2024;20;"2024-05-12";0
"Centro-Sul";"SARS-CoV-2";2024;21;"2024-05-19";0
"Centro-Sul";"SARS-CoV-2";2024;22;"2024-05-26";0
"Centro-Sul";"SARS-CoV-2";2024;23;"2024-06-02";0
"Centro-Sul";"SARS-CoV-2";2024;24;"2024-06-09";0
"Centro-Sul";"SARS-CoV-2";2024;25;"2024-06-16";0
"Centro-Sul";"SARS-CoV-2";2024;26;"2024-06-23";0
"Centro-Sul";"SARS-CoV-2";2024;27;"2024-06-30";0
"Centro-Sul";"SARS-CoV-2";2024;28;"2024-07-07";0
"Centro-Sul";"SARS-CoV-2";2024;29;"2024-07-14";0
"Centro-Sul";"SARS-CoV-2";2024;30;"2024-07-21";0
"Centro-Sul";"SARS-CoV-2";2024;31;"2024-07-28";0
"Centro-Sul";"SARS-CoV-2";2024;32;"2024-08-04";0
"Centro-Sul";"SARS-CoV-2";2024;33;"2024-08-11";1
"Centro-Sul";"SARS-CoV-2";2024;34;"2024-08-18";0
"Centro-Sul";"SARS-CoV-2";2024;35;"2024-08-25";1
"Centro-Sul";"SARS-CoV-2";2024;36;"2024-09-01";0
"Centro-Sul";"SARS-CoV-2";2024;37;"2024-09-08";1
"Centro-Sul";"SARS-CoV-2";2024;38;"2024-09-15";0
"Centro-Sul";"SARS-CoV-2";2024;39;"2024-09-22";1
"Centro-Sul";"SARS-CoV-2";2024;40;"2024-09-29";0
"Centro-Sul";"SARS-CoV-2";2024;41;"2024-10-06";0
"Centro-Sul";"SARS-CoV-2";2024;42;"2024-10-13";0
"Centro-Sul";"SARS-CoV-2";2024;43;"2024-10-20";1
"Centro-Sul";"SARS-CoV-2";2024;44;"2024-10-27";0
"Centro-Sul";"SARS-CoV-2";2024;45;"2024-11-03";0
"Centro-Sul";"SARS-CoV-2";2024;46;"2024-11-10";1
"Centro-Sul";"SARS-CoV-2";2024;47;"2024-11-17";0
"Centro-Sul";"SARS-CoV-2";2024;48;"2024-11-24";0
"Centro-Sul";"SARS-CoV-2";2024;49;"2024-12-01";0
"Centro-Sul";"SARS-CoV-2";2024;50;"2024-12-08";0
"Centro-Sul";"SARS-CoV-2";2024;51;"2024-12-15";0
"Centro-Sul";"SARS-CoV-2";2024;52;"2024-12-22";0
"Centro-Sul";"SARS-CoV-2";2025;1;"2024-12-29";0
"Centro-Sul";"SARS-CoV-2";2025;2;"2025-01-05";0
"Centro-Sul";"SARS-CoV-2";2025;3;"2025-01-12";0
"Centro-Sul";"SARS-CoV-2";2025;4;"2025-01-19";0
"Centro-Sul";"SARS-CoV-2";2025;5;"2025-01-26";0
"Centro-Sul";"SARS-CoV-2";2025;6;"2025-02-02";0
"Centro-Sul";"SARS-CoV-2";2025;7;"2025-02-09";0
"Centro-Sul";"SARS-CoV-2";2025;8;"2025-02-16";0
"Centro-Sul";"SARS-CoV-2";2025;9;"2025-02-23";0
"Centro-Sul";"SARS-CoV-2";2025;10;"2025-03-02";1
"Centro-Sul";"SARS-CoV-2";2025;11;"2025-03-09";0
"Centro-Sul";"SARS-CoV-2";2025;12;"2025-03-16";0
"Centro-Sul";"SARS-CoV-2";2025;13;"2025-03-23";0
"Centro-Sul";"SARS-CoV-2";2025;14;"2025-03-30";0
"Centro-Sul";"SARS-CoV-2";2025;15;"2025-04-06";1
"Centro-Sul";"SARS-CoV-2";2025;16;"2025-04-13";0
"Centro-Sul";"SARS-CoV-2";2025;17;"2025-04-20";0
"Centro-Sul";"SARS-CoV-2";2025;18;"2025-04-27";1
"Centro-Sul";"SARS-CoV-2";2025;19;"2025-05-04";0
"Centro-Sul";"SARS-CoV-2";2025;20;"2025-05-11";0
"Centro-Sul";"SARS-CoV-2";2025;21;"2025-05-18";0
"Centro-Sul";"SARS-CoV-2";2025;22;"2025-05-25";0
"Centro-Sul";"SARS-CoV-2";2025;23;"2025-06-01";1
"Centro-Sul";"SARS-CoV-2";2025;24;"2025-06-08";1
"Centro-Sul";"SARS-CoV-2";2025;25;"2025-06-15";0
"Centro-Sul";"SARS-CoV-2";2025;26;"2025-06-22";0
"Centro-Sul";"SARS-CoV-2";2025;27;"2025-06-29";0
"Centro-Sul";"SARS-CoV-2";2025;28;"2025-07-06";0
"Centro-Sul";"SARS-CoV-2";2025;29;"2025-07-13";0
"Centro-Sul";"SARS-CoV-2";2025;30;"2025-07-20";0
"Centro-Sul";"SARS-CoV-2";2025;31;"2025-07-27";0
"Centro-Sul";"SARS-CoV-2";2025;32;"2025-08-03";1
"Centro-Sul";"SARS-CoV-2";2025;33;"2025-08-10";3
"Centro-Sul";"SARS-CoV-2";2025;34;"2025-08-17";1
"Centro-Sul";"SARS-CoV-2";2025;35;"2025-08-24";0
"Centro-Sul";"SARS-CoV-2";2025;36;"2025-08-31";2
"Centro-Sul";"SARS-CoV-2";2025;37;"2025-09-07";0
"Centro-Sul";"SARS-CoV-2";2025;38;"2025-09-14";0
"Centro-Sul";"SARS-CoV-2";2025;39;"2025-09-21";0
"Centro-Sul";"SARS-CoV-2";2025;40;"2025-09-28";0
"Centro-Sul";"SARS-CoV-2";2025;41;"2025-10-05";0
"Centro-Sul";"SARS-CoV-2";2025;42;"2025-10-12";0
"Centro-Sul";"SARS-CoV-2";2025;43;"2025-10-19";0
"Centro-Sul";"SARS-CoV-2";2025;44;"2025-10-26";0
"Centro-Sul";"SARS-CoV-2";2025;45;"2025-11-02";0
"Centro-Sul";"SARS-CoV-2";2025;46;"2025-11-09";0
"Centro-Sul";"SARS-CoV-2";2025;47;"2025-11-16";0
"Centro-Sul";"SARS-CoV-2";2025;48;"2025-11-23";0
"Centro-Sul";"SARS-CoV-2";2025;49;"2025-11-30";0
"Centro-Sul";"SARS-CoV-2";2025;50;"2025-12-07";0
"Centro-Sul";"SARS-CoV-2";2025;51;"2025-12-14";0
"Centro-Sul";"SARS-CoV-2";2025;52;"2025-12-21";0
"Centro-Sul";"SARS-CoV-2";2025;53;"2025-12-28";1
"Centro-Sul";"Influenza";2022;1;"2022-01-02";3
"Centro-Sul";"Influenza";2022;2;"2022-01-09";3
"Centro-Sul";"Influenza";2022;3;"2022-01-16";0
"Centro-Sul";"Influenza";2022;4;"2022-01-23";0
"Centro-Sul";"Influenza";2022;5;"2022-01-30";0
"Centro-Sul";"Influenza";2022;6;"2022-02-06";0
"Centro-Sul";"Influenza";2022;7;"2022-02-13";0
"Centro-Sul";"Influenza";2022;8;"2022-02-20";0
"Centro-Sul";"Influenza";2022;9;"2022-02-27";2
"Centro-Sul";"Influenza";2022;10;"2022-03-06";0
"Centro-Sul";"Influenza";2022;11;"2022-03-13";0
"Centro-Sul";"Influenza";2022;12;"2022-03-20";0
"Centro-Sul";"Influenza";2022;13;"2022-03-27";0
"Centro-Sul";"Influenza";2022;14;"2022-04-03";0
"Centro-Sul";"Influenza";2022;15;"2022-04-10";1
"Centro-Sul";"Influenza";2022;16;"2022-04-17";0
"Centro-Sul";"Influenza";2022;17;"2022-04-24";0
"Centro-Sul";"Influenza";2022;18;"2022-05-01";0
"Centro-Sul";"Influenza";2022;19;"2022-05-08";0
"Centro-Sul";"Influenza";2022;20;"2022-05-15";0
"Centro-Sul";"Influenza";2022;21;"2022-05-22";0
"Centro-Sul";"Influenza";2022;22;"2022-05-29";0
"Centro-Sul";"Influenza";2022;23;"2022-06-05";0
"Centro-Sul";"Influenza";2022;24;"2022-06-12";0
"Centro-Sul";"Influenza";2022;25;"2022-06-19";0
"Centro-Sul";"Influenza";2022;26;"2022-06-26";0
"Centro-Sul";"Influenza";2022;27;"2022-07-03";0
"Centro-Sul";"Influenza";2022;28;"2022-07-10";0
"Centro-Sul";"Influenza";2022;29;"2022-07-17";0
"Centro-Sul";"Influenza";2022;30;"2022-07-24";0
"Centro-Sul";"Influenza";2022;31;"2022-07-31";0
"Centro-Sul";"Influenza";2022;32;"2022-08-07";0
"Centro-Sul";"Influenza";2022;33;"2022-08-14";0
"Centro-Sul";"Influenza";2022;34;"2022-08-21";0
"Centro-Sul";"Influenza";2022;35;"2022-08-28";0
"Centro-Sul";"Influenza";2022;36;"2022-09-04";0
"Centro-Sul";"Influenza";2022;37;"2022-09-11";0
"Centro-Sul";"Influenza";2022;38;"2022-09-18";0
"Centro-Sul";"Influenza";2022;39;"2022-09-25";0
"Centro-Sul";"Influenza";2022;40;"2022-10-02";0
"Centro-Sul";"Influenza";2022;41;"2022-10-09";0
"Centro-Sul";"Influenza";2022;42;"2022-10-16";0
"Centro-Sul";"Influenza";2022;43;"2022-10-23";0
"Centro-Sul";"Influenza";2022;44;"2022-10-30";3
"Centro-Sul";"Influenza";2022;45;"2022-11-06";0
"Centro-Sul";"Influenza";2022;46;"2022-11-13";2
"Centro-Sul";"Influenza";2022;47;"2022-11-20";1
"Centro-Sul";"Influenza";2022;48;"2022-11-27";0
"Centro-Sul";"Influenza";2022;49;"2022-12-04";0
"Centro-Sul";"Influenza";2022;50;"2022-12-11";0
"Centro-Sul";"Influenza";2022;51;"2022-12-18";0
"Centro-Sul";"Influenza";2022;52;"2022-12-25";0
"Centro-Sul";"Influenza";2023;1;"2023-01-01";0
"Centro-Sul";"Influenza";2023;2;"2023-01-08";0
"Centro-Sul";"Influenza";2023;3;"2023-01-15";0
"Centro-Sul";"Influenza";2023;4;"2023-01-22";0
"Centro-Sul";"Influenza";2023;5;"2023-01-29";0
"Centro-Sul";"Influenza";2023;6;"2023-02-05";0
"Centro-Sul";"Influenza";2023;7;"2023-02-12";0
"Centro-Sul";"Influenza";2023;8;"2023-02-19";1
"Centro-Sul";"Influenza";2023;9;"2023-02-26";0
"Centro-Sul";"Influenza";2023;10;"2023-03-05";1
"Centro-Sul";"Influenza";2023;11;"2023-03-12";0
"Centro-Sul";"Influenza";2023;12;"2023-03-19";0
"Centro-Sul";"Influenza";2023;13;"2023-03-26";0
"Centro-Sul";"Influenza";2023;14;"2023-04-02";0
"Centro-Sul";"Influenza";2023;15;"2023-04-09";0
"Centro-Sul";"Influenza";2023;16;"2023-04-16";3
"Centro-Sul";"Influenza";2023;17;"2023-04-23";4
"Centro-Sul";"Influenza";2023;18;"2023-04-30";1
"Centro-Sul";"Influenza";2023;19;"2023-05-07";4
"Centro-Sul";"Influenza";2023;20;"2023-05-14";0
"Centro-Sul";"Influenza";2023;21;"2023-05-21";0
"Centro-Sul";"Influenza";2023;22;"2023-05-28";0
"Centro-Sul";"Influenza";2023;23;"2023-06-04";0
"Centro-Sul";"Influenza";2023;24;"2023-06-11";0
"Centro-Sul";"Influenza";2023;25;"2023-06-18";0
"Centro-Sul";"Influenza";2023;26;"2023-06-25";0
"Centro-Sul";"Influenza";2023;27;"2023-07-02";0
"Centro-Sul";"Influenza";2023;28;"2023-07-09";0
"Centro-Sul";"Influenza";2023;29;"2023-07-16";0
"Centro-Sul";"Influenza";2023;30;"2023-07-23";0
"Centro-Sul";"Influenza";2023;31;"2023-07-30";1
"Centro-Sul";"Influenza";2023;32;"2023-08-06";0
"Centro-Sul";"Influenza";2023;33;"2023-08-13";0
"Centro-Sul";"Influenza";2023;34;"2023-08-20";0
"Centro-Sul";"Influenza";2023;35;"2023-08-27";0
"Centro-Sul";"Influenza";2023;36;"2023-09-03";0
"Centro-Sul";"Influenza";2023;37;"2023-09-10";0
"Centro-Sul";"Influenza";2023;38;"2023-09-17";0
"Centro-Sul";"Influenza";2023;39;"2023-09-24";0
"Centro-Sul";"Influenza";2023;40;"2023-10-01";0
"Centro-Sul";"Influenza";2023;41;"2023-10-08";0
"Centro-Sul";"Influenza";2023;42;"2023-10-15";0
"Centro-Sul";"Influenza";2023;43;"2023-10-22";0
"Centro-Sul";"Influenza";2023;44;"2023-10-29";0
"Centro-Sul";"Influenza";2023;45;"2023-11-05";0
"Centro-Sul";"Influenza";2023;46;"2023-11-12";0
"Centro-Sul";"Influenza";2023;47;"2023-11-19";0
"Centro-Sul";"Influenza";2023;48;"2023-11-26";0
"Centro-Sul";"Influenza";2023;49;"2023-12-03";0
"Centro-Sul";"Influenza";2023;50;"2023-12-10";0
"Centro-Sul";"Influenza";2023;51;"2023-12-17";0
"Centro-Sul";"Influenza";2023;52;"2023-12-24";0
"Centro-Sul";"Influenza";2024;1;"2023-12-31";0
"Centro-Sul";"Influenza";2024;2;"2024-01-07";0
"Centro-Sul";"Influenza";2024;3;"2024-01-14";0
"Centro-Sul";"Influenza";2024;4;"2024-01-21";0
"Centro-Sul";"Influenza";2024;5;"2024-01-28";0
"Centro-Sul";"Influenza";2024;6;"2024-02-04";0
"Centro-Sul";"Influenza";2024;7;"2024-02-11";0
"Centro-Sul";"Influenza";2024;8;"2024-02-18";0
"Centro-Sul";"Influenza";2024;9;"2024-02-25";0
"Centro-Sul";"Influenza";2024;10;"2024-03-03";0
"Centro-Sul";"Influenza";2024;11;"2024-03-10";1
"Centro-Sul";"Influenza";2024;12;"2024-03-17";1
"Centro-Sul";"Influenza";2024;13;"2024-03-24";1
"Centro-Sul";"Influenza";2024;14;"2024-03-31";0
"Centro-Sul";"Influenza";2024;15;"2024-04-07";0
"Centro-Sul";"Influenza";2024;16;"2024-04-14";0
"Centro-Sul";"Influenza";2024;17;"2024-04-21";0
"Centro-Sul";"Influenza";2024;18;"2024-04-28";0
"Centro-Sul";"Influenza";2024;19;"2024-05-05";0
"Centro-Sul";"Influenza";2024;20;"2024-05-12";0
"Centro-Sul";"Influenza";2024;21;"2024-05-19";0
"Centro-Sul";"Influenza";2024;22;"2024-05-26";0
"Centro-Sul";"Influenza";2024;23;"2024-06-02";1
"Centro-Sul";"Influenza";2024;24;"2024-06-09";0
"Centro-Sul";"Influenza";2024;25;"2024-06-16";1
"Centro-Sul";"Influenza";2024;26;"2024-06-23";0
"Centro-Sul";"Influenza";2024;27;"2024-06-30";1
"Centro-Sul";"Influenza";2024;28;"2024-07-07";0
"Centro-Sul";"Influenza";2024;29;"2024-07-14";0
"Centro-Sul";"Influenza";2024;30;"2024-07-21";0
"Centro-Sul";"Influenza";2024;31;"2024-07-28";0
"Centro-Sul";"Influenza";2024;32;"2024-08-04";0
"Centro-Sul";"Influenza";2024;33;"2024-08-11";1
"Centro-Sul";"Influenza";2024;34;"2024-08-18";0
"Centro-Sul";"Influenza";2024;35;"2024-08-25";1
"Centro-Sul";"Influenza";2024;36;"2024-09-01";1
"Centro-Sul";"Influenza";2024;37;"2024-09-08";0
"Centro-Sul";"Influenza";2024;38;"2024-09-15";0
"Centro-Sul";"Influenza";2024;39;"2024-09-22";0
"Centro-Sul";"Influenza";2024;40;"2024-09-29";0
"Centro-Sul";"Influenza";2024;41;"2024-10-06";0
"Centro-Sul";"Influenza";2024;42;"2024-10-13";0
"Centro-Sul";"Influenza";2024;43;"2024-10-20";0
"Centro-Sul";"Influenza";2024;44;"2024-10-27";1
"Centro-Sul";"Influenza";2024;45;"2024-11-03";1
"Centro-Sul";"Influenza";2024;46;"2024-11-10";0
"Centro-Sul";"Influenza";2024;47;"2024-11-17";1
"Centro-Sul";"Influenza";2024;48;"2024-11-24";1
"Centro-Sul";"Influenza";2024;49;"2024-12-01";0
"Centro-Sul";"Influenza";2024;50;"2024-12-08";3
"Centro-Sul";"Influenza";2024;51;"2024-12-15";0
"Centro-Sul";"Influenza";2024;52;"2024-12-22";0
"Centro-Sul";"Influenza";2025;1;"2024-12-29";0
"Centro-Sul";"Influenza";2025;2;"2025-01-05";0
"Centro-Sul";"Influenza";2025;3;"2025-01-12";0
"Centro-Sul";"Influenza";2025;4;"2025-01-19";0
"Centro-Sul";"Influenza";2025;5;"2025-01-26";0
"Centro-Sul";"Influenza";2025;6;"2025-02-02";0
"Centro-Sul";"Influenza";2025;7;"2025-02-09";0
"Centro-Sul";"Influenza";2025;8;"2025-02-16";0
"Centro-Sul";"Influenza";2025;9;"2025-02-23";0
"Centro-Sul";"Influenza";2025;10;"2025-03-02";0
"Centro-Sul";"Influenza";2025;11;"2025-03-09";0
"Centro-Sul";"Influenza";2025;12;"2025-03-16";0
"Centro-Sul";"Influenza";2025;13;"2025-03-23";0
"Centro-Sul";"Influenza";2025;14;"2025-03-30";0
"Centro-Sul";"Influenza";2025;15;"2025-04-06";0
"Centro-Sul";"Influenza";2025;16;"2025-04-13";0
"Centro-Sul";"Influenza";2025;17;"2025-04-20";1
"Centro-Sul";"Influenza";2025;18;"2025-04-27";0
"Centro-Sul";"Influenza";2025;19;"2025-05-04";0
"Centro-Sul";"Influenza";2025;20;"2025-05-11";4
"Centro-Sul";"Influenza";2025;21;"2025-05-18";2
"Centro-Sul";"Influenza";2025;22;"2025-05-25";3
"Centro-Sul";"Influenza";2025;23;"2025-06-01";9
"Centro-Sul";"Influenza";2025;24;"2025-06-08";10
"Centro-Sul";"Influenza";2025;25;"2025-06-15";3
"Centro-Sul";"Influenza";2025;26;"2025-06-22";8
"Centro-Sul";"Influenza";2025;27;"2025-06-29";6
"Centro-Sul";"Influenza";2025;28;"2025-07-06";3
"Centro-Sul";"Influenza";2025;29;"2025-07-13";2
"Centro-Sul";"Influenza";2025;30;"2025-07-20";1
"Centro-Sul";"Influenza";2025;31;"2025-07-27";1
"Centro-Sul";"Influenza";2025;32;"2025-08-03";0
"Centro-Sul";"Influenza";2025;33;"2025-08-10";0
"Centro-Sul";"Influenza";2025;34;"2025-08-17";2
"Centro-Sul";"Influenza";2025;35;"2025-08-24";3
"Centro-Sul";"Influenza";2025;36;"2025-08-31";5
"Centro-Sul";"Influenza";2025;37;"2025-09-07";2
"Centro-Sul";"Influenza";2025;38;"2025-09-14";0
"Centro-Sul";"Influenza";2025;39;"2025-09-21";2
"Centro-Sul";"Influenza";2025;40;"2025-09-28";1
"Centro-Sul";"Influenza";2025;41;"2025-10-05";0
"Centro-Sul";"Influenza";2025;42;"2025-10-12";4
"Centro-Sul";"Influenza";2025;43;"2025-10-19";0
"Centro-Sul";"Influenza";2025;44;"2025-10-26";3
"Centro-Sul";"Influenza";2025;45;"2025-11-02";1
"Centro-Sul";"Influenza";2025;46;"2025-11-09";3
"Centro-Sul";"Influenza";2025;47;"2025-11-16";1
"Centro-Sul";"Influenza";2025;48;"2025-11-23";0
"Centro-Sul";"Influenza";2025;49;"2025-11-30";2
"Centro-Sul";"Influenza";2025;50;"2025-12-07";0
"Centro-Sul";"Influenza";2025;51;"2025-12-14";2
"Centro-Sul";"Influenza";2025;52;"2025-12-21";0
"Centro-Sul";"Influenza";2025;53;"2025-12-28";0
"Centro-Sul";"VSR";2022;1;"2022-01-02";0
"Centro-Sul";"VSR";2022;2;"2022-01-09";0
"Centro-Sul";"VSR";2022;3;"2022-01-16";0
"Centro-Sul";"VSR";2022;4;"2022-01-23";0
"Centro-Sul";"VSR";2022;5;"2022-01-30";0
"Centro-Sul";"VSR";2022;6;"2022-02-06";0
"Centro-Sul";"VSR";2022;7;"2022-02-13";0
"Centro-Sul";"VSR";2022;8;"2022-02-20";0
"Centro-Sul";"VSR";2022;9;"2022-02-27";0
"Centro-Sul";"VSR";2022;10;"2022-03-06";0
"Centro-Sul";"VSR";2022;11;"2022-03-13";0
"Centro-Sul";"VSR";2022;12;"2022-03-20";0
"Centro-Sul";"VSR";2022;13;"2022-03-27";0
"Centro-Sul";"VSR";2022;14;"2022-04-03";1
"Centro-Sul";"VSR";2022;15;"2022-04-10";0
"Centro-Sul";"VSR";2022;16;"2022-04-17";1
"Centro-Sul";"VSR";2022;17;"2022-04-24";0
"Centro-Sul";"VSR";2022;18;"2022-05-01";0
"Centro-Sul";"VSR";2022;19;"2022-05-08";0
"Centro-Sul";"VSR";2022;20;"2022-05-15";0
"Centro-Sul";"VSR";2022;21;"2022-05-22";0
"Centro-Sul";"VSR";2022;22;"2022-05-29";0
"Centro-Sul";"VSR";2022;23;"2022-06-05";0
"Centro-Sul";"VSR";2022;24;"2022-06-12";0
"Centro-Sul";"VSR";2022;25;"2022-06-19";0
"Centro-Sul";"VSR";2022;26;"2022-06-26";0
"Centro-Sul";"VSR";2022;27;"2022-07-03";0
"Centro-Sul";"VSR";2022;28;"2022-07-10";0
"Centro-Sul";"VSR";2022;29;"2022-07-17";0
"Centro-Sul";"VSR";2022;30;"2022-07-24";0
"Centro-Sul";"VSR";2022;31;"2022-07-31";0
"Centro-Sul";"VSR";2022;32;"2022-08-07";0
"Centro-Sul";"VSR";2022;33;"2022-08-14";0
"Centro-Sul";"VSR";2022;34;"2022-08-21";0
"Centro-Sul";"VSR";2022;35;"2022-08-28";0
"Centro-Sul";"VSR";2022;36;"2022-09-04";0
"Centro-Sul";"VSR";2022;37;"2022-09-11";0
"Centro-Sul";"VSR";2022;38;"2022-09-18";0
"Centro-Sul";"VSR";2022;39;"2022-09-25";0
"Centro-Sul";"VSR";2022;40;"2022-10-02";0
"Centro-Sul";"VSR";2022;41;"2022-10-09";1
"Centro-Sul";"VSR";2022;42;"2022-10-16";0
"Centro-Sul";"VSR";2022;43;"2022-10-23";0
"Centro-Sul";"VSR";2022;44;"2022-10-30";0
"Centro-Sul";"VSR";2022;45;"2022-11-06";0
"Centro-Sul";"VSR";2022;46;"2022-11-13";0
"Centro-Sul";"VSR";2022;47;"2022-11-20";0
"Centro-Sul";"VSR";2022;48;"2022-11-27";0
"Centro-Sul";"VSR";2022;49;"2022-12-04";0
"Centro-Sul";"VSR";2022;50;"2022-12-11";0
"Centro-Sul";"VSR";2022;51;"2022-12-18";0
"Centro-Sul";"VSR";2022;52;"2022-12-25";0
"Centro-Sul";"VSR";2023;1;"2023-01-01";0
"Centro-Sul";"VSR";2023;2;"2023-01-08";0
"Centro-Sul";"VSR";2023;3;"2023-01-15";0
"Centro-Sul";"VSR";2023;4;"2023-01-22";0
"Centro-Sul";"VSR";2023;5;"2023-01-29";0
"Centro-Sul";"VSR";2023;6;"2023-02-05";0
"Centro-Sul";"VSR";2023;7;"2023-02-12";0
"Centro-Sul";"VSR";2023;8;"2023-02-19";0
"Centro-Sul";"VSR";2023;9;"2023-02-26";0
"Centro-Sul";"VSR";2023;10;"2023-03-05";0
"Centro-Sul";"VSR";2023;11;"2023-03-12";0
"Centro-Sul";"VSR";2023;12;"2023-03-19";0
"Centro-Sul";"VSR";2023;13;"2023-03-26";0
"Centro-Sul";"VSR";2023;14;"2023-04-02";0
"Centro-Sul";"VSR";2023;15;"2023-04-09";0
"Centro-Sul";"VSR";2023;16;"2023-04-16";0
"Centro-Sul";"VSR";2023;17;"2023-04-23";0
"Centro-Sul";"VSR";2023;18;"2023-04-30";2
"Centro-Sul";"VSR";2023;19;"2023-05-07";0
"Centro-Sul";"VSR";2023;20;"2023-05-14";1
"Centro-Sul";"VSR";2023;21;"2023-05-21";0
"Centro-Sul";"VSR";2023;22;"2023-05-28";0
"Centro-Sul";"VSR";2023;23;"2023-06-04";0
"Centro-Sul";"VSR";2023;24;"2023-06-11";0
"Centro-Sul";"VSR";2023;25;"2023-06-18";0
"Centro-Sul";"VSR";2023;26;"2023-06-25";0
"Centro-Sul";"VSR";2023;27;"2023-07-02";0
"Centro-Sul";"VSR";2023;28;"2023-07-09";0
"Centro-Sul";"VSR";2023;29;"2023-07-16";0
"Centro-Sul";"VSR";2023;30;"2023-07-23";0
"Centro-Sul";"VSR";2023;31;"2023-07-30";0
"Centro-Sul";"VSR";2023;32;"2023-08-06";0
"Centro-Sul";"VSR";2023;33;"2023-08-13";0
"Centro-Sul";"VSR";2023;34;"2023-08-20";0
"Centro-Sul";"VSR";2023;35;"2023-08-27";0
"Centro-Sul";"VSR";2023;36;"2023-09-03";0
"Centro-Sul";"VSR";2023;37;"2023-09-10";0
"Centro-Sul";"VSR";2023;38;"2023-09-17";0
"Centro-Sul";"VSR";2023;39;"2023-09-24";0
"Centro-Sul";"VSR";2023;40;"2023-10-01";0
"Centro-Sul";"VSR";2023;41;"2023-10-08";0
"Centro-Sul";"VSR";2023;42;"2023-10-15";0
"Centro-Sul";"VSR";2023;43;"2023-10-22";0
"Centro-Sul";"VSR";2023;44;"2023-10-29";0
"Centro-Sul";"VSR";2023;45;"2023-11-05";0
"Centro-Sul";"VSR";2023;46;"2023-11-12";0
"Centro-Sul";"VSR";2023;47;"2023-11-19";0
"Centro-Sul";"VSR";2023;48;"2023-11-26";0
"Centro-Sul";"VSR";2023;49;"2023-12-03";0
"Centro-Sul";"VSR";2023;50;"2023-12-10";0
"Centro-Sul";"VSR";2023;51;"2023-12-17";0
"Centro-Sul";"VSR";2023;52;"2023-12-24";0
"Centro-Sul";"VSR";2024;1;"2023-12-31";0
"Centro-Sul";"VSR";2024;2;"2024-01-07";0
"Centro-Sul";"VSR";2024;3;"2024-01-14";0
"Centro-Sul";"VSR";2024;4;"2024-01-21";0
"Centro-Sul";"VSR";2024;5;"2024-01-28";0
"Centro-Sul";"VSR";2024;6;"2024-02-04";0
"Centro-Sul";"VSR";2024;7;"2024-02-11";0
"Centro-Sul";"VSR";2024;8;"2024-02-18";0
"Centro-Sul";"VSR";2024;9;"2024-02-25";0
"Centro-Sul";"VSR";2024;10;"2024-03-03";0
"Centro-Sul";"VSR";2024;11;"2024-03-10";0
"Centro-Sul";"VSR";2024;12;"2024-03-17";0
"Centro-Sul";"VSR";2024;13;"2024-03-24";0
"Centro-Sul";"VSR";2024;14;"2024-03-31";0
"Centro-Sul";"VSR";2024;15;"2024-04-07";0
"Centro-Sul";"VSR";2024;16;"2024-04-14";0
"Centro-Sul";"VSR";2024;17;"2024-04-21";1
"Centro-Sul";"VSR";2024;18;"2024-04-28";0
"Centro-Sul";"VSR";2024;19;"2024-05-05";0
"Centro-Sul";"VSR";2024;20;"2024-05-12";0
"Centro-Sul";"VSR";2024;21;"2024-05-19";1
"Centro-Sul";"VSR";2024;22;"2024-05-26";0
"Centro-Sul";"VSR";2024;23;"2024-06-02";0
"Centro-Sul";"VSR";2024;24;"2024-06-09";0
"Centro-Sul";"VSR";2024;25;"2024-06-16";0
"Centro-Sul";"VSR";2024;26;"2024-06-23";0
"Centro-Sul";"VSR";2024;27;"2024-06-30";0
"Centro-Sul";"VSR";2024;28;"2024-07-07";0
"Centro-Sul";"VSR";2024;29;"2024-07-14";0
"Centro-Sul";"VSR";2024;30;"2024-07-21";0
"Centro-Sul";"VSR";2024;31;"2024-07-28";0
"Centro-Sul";"VSR";2024;32;"2024-08-04";0
"Centro-Sul";"VSR";2024;33;"2024-08-11";0
"Centro-Sul";"VSR";2024;34;"2024-08-18";0
"Centro-Sul";"VSR";2024;35;"2024-08-25";0
"Centro-Sul";"VSR";2024;36;"2024-09-01";0
"Centro-Sul";"VSR";2024;37;"2024-09-08";0
"Centro-Sul";"VSR";2024;38;"2024-09-15";0
"Centro-Sul";"VSR";2024;39;"2024-09-22";0
"Centro-Sul";"VSR";2024;40;"2024-09-29";0
"Centro-Sul";"VSR";2024;41;"2024-10-06";0
"Centro-Sul";"VSR";2024;42;"2024-10-13";0
"Centro-Sul";"VSR";2024;43;"2024-10-20";0
"Centro-Sul";"VSR";2024;44;"2024-10-27";0
"Centro-Sul";"VSR";2024;45;"2024-11-03";0
"Centro-Sul";"VSR";2024;46;"2024-11-10";0
"Centro-Sul";"VSR";2024;47;"2024-11-17";0
"Centro-Sul";"VSR";2024;48;"2024-11-24";0
"Centro-Sul";"VSR";2024;49;"2024-12-01";0
"Centro-Sul";"VSR";2024;50;"2024-12-08";0
"Centro-Sul";"VSR";2024;51;"2024-12-15";0
"Centro-Sul";"VSR";2024;52;"2024-12-22";0
"Centro-Sul";"VSR";2025;1;"2024-12-29";0
"Centro-Sul";"VSR";2025;2;"2025-01-05";0
"Centro-Sul";"VSR";2025;3;"2025-01-12";0
"Centro-Sul";"VSR";2025;4;"2025-01-19";0
"Centro-Sul";"VSR";2025;5;"2025-01-26";0
"Centro-Sul";"VSR";2025;6;"2025-02-02";0
"Centro-Sul";"VSR";2025;7;"2025-02-09";0
"Centro-Sul";"VSR";2025;8;"2025-02-16";0
"Centro-Sul";"VSR";2025;9;"2025-02-23";0
"Centro-Sul";"VSR";2025;10;"2025-03-02";0
"Centro-Sul";"VSR";2025;11;"2025-03-09";0
"Centro-Sul";"VSR";2025;12;"2025-03-16";0
"Centro-Sul";"VSR";2025;13;"2025-03-23";0
"Centro-Sul";"VSR";2025;14;"2025-03-30";0
"Centro-Sul";"VSR";2025;15;"2025-04-06";1
"Centro-Sul";"VSR";2025;16;"2025-04-13";0
"Centro-Sul";"VSR";2025;17;"2025-04-20";0
"Centro-Sul";"VSR";2025;18;"2025-04-27";0
"Centro-Sul";"VSR";2025;19;"2025-05-04";0
"Centro-Sul";"VSR";2025;20;"2025-05-11";2
"Centro-Sul";"VSR";2025;21;"2025-05-18";5
"Centro-Sul";"VSR";2025;22;"2025-05-25";4
"Centro-Sul";"VSR";2025;23;"2025-06-01";2
"Centro-Sul";"VSR";2025;24;"2025-06-08";1
"Centro-Sul";"VSR";2025;25;"2025-06-15";0
"Centro-Sul";"VSR";2025;26;"2025-06-22";0
"Centro-Sul";"VSR";2025;27;"2025-06-29";1
"Centro-Sul";"VSR";2025;28;"2025-07-06";0
"Centro-Sul";"VSR";2025;29;"2025-07-13";3
"Centro-Sul";"VSR";2025;30;"2025-07-20";1
"Centro-Sul";"VSR";2025;31;"2025-07-27";0
"Centro-Sul";"VSR";2025;32;"2025-08-03";2
"Centro-Sul";"VSR";2025;33;"2025-08-10";0
"Centro-Sul";"VSR";2025;34;"2025-08-17";0
"Centro-Sul";"VSR";2025;35;"2025-08-24";0
"Centro-Sul";"VSR";2025;36;"2025-08-31";0
"Centro-Sul";"VSR";2025;37;"2025-09-07";1
"Centro-Sul";"VSR";2025;38;"2025-09-14";1
"Centro-Sul";"VSR";2025;39;"2025-09-21";0
"Centro-Sul";"VSR";2025;40;"2025-09-28";0
"Centro-Sul";"VSR";2025;41;"2025-10-05";0
"Centro-Sul";"VSR";2025;42;"2025-10-12";1
"Centro-Sul";"VSR";2025;43;"2025-10-19";0
"Centro-Sul";"VSR";2025;44;"2025-10-26";0
"Centro-Sul";"VSR";2025;45;"2025-11-02";0
"Centro-Sul";"VSR";2025;46;"2025-11-09";0
"Centro-Sul";"VSR";2025;47;"2025-11-16";0
"Centro-Sul";"VSR";2025;48;"2025-11-23";0
"Centro-Sul";"VSR";2025;49;"2025-11-30";0
"Centro-Sul";"VSR";2025;50;"2025-12-07";0
"Centro-Sul";"VSR";2025;51;"2025-12-14";0
"Centro-Sul";"VSR";2025;52;"2025-12-21";0
"Centro-Sul";"VSR";2025;53;"2025-12-28";0
"Médio Paraíba";"SARS-CoV-2";2022;1;"2022-01-02";41
"Médio Paraíba";"SARS-CoV-2";2022;2;"2022-01-09";111
"Médio Paraíba";"SARS-CoV-2";2022;3;"2022-01-16";195
"Médio Paraíba";"SARS-CoV-2";2022;4;"2022-01-23";193
"Médio Paraíba";"SARS-CoV-2";2022;5;"2022-01-30";114
"Médio Paraíba";"SARS-CoV-2";2022;6;"2022-02-06";61
"Médio Paraíba";"SARS-CoV-2";2022;7;"2022-02-13";28
"Médio Paraíba";"SARS-CoV-2";2022;8;"2022-02-20";18
"Médio Paraíba";"SARS-CoV-2";2022;9;"2022-02-27";7
"Médio Paraíba";"SARS-CoV-2";2022;10;"2022-03-06";2
"Médio Paraíba";"SARS-CoV-2";2022;11;"2022-03-13";3
"Médio Paraíba";"SARS-CoV-2";2022;12;"2022-03-20";1
"Médio Paraíba";"SARS-CoV-2";2022;13;"2022-03-27";2
"Médio Paraíba";"SARS-CoV-2";2022;14;"2022-04-03";2
"Médio Paraíba";"SARS-CoV-2";2022;15;"2022-04-10";6
"Médio Paraíba";"SARS-CoV-2";2022;16;"2022-04-17";5
"Médio Paraíba";"SARS-CoV-2";2022;17;"2022-04-24";2
"Médio Paraíba";"SARS-CoV-2";2022;18;"2022-05-01";10
"Médio Paraíba";"SARS-CoV-2";2022;19;"2022-05-08";10
"Médio Paraíba";"SARS-CoV-2";2022;20;"2022-05-15";19
"Médio Paraíba";"SARS-CoV-2";2022;21;"2022-05-22";29
"Médio Paraíba";"SARS-CoV-2";2022;22;"2022-05-29";40
"Médio Paraíba";"SARS-CoV-2";2022;23;"2022-06-05";59
"Médio Paraíba";"SARS-CoV-2";2022;24;"2022-06-12";74
"Médio Paraíba";"SARS-CoV-2";2022;25;"2022-06-19";95
"Médio Paraíba";"SARS-CoV-2";2022;26;"2022-06-26";102
"Médio Paraíba";"SARS-CoV-2";2022;27;"2022-07-03";72
"Médio Paraíba";"SARS-CoV-2";2022;28;"2022-07-10";37
"Médio Paraíba";"SARS-CoV-2";2022;29;"2022-07-17";16
"Médio Paraíba";"SARS-CoV-2";2022;30;"2022-07-24";12
"Médio Paraíba";"SARS-CoV-2";2022;31;"2022-07-31";6
"Médio Paraíba";"SARS-CoV-2";2022;32;"2022-08-07";6
"Médio Paraíba";"SARS-CoV-2";2022;33;"2022-08-14";3
"Médio Paraíba";"SARS-CoV-2";2022;34;"2022-08-21";1
"Médio Paraíba";"SARS-CoV-2";2022;35;"2022-08-28";1
"Médio Paraíba";"SARS-CoV-2";2022;36;"2022-09-04";1
"Médio Paraíba";"SARS-CoV-2";2022;37;"2022-09-11";1
"Médio Paraíba";"SARS-CoV-2";2022;38;"2022-09-18";2
"Médio Paraíba";"SARS-CoV-2";2022;39;"2022-09-25";1
"Médio Paraíba";"SARS-CoV-2";2022;40;"2022-10-02";2
"Médio Paraíba";"SARS-CoV-2";2022;41;"2022-10-09";0
"Médio Paraíba";"SARS-CoV-2";2022;42;"2022-10-16";3
"Médio Paraíba";"SARS-CoV-2";2022;43;"2022-10-23";4
"Médio Paraíba";"SARS-CoV-2";2022;44;"2022-10-30";8
"Médio Paraíba";"SARS-CoV-2";2022;45;"2022-11-06";52
"Médio Paraíba";"SARS-CoV-2";2022;46;"2022-11-13";74
"Médio Paraíba";"SARS-CoV-2";2022;47;"2022-11-20";53
"Médio Paraíba";"SARS-CoV-2";2022;48;"2022-11-27";61
"Médio Paraíba";"SARS-CoV-2";2022;49;"2022-12-04";55
"Médio Paraíba";"SARS-CoV-2";2022;50;"2022-12-11";34
"Médio Paraíba";"SARS-CoV-2";2022;51;"2022-12-18";29
"Médio Paraíba";"SARS-CoV-2";2022;52;"2022-12-25";19
"Médio Paraíba";"SARS-CoV-2";2023;1;"2023-01-01";11
"Médio Paraíba";"SARS-CoV-2";2023;2;"2023-01-08";3
"Médio Paraíba";"SARS-CoV-2";2023;3;"2023-01-15";9
"Médio Paraíba";"SARS-CoV-2";2023;4;"2023-01-22";7
"Médio Paraíba";"SARS-CoV-2";2023;5;"2023-01-29";5
"Médio Paraíba";"SARS-CoV-2";2023;6;"2023-02-05";3
"Médio Paraíba";"SARS-CoV-2";2023;7;"2023-02-12";11
"Médio Paraíba";"SARS-CoV-2";2023;8;"2023-02-19";16
"Médio Paraíba";"SARS-CoV-2";2023;9;"2023-02-26";27
"Médio Paraíba";"SARS-CoV-2";2023;10;"2023-03-05";22
"Médio Paraíba";"SARS-CoV-2";2023;11;"2023-03-12";20
"Médio Paraíba";"SARS-CoV-2";2023;12;"2023-03-19";11
"Médio Paraíba";"SARS-CoV-2";2023;13;"2023-03-26";15
"Médio Paraíba";"SARS-CoV-2";2023;14;"2023-04-02";13
"Médio Paraíba";"SARS-CoV-2";2023;15;"2023-04-09";23
"Médio Paraíba";"SARS-CoV-2";2023;16;"2023-04-16";26
"Médio Paraíba";"SARS-CoV-2";2023;17;"2023-04-23";16
"Médio Paraíba";"SARS-CoV-2";2023;18;"2023-04-30";9
"Médio Paraíba";"SARS-CoV-2";2023;19;"2023-05-07";7
"Médio Paraíba";"SARS-CoV-2";2023;20;"2023-05-14";6
"Médio Paraíba";"SARS-CoV-2";2023;21;"2023-05-21";4
"Médio Paraíba";"SARS-CoV-2";2023;22;"2023-05-28";8
"Médio Paraíba";"SARS-CoV-2";2023;23;"2023-06-04";4
"Médio Paraíba";"SARS-CoV-2";2023;24;"2023-06-11";7
"Médio Paraíba";"SARS-CoV-2";2023;25;"2023-06-18";1
"Médio Paraíba";"SARS-CoV-2";2023;26;"2023-06-25";1
"Médio Paraíba";"SARS-CoV-2";2023;27;"2023-07-02";3
"Médio Paraíba";"SARS-CoV-2";2023;28;"2023-07-09";0
"Médio Paraíba";"SARS-CoV-2";2023;29;"2023-07-16";3
"Médio Paraíba";"SARS-CoV-2";2023;30;"2023-07-23";0
"Médio Paraíba";"SARS-CoV-2";2023;31;"2023-07-30";0
"Médio Paraíba";"SARS-CoV-2";2023;32;"2023-08-06";0
"Médio Paraíba";"SARS-CoV-2";2023;33;"2023-08-13";1
"Médio Paraíba";"SARS-CoV-2";2023;34;"2023-08-20";4
"Médio Paraíba";"SARS-CoV-2";2023;35;"2023-08-27";8
"Médio Paraíba";"SARS-CoV-2";2023;36;"2023-09-03";6
"Médio Paraíba";"SARS-CoV-2";2023;37;"2023-09-10";19
"Médio Paraíba";"SARS-CoV-2";2023;38;"2023-09-17";16
"Médio Paraíba";"SARS-CoV-2";2023;39;"2023-09-24";13
"Médio Paraíba";"SARS-CoV-2";2023;40;"2023-10-01";12
"Médio Paraíba";"SARS-CoV-2";2023;41;"2023-10-08";11
"Médio Paraíba";"SARS-CoV-2";2023;42;"2023-10-15";28
"Médio Paraíba";"SARS-CoV-2";2023;43;"2023-10-22";14
"Médio Paraíba";"SARS-CoV-2";2023;44;"2023-10-29";20
"Médio Paraíba";"SARS-CoV-2";2023;45;"2023-11-05";25
"Médio Paraíba";"SARS-CoV-2";2023;46;"2023-11-12";12
"Médio Paraíba";"SARS-CoV-2";2023;47;"2023-11-19";6
"Médio Paraíba";"SARS-CoV-2";2023;48;"2023-11-26";1
"Médio Paraíba";"SARS-CoV-2";2023;49;"2023-12-03";0
"Médio Paraíba";"SARS-CoV-2";2023;50;"2023-12-10";2
"Médio Paraíba";"SARS-CoV-2";2023;51;"2023-12-17";1
"Médio Paraíba";"SARS-CoV-2";2023;52;"2023-12-24";6
"Médio Paraíba";"SARS-CoV-2";2024;1;"2023-12-31";3
"Médio Paraíba";"SARS-CoV-2";2024;2;"2024-01-07";3
"Médio Paraíba";"SARS-CoV-2";2024;3;"2024-01-14";3
"Médio Paraíba";"SARS-CoV-2";2024;4;"2024-01-21";4
"Médio Paraíba";"SARS-CoV-2";2024;5;"2024-01-28";9
"Médio Paraíba";"SARS-CoV-2";2024;6;"2024-02-04";11
"Médio Paraíba";"SARS-CoV-2";2024;7;"2024-02-11";7
"Médio Paraíba";"SARS-CoV-2";2024;8;"2024-02-18";10
"Médio Paraíba";"SARS-CoV-2";2024;9;"2024-02-25";14
"Médio Paraíba";"SARS-CoV-2";2024;10;"2024-03-03";11
"Médio Paraíba";"SARS-CoV-2";2024;11;"2024-03-10";10
"Médio Paraíba";"SARS-CoV-2";2024;12;"2024-03-17";5
"Médio Paraíba";"SARS-CoV-2";2024;13;"2024-03-24";6
"Médio Paraíba";"SARS-CoV-2";2024;14;"2024-03-31";2
"Médio Paraíba";"SARS-CoV-2";2024;15;"2024-04-07";2
"Médio Paraíba";"SARS-CoV-2";2024;16;"2024-04-14";0
"Médio Paraíba";"SARS-CoV-2";2024;17;"2024-04-21";0
"Médio Paraíba";"SARS-CoV-2";2024;18;"2024-04-28";0
"Médio Paraíba";"SARS-CoV-2";2024;19;"2024-05-05";0
"Médio Paraíba";"SARS-CoV-2";2024;20;"2024-05-12";3
"Médio Paraíba";"SARS-CoV-2";2024;21;"2024-05-19";1
"Médio Paraíba";"SARS-CoV-2";2024;22;"2024-05-26";1
"Médio Paraíba";"SARS-CoV-2";2024;23;"2024-06-02";1
"Médio Paraíba";"SARS-CoV-2";2024;24;"2024-06-09";0
"Médio Paraíba";"SARS-CoV-2";2024;25;"2024-06-16";0
"Médio Paraíba";"SARS-CoV-2";2024;26;"2024-06-23";1
"Médio Paraíba";"SARS-CoV-2";2024;27;"2024-06-30";0
"Médio Paraíba";"SARS-CoV-2";2024;28;"2024-07-07";2
"Médio Paraíba";"SARS-CoV-2";2024;29;"2024-07-14";1
"Médio Paraíba";"SARS-CoV-2";2024;30;"2024-07-21";2
"Médio Paraíba";"SARS-CoV-2";2024;31;"2024-07-28";1
"Médio Paraíba";"SARS-CoV-2";2024;32;"2024-08-04";2
"Médio Paraíba";"SARS-CoV-2";2024;33;"2024-08-11";5
"Médio Paraíba";"SARS-CoV-2";2024;34;"2024-08-18";10
"Médio Paraíba";"SARS-CoV-2";2024;35;"2024-08-25";8
"Médio Paraíba";"SARS-CoV-2";2024;36;"2024-09-01";14
"Médio Paraíba";"SARS-CoV-2";2024;37;"2024-09-08";8
"Médio Paraíba";"SARS-CoV-2";2024;38;"2024-09-15";5
"Médio Paraíba";"SARS-CoV-2";2024;39;"2024-09-22";9
"Médio Paraíba";"SARS-CoV-2";2024;40;"2024-09-29";12
"Médio Paraíba";"SARS-CoV-2";2024;41;"2024-10-06";4
"Médio Paraíba";"SARS-CoV-2";2024;42;"2024-10-13";2
"Médio Paraíba";"SARS-CoV-2";2024;43;"2024-10-20";5
"Médio Paraíba";"SARS-CoV-2";2024;44;"2024-10-27";1
"Médio Paraíba";"SARS-CoV-2";2024;45;"2024-11-03";6
"Médio Paraíba";"SARS-CoV-2";2024;46;"2024-11-10";7
"Médio Paraíba";"SARS-CoV-2";2024;47;"2024-11-17";3
"Médio Paraíba";"SARS-CoV-2";2024;48;"2024-11-24";6
"Médio Paraíba";"SARS-CoV-2";2024;49;"2024-12-01";4
"Médio Paraíba";"SARS-CoV-2";2024;50;"2024-12-08";14
"Médio Paraíba";"SARS-CoV-2";2024;51;"2024-12-15";12
"Médio Paraíba";"SARS-CoV-2";2024;52;"2024-12-22";7
"Médio Paraíba";"SARS-CoV-2";2025;1;"2024-12-29";3
"Médio Paraíba";"SARS-CoV-2";2025;2;"2025-01-05";3
"Médio Paraíba";"SARS-CoV-2";2025;3;"2025-01-12";2
"Médio Paraíba";"SARS-CoV-2";2025;4;"2025-01-19";4
"Médio Paraíba";"SARS-CoV-2";2025;5;"2025-01-26";1
"Médio Paraíba";"SARS-CoV-2";2025;6;"2025-02-02";2
"Médio Paraíba";"SARS-CoV-2";2025;7;"2025-02-09";1
"Médio Paraíba";"SARS-CoV-2";2025;8;"2025-02-16";4
"Médio Paraíba";"SARS-CoV-2";2025;9;"2025-02-23";0
"Médio Paraíba";"SARS-CoV-2";2025;10;"2025-03-02";3
"Médio Paraíba";"SARS-CoV-2";2025;11;"2025-03-09";2
"Médio Paraíba";"SARS-CoV-2";2025;12;"2025-03-16";2
"Médio Paraíba";"SARS-CoV-2";2025;13;"2025-03-23";0
"Médio Paraíba";"SARS-CoV-2";2025;14;"2025-03-30";1
"Médio Paraíba";"SARS-CoV-2";2025;15;"2025-04-06";1
"Médio Paraíba";"SARS-CoV-2";2025;16;"2025-04-13";3
"Médio Paraíba";"SARS-CoV-2";2025;17;"2025-04-20";2
"Médio Paraíba";"SARS-CoV-2";2025;18;"2025-04-27";0
"Médio Paraíba";"SARS-CoV-2";2025;19;"2025-05-04";0
"Médio Paraíba";"SARS-CoV-2";2025;20;"2025-05-11";2
"Médio Paraíba";"SARS-CoV-2";2025;21;"2025-05-18";1
"Médio Paraíba";"SARS-CoV-2";2025;22;"2025-05-25";1
"Médio Paraíba";"SARS-CoV-2";2025;23;"2025-06-01";2
"Médio Paraíba";"SARS-CoV-2";2025;24;"2025-06-08";4
"Médio Paraíba";"SARS-CoV-2";2025;25;"2025-06-15";4
"Médio Paraíba";"SARS-CoV-2";2025;26;"2025-06-22";0
"Médio Paraíba";"SARS-CoV-2";2025;27;"2025-06-29";1
"Médio Paraíba";"SARS-CoV-2";2025;28;"2025-07-06";0
"Médio Paraíba";"SARS-CoV-2";2025;29;"2025-07-13";4
"Médio Paraíba";"SARS-CoV-2";2025;30;"2025-07-20";1
"Médio Paraíba";"SARS-CoV-2";2025;31;"2025-07-27";2
"Médio Paraíba";"SARS-CoV-2";2025;32;"2025-08-03";6
"Médio Paraíba";"SARS-CoV-2";2025;33;"2025-08-10";3
"Médio Paraíba";"SARS-CoV-2";2025;34;"2025-08-17";8
"Médio Paraíba";"SARS-CoV-2";2025;35;"2025-08-24";3
"Médio Paraíba";"SARS-CoV-2";2025;36;"2025-08-31";2
"Médio Paraíba";"SARS-CoV-2";2025;37;"2025-09-07";3
"Médio Paraíba";"SARS-CoV-2";2025;38;"2025-09-14";10
"Médio Paraíba";"SARS-CoV-2";2025;39;"2025-09-21";5
"Médio Paraíba";"SARS-CoV-2";2025;40;"2025-09-28";1
"Médio Paraíba";"SARS-CoV-2";2025;41;"2025-10-05";4
"Médio Paraíba";"SARS-CoV-2";2025;42;"2025-10-12";2
"Médio Paraíba";"SARS-CoV-2";2025;43;"2025-10-19";1
"Médio Paraíba";"SARS-CoV-2";2025;44;"2025-10-26";2
"Médio Paraíba";"SARS-CoV-2";2025;45;"2025-11-02";1
"Médio Paraíba";"SARS-CoV-2";2025;46;"2025-11-09";2
"Médio Paraíba";"SARS-CoV-2";2025;47;"2025-11-16";2
"Médio Paraíba";"SARS-CoV-2";2025;48;"2025-11-23";1
"Médio Paraíba";"SARS-CoV-2";2025;49;"2025-11-30";0
"Médio Paraíba";"SARS-CoV-2";2025;50;"2025-12-07";2
"Médio Paraíba";"SARS-CoV-2";2025;51;"2025-12-14";0
"Médio Paraíba";"SARS-CoV-2";2025;52;"2025-12-21";1
"Médio Paraíba";"SARS-CoV-2";2025;53;"2025-12-28";4
"Médio Paraíba";"Influenza";2022;1;"2022-01-02";20
"Médio Paraíba";"Influenza";2022;2;"2022-01-09";11
"Médio Paraíba";"Influenza";2022;3;"2022-01-16";3
"Médio Paraíba";"Influenza";2022;4;"2022-01-23";0
"Médio Paraíba";"Influenza";2022;5;"2022-01-30";0
"Médio Paraíba";"Influenza";2022;6;"2022-02-06";1
"Médio Paraíba";"Influenza";2022;7;"2022-02-13";1
"Médio Paraíba";"Influenza";2022;8;"2022-02-20";1
"Médio Paraíba";"Influenza";2022;9;"2022-02-27";0
"Médio Paraíba";"Influenza";2022;10;"2022-03-06";0
"Médio Paraíba";"Influenza";2022;11;"2022-03-13";0
"Médio Paraíba";"Influenza";2022;12;"2022-03-20";0
"Médio Paraíba";"Influenza";2022;13;"2022-03-27";0
"Médio Paraíba";"Influenza";2022;14;"2022-04-03";0
"Médio Paraíba";"Influenza";2022;15;"2022-04-10";0
"Médio Paraíba";"Influenza";2022;16;"2022-04-17";0
"Médio Paraíba";"Influenza";2022;17;"2022-04-24";0
"Médio Paraíba";"Influenza";2022;18;"2022-05-01";0
"Médio Paraíba";"Influenza";2022;19;"2022-05-08";0
"Médio Paraíba";"Influenza";2022;20;"2022-05-15";1
"Médio Paraíba";"Influenza";2022;21;"2022-05-22";0
"Médio Paraíba";"Influenza";2022;22;"2022-05-29";1
"Médio Paraíba";"Influenza";2022;23;"2022-06-05";0
"Médio Paraíba";"Influenza";2022;24;"2022-06-12";2
"Médio Paraíba";"Influenza";2022;25;"2022-06-19";0
"Médio Paraíba";"Influenza";2022;26;"2022-06-26";0
"Médio Paraíba";"Influenza";2022;27;"2022-07-03";1
"Médio Paraíba";"Influenza";2022;28;"2022-07-10";1
"Médio Paraíba";"Influenza";2022;29;"2022-07-17";1
"Médio Paraíba";"Influenza";2022;30;"2022-07-24";0
"Médio Paraíba";"Influenza";2022;31;"2022-07-31";0
"Médio Paraíba";"Influenza";2022;32;"2022-08-07";3
"Médio Paraíba";"Influenza";2022;33;"2022-08-14";1
"Médio Paraíba";"Influenza";2022;34;"2022-08-21";0
"Médio Paraíba";"Influenza";2022;35;"2022-08-28";0
"Médio Paraíba";"Influenza";2022;36;"2022-09-04";0
"Médio Paraíba";"Influenza";2022;37;"2022-09-11";1
"Médio Paraíba";"Influenza";2022;38;"2022-09-18";1
"Médio Paraíba";"Influenza";2022;39;"2022-09-25";0
"Médio Paraíba";"Influenza";2022;40;"2022-10-02";1
"Médio Paraíba";"Influenza";2022;41;"2022-10-09";0
"Médio Paraíba";"Influenza";2022;42;"2022-10-16";5
"Médio Paraíba";"Influenza";2022;43;"2022-10-23";3
"Médio Paraíba";"Influenza";2022;44;"2022-10-30";2
"Médio Paraíba";"Influenza";2022;45;"2022-11-06";1
"Médio Paraíba";"Influenza";2022;46;"2022-11-13";1
"Médio Paraíba";"Influenza";2022;47;"2022-11-20";0
"Médio Paraíba";"Influenza";2022;48;"2022-11-27";1
"Médio Paraíba";"Influenza";2022;49;"2022-12-04";1
"Médio Paraíba";"Influenza";2022;50;"2022-12-11";0
"Médio Paraíba";"Influenza";2022;51;"2022-12-18";1
"Médio Paraíba";"Influenza";2022;52;"2022-12-25";0
"Médio Paraíba";"Influenza";2023;1;"2023-01-01";0
"Médio Paraíba";"Influenza";2023;2;"2023-01-08";1
"Médio Paraíba";"Influenza";2023;3;"2023-01-15";0
"Médio Paraíba";"Influenza";2023;4;"2023-01-22";1
"Médio Paraíba";"Influenza";2023;5;"2023-01-29";0
"Médio Paraíba";"Influenza";2023;6;"2023-02-05";1
"Médio Paraíba";"Influenza";2023;7;"2023-02-12";1
"Médio Paraíba";"Influenza";2023;8;"2023-02-19";0
"Médio Paraíba";"Influenza";2023;9;"2023-02-26";1
"Médio Paraíba";"Influenza";2023;10;"2023-03-05";0
"Médio Paraíba";"Influenza";2023;11;"2023-03-12";1
"Médio Paraíba";"Influenza";2023;12;"2023-03-19";0
"Médio Paraíba";"Influenza";2023;13;"2023-03-26";2
"Médio Paraíba";"Influenza";2023;14;"2023-04-02";0
"Médio Paraíba";"Influenza";2023;15;"2023-04-09";1
"Médio Paraíba";"Influenza";2023;16;"2023-04-16";4
"Médio Paraíba";"Influenza";2023;17;"2023-04-23";5
"Médio Paraíba";"Influenza";2023;18;"2023-04-30";11
"Médio Paraíba";"Influenza";2023;19;"2023-05-07";3
"Médio Paraíba";"Influenza";2023;20;"2023-05-14";3
"Médio Paraíba";"Influenza";2023;21;"2023-05-21";4
"Médio Paraíba";"Influenza";2023;22;"2023-05-28";9
"Médio Paraíba";"Influenza";2023;23;"2023-06-04";3
"Médio Paraíba";"Influenza";2023;24;"2023-06-11";1
"Médio Paraíba";"Influenza";2023;25;"2023-06-18";3
"Médio Paraíba";"Influenza";2023;26;"2023-06-25";2
"Médio Paraíba";"Influenza";2023;27;"2023-07-02";0
"Médio Paraíba";"Influenza";2023;28;"2023-07-09";2
"Médio Paraíba";"Influenza";2023;29;"2023-07-16";1
"Médio Paraíba";"Influenza";2023;30;"2023-07-23";4
"Médio Paraíba";"Influenza";2023;31;"2023-07-30";1
"Médio Paraíba";"Influenza";2023;32;"2023-08-06";1
"Médio Paraíba";"Influenza";2023;33;"2023-08-13";2
"Médio Paraíba";"Influenza";2023;34;"2023-08-20";1
"Médio Paraíba";"Influenza";2023;35;"2023-08-27";0
"Médio Paraíba";"Influenza";2023;36;"2023-09-03";0
"Médio Paraíba";"Influenza";2023;37;"2023-09-10";0
"Médio Paraíba";"Influenza";2023;38;"2023-09-17";0
"Médio Paraíba";"Influenza";2023;39;"2023-09-24";0
"Médio Paraíba";"Influenza";2023;40;"2023-10-01";0
"Médio Paraíba";"Influenza";2023;41;"2023-10-08";0
"Médio Paraíba";"Influenza";2023;42;"2023-10-15";0
"Médio Paraíba";"Influenza";2023;43;"2023-10-22";0
"Médio Paraíba";"Influenza";2023;44;"2023-10-29";0
"Médio Paraíba";"Influenza";2023;45;"2023-11-05";1
"Médio Paraíba";"Influenza";2023;46;"2023-11-12";0
"Médio Paraíba";"Influenza";2023;47;"2023-11-19";0
"Médio Paraíba";"Influenza";2023;48;"2023-11-26";0
"Médio Paraíba";"Influenza";2023;49;"2023-12-03";0
"Médio Paraíba";"Influenza";2023;50;"2023-12-10";0
"Médio Paraíba";"Influenza";2023;51;"2023-12-17";0
"Médio Paraíba";"Influenza";2023;52;"2023-12-24";1
"Médio Paraíba";"Influenza";2024;1;"2023-12-31";0
"Médio Paraíba";"Influenza";2024;2;"2024-01-07";0
"Médio Paraíba";"Influenza";2024;3;"2024-01-14";0
"Médio Paraíba";"Influenza";2024;4;"2024-01-21";1
"Médio Paraíba";"Influenza";2024;5;"2024-01-28";4
"Médio Paraíba";"Influenza";2024;6;"2024-02-04";2
"Médio Paraíba";"Influenza";2024;7;"2024-02-11";1
"Médio Paraíba";"Influenza";2024;8;"2024-02-18";2
"Médio Paraíba";"Influenza";2024;9;"2024-02-25";6
"Médio Paraíba";"Influenza";2024;10;"2024-03-03";4
"Médio Paraíba";"Influenza";2024;11;"2024-03-10";11
"Médio Paraíba";"Influenza";2024;12;"2024-03-17";8
"Médio Paraíba";"Influenza";2024;13;"2024-03-24";4
"Médio Paraíba";"Influenza";2024;14;"2024-03-31";9
"Médio Paraíba";"Influenza";2024;15;"2024-04-07";9
"Médio Paraíba";"Influenza";2024;16;"2024-04-14";6
"Médio Paraíba";"Influenza";2024;17;"2024-04-21";5
"Médio Paraíba";"Influenza";2024;18;"2024-04-28";6
"Médio Paraíba";"Influenza";2024;19;"2024-05-05";2
"Médio Paraíba";"Influenza";2024;20;"2024-05-12";1
"Médio Paraíba";"Influenza";2024;21;"2024-05-19";2
"Médio Paraíba";"Influenza";2024;22;"2024-05-26";1
"Médio Paraíba";"Influenza";2024;23;"2024-06-02";1
"Médio Paraíba";"Influenza";2024;24;"2024-06-09";5
"Médio Paraíba";"Influenza";2024;25;"2024-06-16";4
"Médio Paraíba";"Influenza";2024;26;"2024-06-23";2
"Médio Paraíba";"Influenza";2024;27;"2024-06-30";4
"Médio Paraíba";"Influenza";2024;28;"2024-07-07";5
"Médio Paraíba";"Influenza";2024;29;"2024-07-14";4
"Médio Paraíba";"Influenza";2024;30;"2024-07-21";0
"Médio Paraíba";"Influenza";2024;31;"2024-07-28";3
"Médio Paraíba";"Influenza";2024;32;"2024-08-04";1
"Médio Paraíba";"Influenza";2024;33;"2024-08-11";2
"Médio Paraíba";"Influenza";2024;34;"2024-08-18";2
"Médio Paraíba";"Influenza";2024;35;"2024-08-25";10
"Médio Paraíba";"Influenza";2024;36;"2024-09-01";12
"Médio Paraíba";"Influenza";2024;37;"2024-09-08";6
"Médio Paraíba";"Influenza";2024;38;"2024-09-15";2
"Médio Paraíba";"Influenza";2024;39;"2024-09-22";3
"Médio Paraíba";"Influenza";2024;40;"2024-09-29";2
"Médio Paraíba";"Influenza";2024;41;"2024-10-06";0
"Médio Paraíba";"Influenza";2024;42;"2024-10-13";4
"Médio Paraíba";"Influenza";2024;43;"2024-10-20";1
"Médio Paraíba";"Influenza";2024;44;"2024-10-27";3
"Médio Paraíba";"Influenza";2024;45;"2024-11-03";1
"Médio Paraíba";"Influenza";2024;46;"2024-11-10";1
"Médio Paraíba";"Influenza";2024;47;"2024-11-17";3
"Médio Paraíba";"Influenza";2024;48;"2024-11-24";3
"Médio Paraíba";"Influenza";2024;49;"2024-12-01";2
"Médio Paraíba";"Influenza";2024;50;"2024-12-08";2
"Médio Paraíba";"Influenza";2024;51;"2024-12-15";2
"Médio Paraíba";"Influenza";2024;52;"2024-12-22";1
"Médio Paraíba";"Influenza";2025;1;"2024-12-29";3
"Médio Paraíba";"Influenza";2025;2;"2025-01-05";1
"Médio Paraíba";"Influenza";2025;3;"2025-01-12";0
"Médio Paraíba";"Influenza";2025;4;"2025-01-19";1
"Médio Paraíba";"Influenza";2025;5;"2025-01-26";1
"Médio Paraíba";"Influenza";2025;6;"2025-02-02";1
"Médio Paraíba";"Influenza";2025;7;"2025-02-09";1
"Médio Paraíba";"Influenza";2025;8;"2025-02-16";0
"Médio Paraíba";"Influenza";2025;9;"2025-02-23";0
"Médio Paraíba";"Influenza";2025;10;"2025-03-02";0
"Médio Paraíba";"Influenza";2025;11;"2025-03-09";0
"Médio Paraíba";"Influenza";2025;12;"2025-03-16";0
"Médio Paraíba";"Influenza";2025;13;"2025-03-23";0
"Médio Paraíba";"Influenza";2025;14;"2025-03-30";1
"Médio Paraíba";"Influenza";2025;15;"2025-04-06";2
"Médio Paraíba";"Influenza";2025;16;"2025-04-13";6
"Médio Paraíba";"Influenza";2025;17;"2025-04-20";4
"Médio Paraíba";"Influenza";2025;18;"2025-04-27";13
"Médio Paraíba";"Influenza";2025;19;"2025-05-04";22
"Médio Paraíba";"Influenza";2025;20;"2025-05-11";32
"Médio Paraíba";"Influenza";2025;21;"2025-05-18";58
"Médio Paraíba";"Influenza";2025;22;"2025-05-25";52
"Médio Paraíba";"Influenza";2025;23;"2025-06-01";44
"Médio Paraíba";"Influenza";2025;24;"2025-06-08";22
"Médio Paraíba";"Influenza";2025;25;"2025-06-15";11
"Médio Paraíba";"Influenza";2025;26;"2025-06-22";3
"Médio Paraíba";"Influenza";2025;27;"2025-06-29";5
"Médio Paraíba";"Influenza";2025;28;"2025-07-06";3
"Médio Paraíba";"Influenza";2025;29;"2025-07-13";2
"Médio Paraíba";"Influenza";2025;30;"2025-07-20";0
"Médio Paraíba";"Influenza";2025;31;"2025-07-27";0
"Médio Paraíba";"Influenza";2025;32;"2025-08-03";0
"Médio Paraíba";"Influenza";2025;33;"2025-08-10";1
"Médio Paraíba";"Influenza";2025;34;"2025-08-17";1
"Médio Paraíba";"Influenza";2025;35;"2025-08-24";0
"Médio Paraíba";"Influenza";2025;36;"2025-08-31";1
"Médio Paraíba";"Influenza";2025;37;"2025-09-07";0
"Médio Paraíba";"Influenza";2025;38;"2025-09-14";2
"Médio Paraíba";"Influenza";2025;39;"2025-09-21";1
"Médio Paraíba";"Influenza";2025;40;"2025-09-28";0
"Médio Paraíba";"Influenza";2025;41;"2025-10-05";0
"Médio Paraíba";"Influenza";2025;42;"2025-10-12";5
"Médio Paraíba";"Influenza";2025;43;"2025-10-19";3
"Médio Paraíba";"Influenza";2025;44;"2025-10-26";7
"Médio Paraíba";"Influenza";2025;45;"2025-11-02";9
"Médio Paraíba";"Influenza";2025;46;"2025-11-09";6
"Médio Paraíba";"Influenza";2025;47;"2025-11-16";12
"Médio Paraíba";"Influenza";2025;48;"2025-11-23";9
"Médio Paraíba";"Influenza";2025;49;"2025-11-30";19
"Médio Paraíba";"Influenza";2025;50;"2025-12-07";17
"Médio Paraíba";"Influenza";2025;51;"2025-12-14";5
"Médio Paraíba";"Influenza";2025;52;"2025-12-21";4
"Médio Paraíba";"Influenza";2025;53;"2025-12-28";1
"Médio Paraíba";"VSR";2022;1;"2022-01-02";0
"Médio Paraíba";"VSR";2022;2;"2022-01-09";1
"Médio Paraíba";"VSR";2022;3;"2022-01-16";0
"Médio Paraíba";"VSR";2022;4;"2022-01-23";0
"Médio Paraíba";"VSR";2022;5;"2022-01-30";0
"Médio Paraíba";"VSR";2022;6;"2022-02-06";0
"Médio Paraíba";"VSR";2022;7;"2022-02-13";0
"Médio Paraíba";"VSR";2022;8;"2022-02-20";0
"Médio Paraíba";"VSR";2022;9;"2022-02-27";1
"Médio Paraíba";"VSR";2022;10;"2022-03-06";0
"Médio Paraíba";"VSR";2022;11;"2022-03-13";4
"Médio Paraíba";"VSR";2022;12;"2022-03-20";4
"Médio Paraíba";"VSR";2022;13;"2022-03-27";5
"Médio Paraíba";"VSR";2022;14;"2022-04-03";5
"Médio Paraíba";"VSR";2022;15;"2022-04-10";3
"Médio Paraíba";"VSR";2022;16;"2022-04-17";2
"Médio Paraíba";"VSR";2022;17;"2022-04-24";3
"Médio Paraíba";"VSR";2022;18;"2022-05-01";4
"Médio Paraíba";"VSR";2022;19;"2022-05-08";5
"Médio Paraíba";"VSR";2022;20;"2022-05-15";1
"Médio Paraíba";"VSR";2022;21;"2022-05-22";0
"Médio Paraíba";"VSR";2022;22;"2022-05-29";4
"Médio Paraíba";"VSR";2022;23;"2022-06-05";2
"Médio Paraíba";"VSR";2022;24;"2022-06-12";1
"Médio Paraíba";"VSR";2022;25;"2022-06-19";0
"Médio Paraíba";"VSR";2022;26;"2022-06-26";0
"Médio Paraíba";"VSR";2022;27;"2022-07-03";0
"Médio Paraíba";"VSR";2022;28;"2022-07-10";0
"Médio Paraíba";"VSR";2022;29;"2022-07-17";0
"Médio Paraíba";"VSR";2022;30;"2022-07-24";0
"Médio Paraíba";"VSR";2022;31;"2022-07-31";0
"Médio Paraíba";"VSR";2022;32;"2022-08-07";0
"Médio Paraíba";"VSR";2022;33;"2022-08-14";0
"Médio Paraíba";"VSR";2022;34;"2022-08-21";0
"Médio Paraíba";"VSR";2022;35;"2022-08-28";0
"Médio Paraíba";"VSR";2022;36;"2022-09-04";0
"Médio Paraíba";"VSR";2022;37;"2022-09-11";0
"Médio Paraíba";"VSR";2022;38;"2022-09-18";0
"Médio Paraíba";"VSR";2022;39;"2022-09-25";0
"Médio Paraíba";"VSR";2022;40;"2022-10-02";0
"Médio Paraíba";"VSR";2022;41;"2022-10-09";0
"Médio Paraíba";"VSR";2022;42;"2022-10-16";0
"Médio Paraíba";"VSR";2022;43;"2022-10-23";0
"Médio Paraíba";"VSR";2022;44;"2022-10-30";0
"Médio Paraíba";"VSR";2022;45;"2022-11-06";0
"Médio Paraíba";"VSR";2022;46;"2022-11-13";0
"Médio Paraíba";"VSR";2022;47;"2022-11-20";0
"Médio Paraíba";"VSR";2022;48;"2022-11-27";0
"Médio Paraíba";"VSR";2022;49;"2022-12-04";0
"Médio Paraíba";"VSR";2022;50;"2022-12-11";0
"Médio Paraíba";"VSR";2022;51;"2022-12-18";0
"Médio Paraíba";"VSR";2022;52;"2022-12-25";0
"Médio Paraíba";"VSR";2023;1;"2023-01-01";0
"Médio Paraíba";"VSR";2023;2;"2023-01-08";0
"Médio Paraíba";"VSR";2023;3;"2023-01-15";0
"Médio Paraíba";"VSR";2023;4;"2023-01-22";0
"Médio Paraíba";"VSR";2023;5;"2023-01-29";0
"Médio Paraíba";"VSR";2023;6;"2023-02-05";0
"Médio Paraíba";"VSR";2023;7;"2023-02-12";0
"Médio Paraíba";"VSR";2023;8;"2023-02-19";1
"Médio Paraíba";"VSR";2023;9;"2023-02-26";1
"Médio Paraíba";"VSR";2023;10;"2023-03-05";0
"Médio Paraíba";"VSR";2023;11;"2023-03-12";2
"Médio Paraíba";"VSR";2023;12;"2023-03-19";1
"Médio Paraíba";"VSR";2023;13;"2023-03-26";0
"Médio Paraíba";"VSR";2023;14;"2023-04-02";1
"Médio Paraíba";"VSR";2023;15;"2023-04-09";2
"Médio Paraíba";"VSR";2023;16;"2023-04-16";2
"Médio Paraíba";"VSR";2023;17;"2023-04-23";1
"Médio Paraíba";"VSR";2023;18;"2023-04-30";1
"Médio Paraíba";"VSR";2023;19;"2023-05-07";0
"Médio Paraíba";"VSR";2023;20;"2023-05-14";1
"Médio Paraíba";"VSR";2023;21;"2023-05-21";3
"Médio Paraíba";"VSR";2023;22;"2023-05-28";0
"Médio Paraíba";"VSR";2023;23;"2023-06-04";1
"Médio Paraíba";"VSR";2023;24;"2023-06-11";0
"Médio Paraíba";"VSR";2023;25;"2023-06-18";0
"Médio Paraíba";"VSR";2023;26;"2023-06-25";0
"Médio Paraíba";"VSR";2023;27;"2023-07-02";0
"Médio Paraíba";"VSR";2023;28;"2023-07-09";0
"Médio Paraíba";"VSR";2023;29;"2023-07-16";1
"Médio Paraíba";"VSR";2023;30;"2023-07-23";0
"Médio Paraíba";"VSR";2023;31;"2023-07-30";0
"Médio Paraíba";"VSR";2023;32;"2023-08-06";0
"Médio Paraíba";"VSR";2023;33;"2023-08-13";0
"Médio Paraíba";"VSR";2023;34;"2023-08-20";0
"Médio Paraíba";"VSR";2023;35;"2023-08-27";0
"Médio Paraíba";"VSR";2023;36;"2023-09-03";0
"Médio Paraíba";"VSR";2023;37;"2023-09-10";0
"Médio Paraíba";"VSR";2023;38;"2023-09-17";0
"Médio Paraíba";"VSR";2023;39;"2023-09-24";0
"Médio Paraíba";"VSR";2023;40;"2023-10-01";0
"Médio Paraíba";"VSR";2023;41;"2023-10-08";0
"Médio Paraíba";"VSR";2023;42;"2023-10-15";0
"Médio Paraíba";"VSR";2023;43;"2023-10-22";0
"Médio Paraíba";"VSR";2023;44;"2023-10-29";0
"Médio Paraíba";"VSR";2023;45;"2023-11-05";1
"Médio Paraíba";"VSR";2023;46;"2023-11-12";0
"Médio Paraíba";"VSR";2023;47;"2023-11-19";0
"Médio Paraíba";"VSR";2023;48;"2023-11-26";0
"Médio Paraíba";"VSR";2023;49;"2023-12-03";0
"Médio Paraíba";"VSR";2023;50;"2023-12-10";0
"Médio Paraíba";"VSR";2023;51;"2023-12-17";0
"Médio Paraíba";"VSR";2023;52;"2023-12-24";0
"Médio Paraíba";"VSR";2024;1;"2023-12-31";0
"Médio Paraíba";"VSR";2024;2;"2024-01-07";0
"Médio Paraíba";"VSR";2024;3;"2024-01-14";0
"Médio Paraíba";"VSR";2024;4;"2024-01-21";0
"Médio Paraíba";"VSR";2024;5;"2024-01-28";0
"Médio Paraíba";"VSR";2024;6;"2024-02-04";0
"Médio Paraíba";"VSR";2024;7;"2024-02-11";0
"Médio Paraíba";"VSR";2024;8;"2024-02-18";0
"Médio Paraíba";"VSR";2024;9;"2024-02-25";1
"Médio Paraíba";"VSR";2024;10;"2024-03-03";0
"Médio Paraíba";"VSR";2024;11;"2024-03-10";1
"Médio Paraíba";"VSR";2024;12;"2024-03-17";2
"Médio Paraíba";"VSR";2024;13;"2024-03-24";1
"Médio Paraíba";"VSR";2024;14;"2024-03-31";4
"Médio Paraíba";"VSR";2024;15;"2024-04-07";2
"Médio Paraíba";"VSR";2024;16;"2024-04-14";3
"Médio Paraíba";"VSR";2024;17;"2024-04-21";3
"Médio Paraíba";"VSR";2024;18;"2024-04-28";5
"Médio Paraíba";"VSR";2024;19;"2024-05-05";3
"Médio Paraíba";"VSR";2024;20;"2024-05-12";3
"Médio Paraíba";"VSR";2024;21;"2024-05-19";3
"Médio Paraíba";"VSR";2024;22;"2024-05-26";3
"Médio Paraíba";"VSR";2024;23;"2024-06-02";5
"Médio Paraíba";"VSR";2024;24;"2024-06-09";9
"Médio Paraíba";"VSR";2024;25;"2024-06-16";7
"Médio Paraíba";"VSR";2024;26;"2024-06-23";4
"Médio Paraíba";"VSR";2024;27;"2024-06-30";3
"Médio Paraíba";"VSR";2024;28;"2024-07-07";2
"Médio Paraíba";"VSR";2024;29;"2024-07-14";3
"Médio Paraíba";"VSR";2024;30;"2024-07-21";2
"Médio Paraíba";"VSR";2024;31;"2024-07-28";2
"Médio Paraíba";"VSR";2024;32;"2024-08-04";1
"Médio Paraíba";"VSR";2024;33;"2024-08-11";0
"Médio Paraíba";"VSR";2024;34;"2024-08-18";0
"Médio Paraíba";"VSR";2024;35;"2024-08-25";0
"Médio Paraíba";"VSR";2024;36;"2024-09-01";0
"Médio Paraíba";"VSR";2024;37;"2024-09-08";0
"Médio Paraíba";"VSR";2024;38;"2024-09-15";2
"Médio Paraíba";"VSR";2024;39;"2024-09-22";0
"Médio Paraíba";"VSR";2024;40;"2024-09-29";0
"Médio Paraíba";"VSR";2024;41;"2024-10-06";0
"Médio Paraíba";"VSR";2024;42;"2024-10-13";0
"Médio Paraíba";"VSR";2024;43;"2024-10-20";0
"Médio Paraíba";"VSR";2024;44;"2024-10-27";0
"Médio Paraíba";"VSR";2024;45;"2024-11-03";0
"Médio Paraíba";"VSR";2024;46;"2024-11-10";0
"Médio Paraíba";"VSR";2024;47;"2024-11-17";0
"Médio Paraíba";"VSR";2024;48;"2024-11-24";0
"Médio Paraíba";"VSR";2024;49;"2024-12-01";1
"Médio Paraíba";"VSR";2024;50;"2024-12-08";1
"Médio Paraíba";"VSR";2024;51;"2024-12-15";1
"Médio Paraíba";"VSR";2024;52;"2024-12-22";0
"Médio Paraíba";"VSR";2025;1;"2024-12-29";0
"Médio Paraíba";"VSR";2025;2;"2025-01-05";0
"Médio Paraíba";"VSR";2025;3;"2025-01-12";0
"Médio Paraíba";"VSR";2025;4;"2025-01-19";0
"Médio Paraíba";"VSR";2025;5;"2025-01-26";0
"Médio Paraíba";"VSR";2025;6;"2025-02-02";0
"Médio Paraíba";"VSR";2025;7;"2025-02-09";0
"Médio Paraíba";"VSR";2025;8;"2025-02-16";0
"Médio Paraíba";"VSR";2025;9;"2025-02-23";0
"Médio Paraíba";"VSR";2025;10;"2025-03-02";1
"Médio Paraíba";"VSR";2025;11;"2025-03-09";1
"Médio Paraíba";"VSR";2025;12;"2025-03-16";2
"Médio Paraíba";"VSR";2025;13;"2025-03-23";2
"Médio Paraíba";"VSR";2025;14;"2025-03-30";0
"Médio Paraíba";"VSR";2025;15;"2025-04-06";2
"Médio Paraíba";"VSR";2025;16;"2025-04-13";4
"Médio Paraíba";"VSR";2025;17;"2025-04-20";4
"Médio Paraíba";"VSR";2025;18;"2025-04-27";8
"Médio Paraíba";"VSR";2025;19;"2025-05-04";9
"Médio Paraíba";"VSR";2025;20;"2025-05-11";8
"Médio Paraíba";"VSR";2025;21;"2025-05-18";15
"Médio Paraíba";"VSR";2025;22;"2025-05-25";14
"Médio Paraíba";"VSR";2025;23;"2025-06-01";18
"Médio Paraíba";"VSR";2025;24;"2025-06-08";13
"Médio Paraíba";"VSR";2025;25;"2025-06-15";17
"Médio Paraíba";"VSR";2025;26;"2025-06-22";15
"Médio Paraíba";"VSR";2025;27;"2025-06-29";6
"Médio Paraíba";"VSR";2025;28;"2025-07-06";3
"Médio Paraíba";"VSR";2025;29;"2025-07-13";8
"Médio Paraíba";"VSR";2025;30;"2025-07-20";2
"Médio Paraíba";"VSR";2025;31;"2025-07-27";0
"Médio Paraíba";"VSR";2025;32;"2025-08-03";0
"Médio Paraíba";"VSR";2025;33;"2025-08-10";1
"Médio Paraíba";"VSR";2025;34;"2025-08-17";2
"Médio Paraíba";"VSR";2025;35;"2025-08-24";1
"Médio Paraíba";"VSR";2025;36;"2025-08-31";0
"Médio Paraíba";"VSR";2025;37;"2025-09-07";0
"Médio Paraíba";"VSR";2025;38;"2025-09-14";0
"Médio Paraíba";"VSR";2025;39;"2025-09-21";0
"Médio Paraíba";"VSR";2025;40;"2025-09-28";0
"Médio Paraíba";"VSR";2025;41;"2025-10-05";0
"Médio Paraíba";"VSR";2025;42;"2025-10-12";0
"Médio Paraíba";"VSR";2025;43;"2025-10-19";0
"Médio Paraíba";"VSR";2025;44;"2025-10-26";0
"Médio Paraíba";"VSR";2025;45;"2025-11-02";1
"Médio Paraíba";"VSR";2025;46;"2025-11-09";0
"Médio Paraíba";"VSR";2025;47;"2025-11-16";0
"Médio Paraíba";"VSR";2025;48;"2025-11-23";0
"Médio Paraíba";"VSR";2025;49;"2025-11-30";0
"Médio Paraíba";"VSR";2025;50;"2025-12-07";0
"Médio Paraíba";"VSR";2025;51;"2025-12-14";0
"Médio Paraíba";"VSR";2025;52;"2025-12-21";0
"Médio Paraíba";"VSR";2025;53;"2025-12-28";0
"Metropolitana I";"SARS-CoV-2";2022;1;"2022-01-02";540
"Metropolitana I";"SARS-CoV-2";2022;2;"2022-01-09";1246
"Metropolitana I";"SARS-CoV-2";2022;3;"2022-01-16";1174
"Metropolitana I";"SARS-CoV-2";2022;4;"2022-01-23";751
"Metropolitana I";"SARS-CoV-2";2022;5;"2022-01-30";272
"Metropolitana I";"SARS-CoV-2";2022;6;"2022-02-06";118
"Metropolitana I";"SARS-CoV-2";2022;7;"2022-02-13";72
"Metropolitana I";"SARS-CoV-2";2022;8;"2022-02-20";53
"Metropolitana I";"SARS-CoV-2";2022;9;"2022-02-27";37
"Metropolitana I";"SARS-CoV-2";2022;10;"2022-03-06";29
"Metropolitana I";"SARS-CoV-2";2022;11;"2022-03-13";13
"Metropolitana I";"SARS-CoV-2";2022;12;"2022-03-20";24
"Metropolitana I";"SARS-CoV-2";2022;13;"2022-03-27";22
"Metropolitana I";"SARS-CoV-2";2022;14;"2022-04-03";19
"Metropolitana I";"SARS-CoV-2";2022;15;"2022-04-10";17
"Metropolitana I";"SARS-CoV-2";2022;16;"2022-04-17";18
"Metropolitana I";"SARS-CoV-2";2022;17;"2022-04-24";21
"Metropolitana I";"SARS-CoV-2";2022;18;"2022-05-01";29
"Metropolitana I";"SARS-CoV-2";2022;19;"2022-05-08";35
"Metropolitana I";"SARS-CoV-2";2022;20;"2022-05-15";68
"Metropolitana I";"SARS-CoV-2";2022;21;"2022-05-22";121
"Metropolitana I";"SARS-CoV-2";2022;22;"2022-05-29";205
"Metropolitana I";"SARS-CoV-2";2022;23;"2022-06-05";282
"Metropolitana I";"SARS-CoV-2";2022;24;"2022-06-12";317
"Metropolitana I";"SARS-CoV-2";2022;25;"2022-06-19";343
"Metropolitana I";"SARS-CoV-2";2022;26;"2022-06-26";266
"Metropolitana I";"SARS-CoV-2";2022;27;"2022-07-03";152
"Metropolitana I";"SARS-CoV-2";2022;28;"2022-07-10";111
"Metropolitana I";"SARS-CoV-2";2022;29;"2022-07-17";75
"Metropolitana I";"SARS-CoV-2";2022;30;"2022-07-24";35
"Metropolitana I";"SARS-CoV-2";2022;31;"2022-07-31";38
"Metropolitana I";"SARS-CoV-2";2022;32;"2022-08-07";28
"Metropolitana I";"SARS-CoV-2";2022;33;"2022-08-14";8
"Metropolitana I";"SARS-CoV-2";2022;34;"2022-08-21";16
"Metropolitana I";"SARS-CoV-2";2022;35;"2022-08-28";12
"Metropolitana I";"SARS-CoV-2";2022;36;"2022-09-04";9
"Metropolitana I";"SARS-CoV-2";2022;37;"2022-09-11";9
"Metropolitana I";"SARS-CoV-2";2022;38;"2022-09-18";14
"Metropolitana I";"SARS-CoV-2";2022;39;"2022-09-25";12
"Metropolitana I";"SARS-CoV-2";2022;40;"2022-10-02";10
"Metropolitana I";"SARS-CoV-2";2022;41;"2022-10-09";28
"Metropolitana I";"SARS-CoV-2";2022;42;"2022-10-16";29
"Metropolitana I";"SARS-CoV-2";2022;43;"2022-10-23";64
"Metropolitana I";"SARS-CoV-2";2022;44;"2022-10-30";157
"Metropolitana I";"SARS-CoV-2";2022;45;"2022-11-06";260
"Metropolitana I";"SARS-CoV-2";2022;46;"2022-11-13";315
"Metropolitana I";"SARS-CoV-2";2022;47;"2022-11-20";209
"Metropolitana I";"SARS-CoV-2";2022;48;"2022-11-27";130
"Metropolitana I";"SARS-CoV-2";2022;49;"2022-12-04";93
"Metropolitana I";"SARS-CoV-2";2022;50;"2022-12-11";44
"Metropolitana I";"SARS-CoV-2";2022;51;"2022-12-18";42
"Metropolitana I";"SARS-CoV-2";2022;52;"2022-12-25";49
"Metropolitana I";"SARS-CoV-2";2023;1;"2023-01-01";30
"Metropolitana I";"SARS-CoV-2";2023;2;"2023-01-08";29
"Metropolitana I";"SARS-CoV-2";2023;3;"2023-01-15";31
"Metropolitana I";"SARS-CoV-2";2023;4;"2023-01-22";16
"Metropolitana I";"SARS-CoV-2";2023;5;"2023-01-29";34
"Metropolitana I";"SARS-CoV-2";2023;6;"2023-02-05";49
"Metropolitana I";"SARS-CoV-2";2023;7;"2023-02-12";43
"Metropolitana I";"SARS-CoV-2";2023;8;"2023-02-19";80
"Metropolitana I";"SARS-CoV-2";2023;9;"2023-02-26";93
"Metropolitana I";"SARS-CoV-2";2023;10;"2023-03-05";91
"Metropolitana I";"SARS-CoV-2";2023;11;"2023-03-12";78
"Metropolitana I";"SARS-CoV-2";2023;12;"2023-03-19";63
"Metropolitana I";"SARS-CoV-2";2023;13;"2023-03-26";48
"Metropolitana I";"SARS-CoV-2";2023;14;"2023-04-02";36
"Metropolitana I";"SARS-CoV-2";2023;15;"2023-04-09";36
"Metropolitana I";"SARS-CoV-2";2023;16;"2023-04-16";25
"Metropolitana I";"SARS-CoV-2";2023;17;"2023-04-23";16
"Metropolitana I";"SARS-CoV-2";2023;18;"2023-04-30";14
"Metropolitana I";"SARS-CoV-2";2023;19;"2023-05-07";18
"Metropolitana I";"SARS-CoV-2";2023;20;"2023-05-14";20
"Metropolitana I";"SARS-CoV-2";2023;21;"2023-05-21";12
"Metropolitana I";"SARS-CoV-2";2023;22;"2023-05-28";14
"Metropolitana I";"SARS-CoV-2";2023;23;"2023-06-04";8
"Metropolitana I";"SARS-CoV-2";2023;24;"2023-06-11";20
"Metropolitana I";"SARS-CoV-2";2023;25;"2023-06-18";8
"Metropolitana I";"SARS-CoV-2";2023;26;"2023-06-25";12
"Metropolitana I";"SARS-CoV-2";2023;27;"2023-07-02";11
"Metropolitana I";"SARS-CoV-2";2023;28;"2023-07-09";7
"Metropolitana I";"SARS-CoV-2";2023;29;"2023-07-16";4
"Metropolitana I";"SARS-CoV-2";2023;30;"2023-07-23";12
"Metropolitana I";"SARS-CoV-2";2023;31;"2023-07-30";11
"Metropolitana I";"SARS-CoV-2";2023;32;"2023-08-06";13
"Metropolitana I";"SARS-CoV-2";2023;33;"2023-08-13";33
"Metropolitana I";"SARS-CoV-2";2023;34;"2023-08-20";28
"Metropolitana I";"SARS-CoV-2";2023;35;"2023-08-27";54
"Metropolitana I";"SARS-CoV-2";2023;36;"2023-09-03";79
"Metropolitana I";"SARS-CoV-2";2023;37;"2023-09-10";62
"Metropolitana I";"SARS-CoV-2";2023;38;"2023-09-17";77
"Metropolitana I";"SARS-CoV-2";2023;39;"2023-09-24";65
"Metropolitana I";"SARS-CoV-2";2023;40;"2023-10-01";76
"Metropolitana I";"SARS-CoV-2";2023;41;"2023-10-08";59
"Metropolitana I";"SARS-CoV-2";2023;42;"2023-10-15";37
"Metropolitana I";"SARS-CoV-2";2023;43;"2023-10-22";45
"Metropolitana I";"SARS-CoV-2";2023;44;"2023-10-29";28
"Metropolitana I";"SARS-CoV-2";2023;45;"2023-11-05";35
"Metropolitana I";"SARS-CoV-2";2023;46;"2023-11-12";25
"Metropolitana I";"SARS-CoV-2";2023;47;"2023-11-19";15
"Metropolitana I";"SARS-CoV-2";2023;48;"2023-11-26";16
"Metropolitana I";"SARS-CoV-2";2023;49;"2023-12-03";11
"Metropolitana I";"SARS-CoV-2";2023;50;"2023-12-10";8
"Metropolitana I";"SARS-CoV-2";2023;51;"2023-12-17";11
"Metropolitana I";"SARS-CoV-2";2023;52;"2023-12-24";13
"Metropolitana I";"SARS-CoV-2";2024;1;"2023-12-31";15
"Metropolitana I";"SARS-CoV-2";2024;2;"2024-01-07";15
"Metropolitana I";"SARS-CoV-2";2024;3;"2024-01-14";33
"Metropolitana I";"SARS-CoV-2";2024;4;"2024-01-21";28
"Metropolitana I";"SARS-CoV-2";2024;5;"2024-01-28";52
"Metropolitana I";"SARS-CoV-2";2024;6;"2024-02-04";86
"Metropolitana I";"SARS-CoV-2";2024;7;"2024-02-11";85
"Metropolitana I";"SARS-CoV-2";2024;8;"2024-02-18";79
"Metropolitana I";"SARS-CoV-2";2024;9;"2024-02-25";61
"Metropolitana I";"SARS-CoV-2";2024;10;"2024-03-03";31
"Metropolitana I";"SARS-CoV-2";2024;11;"2024-03-10";23
"Metropolitana I";"SARS-CoV-2";2024;12;"2024-03-17";11
"Metropolitana I";"SARS-CoV-2";2024;13;"2024-03-24";5
"Metropolitana I";"SARS-CoV-2";2024;14;"2024-03-31";10
"Metropolitana I";"SARS-CoV-2";2024;15;"2024-04-07";9
"Metropolitana I";"SARS-CoV-2";2024;16;"2024-04-14";5
"Metropolitana I";"SARS-CoV-2";2024;17;"2024-04-21";6
"Metropolitana I";"SARS-CoV-2";2024;18;"2024-04-28";4
"Metropolitana I";"SARS-CoV-2";2024;19;"2024-05-05";2
"Metropolitana I";"SARS-CoV-2";2024;20;"2024-05-12";2
"Metropolitana I";"SARS-CoV-2";2024;21;"2024-05-19";0
"Metropolitana I";"SARS-CoV-2";2024;22;"2024-05-26";4
"Metropolitana I";"SARS-CoV-2";2024;23;"2024-06-02";2
"Metropolitana I";"SARS-CoV-2";2024;24;"2024-06-09";5
"Metropolitana I";"SARS-CoV-2";2024;25;"2024-06-16";3
"Metropolitana I";"SARS-CoV-2";2024;26;"2024-06-23";0
"Metropolitana I";"SARS-CoV-2";2024;27;"2024-06-30";5
"Metropolitana I";"SARS-CoV-2";2024;28;"2024-07-07";6
"Metropolitana I";"SARS-CoV-2";2024;29;"2024-07-14";6
"Metropolitana I";"SARS-CoV-2";2024;30;"2024-07-21";11
"Metropolitana I";"SARS-CoV-2";2024;31;"2024-07-28";8
"Metropolitana I";"SARS-CoV-2";2024;32;"2024-08-04";8
"Metropolitana I";"SARS-CoV-2";2024;33;"2024-08-11";16
"Metropolitana I";"SARS-CoV-2";2024;34;"2024-08-18";12
"Metropolitana I";"SARS-CoV-2";2024;35;"2024-08-25";25
"Metropolitana I";"SARS-CoV-2";2024;36;"2024-09-01";15
"Metropolitana I";"SARS-CoV-2";2024;37;"2024-09-08";14
"Metropolitana I";"SARS-CoV-2";2024;38;"2024-09-15";15
"Metropolitana I";"SARS-CoV-2";2024;39;"2024-09-22";11
"Metropolitana I";"SARS-CoV-2";2024;40;"2024-09-29";16
"Metropolitana I";"SARS-CoV-2";2024;41;"2024-10-06";18
"Metropolitana I";"SARS-CoV-2";2024;42;"2024-10-13";19
"Metropolitana I";"SARS-CoV-2";2024;43;"2024-10-20";24
"Metropolitana I";"SARS-CoV-2";2024;44;"2024-10-27";23
"Metropolitana I";"SARS-CoV-2";2024;45;"2024-11-03";36
"Metropolitana I";"SARS-CoV-2";2024;46;"2024-11-10";35
"Metropolitana I";"SARS-CoV-2";2024;47;"2024-11-17";50
"Metropolitana I";"SARS-CoV-2";2024;48;"2024-11-24";39
"Metropolitana I";"SARS-CoV-2";2024;49;"2024-12-01";35
"Metropolitana I";"SARS-CoV-2";2024;50;"2024-12-08";19
"Metropolitana I";"SARS-CoV-2";2024;51;"2024-12-15";26
"Metropolitana I";"SARS-CoV-2";2024;52;"2024-12-22";19
"Metropolitana I";"SARS-CoV-2";2025;1;"2024-12-29";21
"Metropolitana I";"SARS-CoV-2";2025;2;"2025-01-05";12
"Metropolitana I";"SARS-CoV-2";2025;3;"2025-01-12";9
"Metropolitana I";"SARS-CoV-2";2025;4;"2025-01-19";10
"Metropolitana I";"SARS-CoV-2";2025;5;"2025-01-26";5
"Metropolitana I";"SARS-CoV-2";2025;6;"2025-02-02";5
"Metropolitana I";"SARS-CoV-2";2025;7;"2025-02-09";6
"Metropolitana I";"SARS-CoV-2";2025;8;"2025-02-16";8
"Metropolitana I";"SARS-CoV-2";2025;9;"2025-02-23";5
"Metropolitana I";"SARS-CoV-2";2025;10;"2025-03-02";0
"Metropolitana I";"SARS-CoV-2";2025;11;"2025-03-09";4
"Metropolitana I";"SARS-CoV-2";2025;12;"2025-03-16";3
"Metropolitana I";"SARS-CoV-2";2025;13;"2025-03-23";0
"Metropolitana I";"SARS-CoV-2";2025;14;"2025-03-30";7
"Metropolitana I";"SARS-CoV-2";2025;15;"2025-04-06";7
"Metropolitana I";"SARS-CoV-2";2025;16;"2025-04-13";5
"Metropolitana I";"SARS-CoV-2";2025;17;"2025-04-20";5
"Metropolitana I";"SARS-CoV-2";2025;18;"2025-04-27";10
"Metropolitana I";"SARS-CoV-2";2025;19;"2025-05-04";6
"Metropolitana I";"SARS-CoV-2";2025;20;"2025-05-11";4
"Metropolitana I";"SARS-CoV-2";2025;21;"2025-05-18";4
"Metropolitana I";"SARS-CoV-2";2025;22;"2025-05-25";11
"Metropolitana I";"SARS-CoV-2";2025;23;"2025-06-01";12
"Metropolitana I";"SARS-CoV-2";2025;24;"2025-06-08";24
"Metropolitana I";"SARS-CoV-2";2025;25;"2025-06-15";15
"Metropolitana I";"SARS-CoV-2";2025;26;"2025-06-22";19
"Metropolitana I";"SARS-CoV-2";2025;27;"2025-06-29";10
"Metropolitana I";"SARS-CoV-2";2025;28;"2025-07-06";11
"Metropolitana I";"SARS-CoV-2";2025;29;"2025-07-13";25
"Metropolitana I";"SARS-CoV-2";2025;30;"2025-07-20";37
"Metropolitana I";"SARS-CoV-2";2025;31;"2025-07-27";30
"Metropolitana I";"SARS-CoV-2";2025;32;"2025-08-03";30
"Metropolitana I";"SARS-CoV-2";2025;33;"2025-08-10";41
"Metropolitana I";"SARS-CoV-2";2025;34;"2025-08-17";28
"Metropolitana I";"SARS-CoV-2";2025;35;"2025-08-24";17
"Metropolitana I";"SARS-CoV-2";2025;36;"2025-08-31";10
"Metropolitana I";"SARS-CoV-2";2025;37;"2025-09-07";14
"Metropolitana I";"SARS-CoV-2";2025;38;"2025-09-14";11
"Metropolitana I";"SARS-CoV-2";2025;39;"2025-09-21";16
"Metropolitana I";"SARS-CoV-2";2025;40;"2025-09-28";4
"Metropolitana I";"SARS-CoV-2";2025;41;"2025-10-05";6
"Metropolitana I";"SARS-CoV-2";2025;42;"2025-10-12";3
"Metropolitana I";"SARS-CoV-2";2025;43;"2025-10-19";4
"Metropolitana I";"SARS-CoV-2";2025;44;"2025-10-26";1
"Metropolitana I";"SARS-CoV-2";2025;45;"2025-11-02";2
"Metropolitana I";"SARS-CoV-2";2025;46;"2025-11-09";2
"Metropolitana I";"SARS-CoV-2";2025;47;"2025-11-16";4
"Metropolitana I";"SARS-CoV-2";2025;48;"2025-11-23";1
"Metropolitana I";"SARS-CoV-2";2025;49;"2025-11-30";4
"Metropolitana I";"SARS-CoV-2";2025;50;"2025-12-07";2
"Metropolitana I";"SARS-CoV-2";2025;51;"2025-12-14";4
"Metropolitana I";"SARS-CoV-2";2025;52;"2025-12-21";3
"Metropolitana I";"SARS-CoV-2";2025;53;"2025-12-28";8
"Metropolitana I";"Influenza";2022;1;"2022-01-02";28
"Metropolitana I";"Influenza";2022;2;"2022-01-09";3
"Metropolitana I";"Influenza";2022;3;"2022-01-16";2
"Metropolitana I";"Influenza";2022;4;"2022-01-23";0
"Metropolitana I";"Influenza";2022;5;"2022-01-30";1
"Metropolitana I";"Influenza";2022;6;"2022-02-06";2
"Metropolitana I";"Influenza";2022;7;"2022-02-13";3
"Metropolitana I";"Influenza";2022;8;"2022-02-20";1
"Metropolitana I";"Influenza";2022;9;"2022-02-27";1
"Metropolitana I";"Influenza";2022;10;"2022-03-06";3
"Metropolitana I";"Influenza";2022;11;"2022-03-13";1
"Metropolitana I";"Influenza";2022;12;"2022-03-20";3
"Metropolitana I";"Influenza";2022;13;"2022-03-27";7
"Metropolitana I";"Influenza";2022;14;"2022-04-03";5
"Metropolitana I";"Influenza";2022;15;"2022-04-10";3
"Metropolitana I";"Influenza";2022;16;"2022-04-17";1
"Metropolitana I";"Influenza";2022;17;"2022-04-24";0
"Metropolitana I";"Influenza";2022;18;"2022-05-01";1
"Metropolitana I";"Influenza";2022;19;"2022-05-08";1
"Metropolitana I";"Influenza";2022;20;"2022-05-15";1
"Metropolitana I";"Influenza";2022;21;"2022-05-22";5
"Metropolitana I";"Influenza";2022;22;"2022-05-29";3
"Metropolitana I";"Influenza";2022;23;"2022-06-05";0
"Metropolitana I";"Influenza";2022;24;"2022-06-12";0
"Metropolitana I";"Influenza";2022;25;"2022-06-19";3
"Metropolitana I";"Influenza";2022;26;"2022-06-26";3
"Metropolitana I";"Influenza";2022;27;"2022-07-03";1
"Metropolitana I";"Influenza";2022;28;"2022-07-10";0
"Metropolitana I";"Influenza";2022;29;"2022-07-17";0
"Metropolitana I";"Influenza";2022;30;"2022-07-24";0
"Metropolitana I";"Influenza";2022;31;"2022-07-31";1
"Metropolitana I";"Influenza";2022;32;"2022-08-07";5
"Metropolitana I";"Influenza";2022;33;"2022-08-14";0
"Metropolitana I";"Influenza";2022;34;"2022-08-21";0
"Metropolitana I";"Influenza";2022;35;"2022-08-28";1
"Metropolitana I";"Influenza";2022;36;"2022-09-04";1
"Metropolitana I";"Influenza";2022;37;"2022-09-11";0
"Metropolitana I";"Influenza";2022;38;"2022-09-18";1
"Metropolitana I";"Influenza";2022;39;"2022-09-25";2
"Metropolitana I";"Influenza";2022;40;"2022-10-02";1
"Metropolitana I";"Influenza";2022;41;"2022-10-09";0
"Metropolitana I";"Influenza";2022;42;"2022-10-16";3
"Metropolitana I";"Influenza";2022;43;"2022-10-23";4
"Metropolitana I";"Influenza";2022;44;"2022-10-30";7
"Metropolitana I";"Influenza";2022;45;"2022-11-06";2
"Metropolitana I";"Influenza";2022;46;"2022-11-13";5
"Metropolitana I";"Influenza";2022;47;"2022-11-20";2
"Metropolitana I";"Influenza";2022;48;"2022-11-27";0
"Metropolitana I";"Influenza";2022;49;"2022-12-04";1
"Metropolitana I";"Influenza";2022;50;"2022-12-11";2
"Metropolitana I";"Influenza";2022;51;"2022-12-18";2
"Metropolitana I";"Influenza";2022;52;"2022-12-25";0
"Metropolitana I";"Influenza";2023;1;"2023-01-01";1
"Metropolitana I";"Influenza";2023;2;"2023-01-08";1
"Metropolitana I";"Influenza";2023;3;"2023-01-15";0
"Metropolitana I";"Influenza";2023;4;"2023-01-22";2
"Metropolitana I";"Influenza";2023;5;"2023-01-29";0
"Metropolitana I";"Influenza";2023;6;"2023-02-05";1
"Metropolitana I";"Influenza";2023;7;"2023-02-12";0
"Metropolitana I";"Influenza";2023;8;"2023-02-19";4
"Metropolitana I";"Influenza";2023;9;"2023-02-26";2
"Metropolitana I";"Influenza";2023;10;"2023-03-05";3
"Metropolitana I";"Influenza";2023;11;"2023-03-12";7
"Metropolitana I";"Influenza";2023;12;"2023-03-19";5
"Metropolitana I";"Influenza";2023;13;"2023-03-26";3
"Metropolitana I";"Influenza";2023;14;"2023-04-02";8
"Metropolitana I";"Influenza";2023;15;"2023-04-09";7
"Metropolitana I";"Influenza";2023;16;"2023-04-16";10
"Metropolitana I";"Influenza";2023;17;"2023-04-23";25
"Metropolitana I";"Influenza";2023;18;"2023-04-30";35
"Metropolitana I";"Influenza";2023;19;"2023-05-07";24
"Metropolitana I";"Influenza";2023;20;"2023-05-14";23
"Metropolitana I";"Influenza";2023;21;"2023-05-21";20
"Metropolitana I";"Influenza";2023;22;"2023-05-28";13
"Metropolitana I";"Influenza";2023;23;"2023-06-04";13
"Metropolitana I";"Influenza";2023;24;"2023-06-11";9
"Metropolitana I";"Influenza";2023;25;"2023-06-18";3
"Metropolitana I";"Influenza";2023;26;"2023-06-25";2
"Metropolitana I";"Influenza";2023;27;"2023-07-02";8
"Metropolitana I";"Influenza";2023;28;"2023-07-09";3
"Metropolitana I";"Influenza";2023;29;"2023-07-16";4
"Metropolitana I";"Influenza";2023;30;"2023-07-23";1
"Metropolitana I";"Influenza";2023;31;"2023-07-30";4
"Metropolitana I";"Influenza";2023;32;"2023-08-06";0
"Metropolitana I";"Influenza";2023;33;"2023-08-13";2
"Metropolitana I";"Influenza";2023;34;"2023-08-20";5
"Metropolitana I";"Influenza";2023;35;"2023-08-27";0
"Metropolitana I";"Influenza";2023;36;"2023-09-03";0
"Metropolitana I";"Influenza";2023;37;"2023-09-10";3
"Metropolitana I";"Influenza";2023;38;"2023-09-17";2
"Metropolitana I";"Influenza";2023;39;"2023-09-24";1
"Metropolitana I";"Influenza";2023;40;"2023-10-01";3
"Metropolitana I";"Influenza";2023;41;"2023-10-08";2
"Metropolitana I";"Influenza";2023;42;"2023-10-15";0
"Metropolitana I";"Influenza";2023;43;"2023-10-22";2
"Metropolitana I";"Influenza";2023;44;"2023-10-29";0
"Metropolitana I";"Influenza";2023;45;"2023-11-05";1
"Metropolitana I";"Influenza";2023;46;"2023-11-12";0
"Metropolitana I";"Influenza";2023;47;"2023-11-19";2
"Metropolitana I";"Influenza";2023;48;"2023-11-26";1
"Metropolitana I";"Influenza";2023;49;"2023-12-03";0
"Metropolitana I";"Influenza";2023;50;"2023-12-10";6
"Metropolitana I";"Influenza";2023;51;"2023-12-17";8
"Metropolitana I";"Influenza";2023;52;"2023-12-24";1
"Metropolitana I";"Influenza";2024;1;"2023-12-31";4
"Metropolitana I";"Influenza";2024;2;"2024-01-07";4
"Metropolitana I";"Influenza";2024;3;"2024-01-14";9
"Metropolitana I";"Influenza";2024;4;"2024-01-21";13
"Metropolitana I";"Influenza";2024;5;"2024-01-28";11
"Metropolitana I";"Influenza";2024;6;"2024-02-04";14
"Metropolitana I";"Influenza";2024;7;"2024-02-11";20
"Metropolitana I";"Influenza";2024;8;"2024-02-18";23
"Metropolitana I";"Influenza";2024;9;"2024-02-25";31
"Metropolitana I";"Influenza";2024;10;"2024-03-03";45
"Metropolitana I";"Influenza";2024;11;"2024-03-10";30
"Metropolitana I";"Influenza";2024;12;"2024-03-17";35
"Metropolitana I";"Influenza";2024;13;"2024-03-24";14
"Metropolitana I";"Influenza";2024;14;"2024-03-31";35
"Metropolitana I";"Influenza";2024;15;"2024-04-07";35
"Metropolitana I";"Influenza";2024;16;"2024-04-14";28
"Metropolitana I";"Influenza";2024;17;"2024-04-21";32
"Metropolitana I";"Influenza";2024;18;"2024-04-28";26
"Metropolitana I";"Influenza";2024;19;"2024-05-05";23
"Metropolitana I";"Influenza";2024;20;"2024-05-12";21
"Metropolitana I";"Influenza";2024;21;"2024-05-19";22
"Metropolitana I";"Influenza";2024;22;"2024-05-26";19
"Metropolitana I";"Influenza";2024;23;"2024-06-02";15
"Metropolitana I";"Influenza";2024;24;"2024-06-09";22
"Metropolitana I";"Influenza";2024;25;"2024-06-16";10
"Metropolitana I";"Influenza";2024;26;"2024-06-23";12
"Metropolitana I";"Influenza";2024;27;"2024-06-30";21
"Metropolitana I";"Influenza";2024;28;"2024-07-07";19
"Metropolitana I";"Influenza";2024;29;"2024-07-14";13
"Metropolitana I";"Influenza";2024;30;"2024-07-21";9
"Metropolitana I";"Influenza";2024;31;"2024-07-28";9
"Metropolitana I";"Influenza";2024;32;"2024-08-04";7
"Metropolitana I";"Influenza";2024;33;"2024-08-11";16
"Metropolitana I";"Influenza";2024;34;"2024-08-18";12
"Metropolitana I";"Influenza";2024;35;"2024-08-25";8
"Metropolitana I";"Influenza";2024;36;"2024-09-01";10
"Metropolitana I";"Influenza";2024;37;"2024-09-08";12
"Metropolitana I";"Influenza";2024;38;"2024-09-15";26
"Metropolitana I";"Influenza";2024;39;"2024-09-22";16
"Metropolitana I";"Influenza";2024;40;"2024-09-29";11
"Metropolitana I";"Influenza";2024;41;"2024-10-06";20
"Metropolitana I";"Influenza";2024;42;"2024-10-13";21
"Metropolitana I";"Influenza";2024;43;"2024-10-20";21
"Metropolitana I";"Influenza";2024;44;"2024-10-27";21
"Metropolitana I";"Influenza";2024;45;"2024-11-03";16
"Metropolitana I";"Influenza";2024;46;"2024-11-10";16
"Metropolitana I";"Influenza";2024;47;"2024-11-17";9
"Metropolitana I";"Influenza";2024;48;"2024-11-24";17
"Metropolitana I";"Influenza";2024;49;"2024-12-01";10
"Metropolitana I";"Influenza";2024;50;"2024-12-08";16
"Metropolitana I";"Influenza";2024;51;"2024-12-15";12
"Metropolitana I";"Influenza";2024;52;"2024-12-22";12
"Metropolitana I";"Influenza";2025;1;"2024-12-29";13
"Metropolitana I";"Influenza";2025;2;"2025-01-05";6
"Metropolitana I";"Influenza";2025;3;"2025-01-12";4
"Metropolitana I";"Influenza";2025;4;"2025-01-19";11
"Metropolitana I";"Influenza";2025;5;"2025-01-26";11
"Metropolitana I";"Influenza";2025;6;"2025-02-02";2
"Metropolitana I";"Influenza";2025;7;"2025-02-09";6
"Metropolitana I";"Influenza";2025;8;"2025-02-16";5
"Metropolitana I";"Influenza";2025;9;"2025-02-23";3
"Metropolitana I";"Influenza";2025;10;"2025-03-02";3
"Metropolitana I";"Influenza";2025;11;"2025-03-09";11
"Metropolitana I";"Influenza";2025;12;"2025-03-16";11
"Metropolitana I";"Influenza";2025;13;"2025-03-23";15
"Metropolitana I";"Influenza";2025;14;"2025-03-30";20
"Metropolitana I";"Influenza";2025;15;"2025-04-06";21
"Metropolitana I";"Influenza";2025;16;"2025-04-13";44
"Metropolitana I";"Influenza";2025;17;"2025-04-20";60
"Metropolitana I";"Influenza";2025;18;"2025-04-27";72
"Metropolitana I";"Influenza";2025;19;"2025-05-04";78
"Metropolitana I";"Influenza";2025;20;"2025-05-11";111
"Metropolitana I";"Influenza";2025;21;"2025-05-18";114
"Metropolitana I";"Influenza";2025;22;"2025-05-25";84
"Metropolitana I";"Influenza";2025;23;"2025-06-01";76
"Metropolitana I";"Influenza";2025;24;"2025-06-08";45
"Metropolitana I";"Influenza";2025;25;"2025-06-15";36
"Metropolitana I";"Influenza";2025;26;"2025-06-22";21
"Metropolitana I";"Influenza";2025;27;"2025-06-29";25
"Metropolitana I";"Influenza";2025;28;"2025-07-06";24
"Metropolitana I";"Influenza";2025;29;"2025-07-13";14
"Metropolitana I";"Influenza";2025;30;"2025-07-20";10
"Metropolitana I";"Influenza";2025;31;"2025-07-27";4
"Metropolitana I";"Influenza";2025;32;"2025-08-03";9
"Metropolitana I";"Influenza";2025;33;"2025-08-10";8
"Metropolitana I";"Influenza";2025;34;"2025-08-17";9
"Metropolitana I";"Influenza";2025;35;"2025-08-24";16
"Metropolitana I";"Influenza";2025;36;"2025-08-31";12
"Metropolitana I";"Influenza";2025;37;"2025-09-07";8
"Metropolitana I";"Influenza";2025;38;"2025-09-14";25
"Metropolitana I";"Influenza";2025;39;"2025-09-21";24
"Metropolitana I";"Influenza";2025;40;"2025-09-28";36
"Metropolitana I";"Influenza";2025;41;"2025-10-05";20
"Metropolitana I";"Influenza";2025;42;"2025-10-12";29
"Metropolitana I";"Influenza";2025;43;"2025-10-19";37
"Metropolitana I";"Influenza";2025;44;"2025-10-26";25
"Metropolitana I";"Influenza";2025;45;"2025-11-02";16
"Metropolitana I";"Influenza";2025;46;"2025-11-09";23
"Metropolitana I";"Influenza";2025;47;"2025-11-16";18
"Metropolitana I";"Influenza";2025;48;"2025-11-23";13
"Metropolitana I";"Influenza";2025;49;"2025-11-30";9
"Metropolitana I";"Influenza";2025;50;"2025-12-07";4
"Metropolitana I";"Influenza";2025;51;"2025-12-14";14
"Metropolitana I";"Influenza";2025;52;"2025-12-21";10
"Metropolitana I";"Influenza";2025;53;"2025-12-28";3
"Metropolitana I";"VSR";2022;1;"2022-01-02";4
"Metropolitana I";"VSR";2022;2;"2022-01-09";5
"Metropolitana I";"VSR";2022;3;"2022-01-16";5
"Metropolitana I";"VSR";2022;4;"2022-01-23";4
"Metropolitana I";"VSR";2022;5;"2022-01-30";1
"Metropolitana I";"VSR";2022;6;"2022-02-06";5
"Metropolitana I";"VSR";2022;7;"2022-02-13";5
"Metropolitana I";"VSR";2022;8;"2022-02-20";13
"Metropolitana I";"VSR";2022;9;"2022-02-27";13
"Metropolitana I";"VSR";2022;10;"2022-03-06";16
"Metropolitana I";"VSR";2022;11;"2022-03-13";14
"Metropolitana I";"VSR";2022;12;"2022-03-20";35
"Metropolitana I";"VSR";2022;13;"2022-03-27";41
"Metropolitana I";"VSR";2022;14;"2022-04-03";43
"Metropolitana I";"VSR";2022;15;"2022-04-10";57
"Metropolitana I";"VSR";2022;16;"2022-04-17";66
"Metropolitana I";"VSR";2022;17;"2022-04-24";58
"Metropolitana I";"VSR";2022;18;"2022-05-01";71
"Metropolitana I";"VSR";2022;19;"2022-05-08";59
"Metropolitana I";"VSR";2022;20;"2022-05-15";64
"Metropolitana I";"VSR";2022;21;"2022-05-22";47
"Metropolitana I";"VSR";2022;22;"2022-05-29";30
"Metropolitana I";"VSR";2022;23;"2022-06-05";39
"Metropolitana I";"VSR";2022;24;"2022-06-12";28
"Metropolitana I";"VSR";2022;25;"2022-06-19";21
"Metropolitana I";"VSR";2022;26;"2022-06-26";13
"Metropolitana I";"VSR";2022;27;"2022-07-03";8
"Metropolitana I";"VSR";2022;28;"2022-07-10";11
"Metropolitana I";"VSR";2022;29;"2022-07-17";3
"Metropolitana I";"VSR";2022;30;"2022-07-24";0
"Metropolitana I";"VSR";2022;31;"2022-07-31";2
"Metropolitana I";"VSR";2022;32;"2022-08-07";2
"Metropolitana I";"VSR";2022;33;"2022-08-14";2
"Metropolitana I";"VSR";2022;34;"2022-08-21";3
"Metropolitana I";"VSR";2022;35;"2022-08-28";2
"Metropolitana I";"VSR";2022;36;"2022-09-04";0
"Metropolitana I";"VSR";2022;37;"2022-09-11";2
"Metropolitana I";"VSR";2022;38;"2022-09-18";1
"Metropolitana I";"VSR";2022;39;"2022-09-25";0
"Metropolitana I";"VSR";2022;40;"2022-10-02";0
"Metropolitana I";"VSR";2022;41;"2022-10-09";0
"Metropolitana I";"VSR";2022;42;"2022-10-16";2
"Metropolitana I";"VSR";2022;43;"2022-10-23";0
"Metropolitana I";"VSR";2022;44;"2022-10-30";0
"Metropolitana I";"VSR";2022;45;"2022-11-06";0
"Metropolitana I";"VSR";2022;46;"2022-11-13";2
"Metropolitana I";"VSR";2022;47;"2022-11-20";0
"Metropolitana I";"VSR";2022;48;"2022-11-27";0
"Metropolitana I";"VSR";2022;49;"2022-12-04";2
"Metropolitana I";"VSR";2022;50;"2022-12-11";2
"Metropolitana I";"VSR";2022;51;"2022-12-18";4
"Metropolitana I";"VSR";2022;52;"2022-12-25";3
"Metropolitana I";"VSR";2023;1;"2023-01-01";2
"Metropolitana I";"VSR";2023;2;"2023-01-08";3
"Metropolitana I";"VSR";2023;3;"2023-01-15";5
"Metropolitana I";"VSR";2023;4;"2023-01-22";8
"Metropolitana I";"VSR";2023;5;"2023-01-29";4
"Metropolitana I";"VSR";2023;6;"2023-02-05";2
"Metropolitana I";"VSR";2023;7;"2023-02-12";7
"Metropolitana I";"VSR";2023;8;"2023-02-19";10
"Metropolitana I";"VSR";2023;9;"2023-02-26";11
"Metropolitana I";"VSR";2023;10;"2023-03-05";10
"Metropolitana I";"VSR";2023;11;"2023-03-12";25
"Metropolitana I";"VSR";2023;12;"2023-03-19";38
"Metropolitana I";"VSR";2023;13;"2023-03-26";44
"Metropolitana I";"VSR";2023;14;"2023-04-02";50
"Metropolitana I";"VSR";2023;15;"2023-04-09";45
"Metropolitana I";"VSR";2023;16;"2023-04-16";31
"Metropolitana I";"VSR";2023;17;"2023-04-23";25
"Metropolitana I";"VSR";2023;18;"2023-04-30";32
"Metropolitana I";"VSR";2023;19;"2023-05-07";32
"Metropolitana I";"VSR";2023;20;"2023-05-14";21
"Metropolitana I";"VSR";2023;21;"2023-05-21";8
"Metropolitana I";"VSR";2023;22;"2023-05-28";16
"Metropolitana I";"VSR";2023;23;"2023-06-04";20
"Metropolitana I";"VSR";2023;24;"2023-06-11";12
"Metropolitana I";"VSR";2023;25;"2023-06-18";9
"Metropolitana I";"VSR";2023;26;"2023-06-25";1
"Metropolitana I";"VSR";2023;27;"2023-07-02";3
"Metropolitana I";"VSR";2023;28;"2023-07-09";5
"Metropolitana I";"VSR";2023;29;"2023-07-16";4
"Metropolitana I";"VSR";2023;30;"2023-07-23";5
"Metropolitana I";"VSR";2023;31;"2023-07-30";2
"Metropolitana I";"VSR";2023;32;"2023-08-06";5
"Metropolitana I";"VSR";2023;33;"2023-08-13";1
"Metropolitana I";"VSR";2023;34;"2023-08-20";2
"Metropolitana I";"VSR";2023;35;"2023-08-27";0
"Metropolitana I";"VSR";2023;36;"2023-09-03";1
"Metropolitana I";"VSR";2023;37;"2023-09-10";1
"Metropolitana I";"VSR";2023;38;"2023-09-17";0
"Metropolitana I";"VSR";2023;39;"2023-09-24";1
"Metropolitana I";"VSR";2023;40;"2023-10-01";0
"Metropolitana I";"VSR";2023;41;"2023-10-08";0
"Metropolitana I";"VSR";2023;42;"2023-10-15";1
"Metropolitana I";"VSR";2023;43;"2023-10-22";0
"Metropolitana I";"VSR";2023;44;"2023-10-29";1
"Metropolitana I";"VSR";2023;45;"2023-11-05";0
"Metropolitana I";"VSR";2023;46;"2023-11-12";1
"Metropolitana I";"VSR";2023;47;"2023-11-19";1
"Metropolitana I";"VSR";2023;48;"2023-11-26";3
"Metropolitana I";"VSR";2023;49;"2023-12-03";1
"Metropolitana I";"VSR";2023;50;"2023-12-10";0
"Metropolitana I";"VSR";2023;51;"2023-12-17";1
"Metropolitana I";"VSR";2023;52;"2023-12-24";1
"Metropolitana I";"VSR";2024;1;"2023-12-31";1
"Metropolitana I";"VSR";2024;2;"2024-01-07";0
"Metropolitana I";"VSR";2024;3;"2024-01-14";0
"Metropolitana I";"VSR";2024;4;"2024-01-21";0
"Metropolitana I";"VSR";2024;5;"2024-01-28";2
"Metropolitana I";"VSR";2024;6;"2024-02-04";3
"Metropolitana I";"VSR";2024;7;"2024-02-11";3
"Metropolitana I";"VSR";2024;8;"2024-02-18";3
"Metropolitana I";"VSR";2024;9;"2024-02-25";12
"Metropolitana I";"VSR";2024;10;"2024-03-03";16
"Metropolitana I";"VSR";2024;11;"2024-03-10";21
"Metropolitana I";"VSR";2024;12;"2024-03-17";30
"Metropolitana I";"VSR";2024;13;"2024-03-24";26
"Metropolitana I";"VSR";2024;14;"2024-03-31";45
"Metropolitana I";"VSR";2024;15;"2024-04-07";61
"Metropolitana I";"VSR";2024;16;"2024-04-14";85
"Metropolitana I";"VSR";2024;17;"2024-04-21";68
"Metropolitana I";"VSR";2024;18;"2024-04-28";62
"Metropolitana I";"VSR";2024;19;"2024-05-05";69
"Metropolitana I";"VSR";2024;20;"2024-05-12";64
"Metropolitana I";"VSR";2024;21;"2024-05-19";56
"Metropolitana I";"VSR";2024;22;"2024-05-26";70
"Metropolitana I";"VSR";2024;23;"2024-06-02";59
"Metropolitana I";"VSR";2024;24;"2024-06-09";60
"Metropolitana I";"VSR";2024;25;"2024-06-16";36
"Metropolitana I";"VSR";2024;26;"2024-06-23";59
"Metropolitana I";"VSR";2024;27;"2024-06-30";39
"Metropolitana I";"VSR";2024;28;"2024-07-07";52
"Metropolitana I";"VSR";2024;29;"2024-07-14";37
"Metropolitana I";"VSR";2024;30;"2024-07-21";20
"Metropolitana I";"VSR";2024;31;"2024-07-28";14
"Metropolitana I";"VSR";2024;32;"2024-08-04";16
"Metropolitana I";"VSR";2024;33;"2024-08-11";14
"Metropolitana I";"VSR";2024;34;"2024-08-18";15
"Metropolitana I";"VSR";2024;35;"2024-08-25";10
"Metropolitana I";"VSR";2024;36;"2024-09-01";7
"Metropolitana I";"VSR";2024;37;"2024-09-08";4
"Metropolitana I";"VSR";2024;38;"2024-09-15";7
"Metropolitana I";"VSR";2024;39;"2024-09-22";6
"Metropolitana I";"VSR";2024;40;"2024-09-29";2
"Metropolitana I";"VSR";2024;41;"2024-10-06";4
"Metropolitana I";"VSR";2024;42;"2024-10-13";7
"Metropolitana I";"VSR";2024;43;"2024-10-20";6
"Metropolitana I";"VSR";2024;44;"2024-10-27";7
"Metropolitana I";"VSR";2024;45;"2024-11-03";3
"Metropolitana I";"VSR";2024;46;"2024-11-10";3
"Metropolitana I";"VSR";2024;47;"2024-11-17";2
"Metropolitana I";"VSR";2024;48;"2024-11-24";1
"Metropolitana I";"VSR";2024;49;"2024-12-01";1
"Metropolitana I";"VSR";2024;50;"2024-12-08";1
"Metropolitana I";"VSR";2024;51;"2024-12-15";0
"Metropolitana I";"VSR";2024;52;"2024-12-22";2
"Metropolitana I";"VSR";2025;1;"2024-12-29";2
"Metropolitana I";"VSR";2025;2;"2025-01-05";3
"Metropolitana I";"VSR";2025;3;"2025-01-12";8
"Metropolitana I";"VSR";2025;4;"2025-01-19";4
"Metropolitana I";"VSR";2025;5;"2025-01-26";3
"Metropolitana I";"VSR";2025;6;"2025-02-02";3
"Metropolitana I";"VSR";2025;7;"2025-02-09";7
"Metropolitana I";"VSR";2025;8;"2025-02-16";8
"Metropolitana I";"VSR";2025;9;"2025-02-23";8
"Metropolitana I";"VSR";2025;10;"2025-03-02";14
"Metropolitana I";"VSR";2025;11;"2025-03-09";17
"Metropolitana I";"VSR";2025;12;"2025-03-16";23
"Metropolitana I";"VSR";2025;13;"2025-03-23";37
"Metropolitana I";"VSR";2025;14;"2025-03-30";53
"Metropolitana I";"VSR";2025;15;"2025-04-06";79
"Metropolitana I";"VSR";2025;16;"2025-04-13";84
"Metropolitana I";"VSR";2025;17;"2025-04-20";135
"Metropolitana I";"VSR";2025;18;"2025-04-27";146
"Metropolitana I";"VSR";2025;19;"2025-05-04";159
"Metropolitana I";"VSR";2025;20;"2025-05-11";213
"Metropolitana I";"VSR";2025;21;"2025-05-18";189
"Metropolitana I";"VSR";2025;22;"2025-05-25";163
"Metropolitana I";"VSR";2025;23;"2025-06-01";135
"Metropolitana I";"VSR";2025;24;"2025-06-08";115
"Metropolitana I";"VSR";2025;25;"2025-06-15";122
"Metropolitana I";"VSR";2025;26;"2025-06-22";98
"Metropolitana I";"VSR";2025;27;"2025-06-29";61
"Metropolitana I";"VSR";2025;28;"2025-07-06";51
"Metropolitana I";"VSR";2025;29;"2025-07-13";58
"Metropolitana I";"VSR";2025;30;"2025-07-20";38
"Metropolitana I";"VSR";2025;31;"2025-07-27";16
"Metropolitana I";"VSR";2025;32;"2025-08-03";19
"Metropolitana I";"VSR";2025;33;"2025-08-10";11
"Metropolitana I";"VSR";2025;34;"2025-08-17";11
"Metropolitana I";"VSR";2025;35;"2025-08-24";5
"Metropolitana I";"VSR";2025;36;"2025-08-31";1
"Metropolitana I";"VSR";2025;37;"2025-09-07";3
"Metropolitana I";"VSR";2025;38;"2025-09-14";8
"Metropolitana I";"VSR";2025;39;"2025-09-21";0
"Metropolitana I";"VSR";2025;40;"2025-09-28";2
"Metropolitana I";"VSR";2025;41;"2025-10-05";4
"Metropolitana I";"VSR";2025;42;"2025-10-12";0
"Metropolitana I";"VSR";2025;43;"2025-10-19";1
"Metropolitana I";"VSR";2025;44;"2025-10-26";1
"Metropolitana I";"VSR";2025;45;"2025-11-02";1
"Metropolitana I";"VSR";2025;46;"2025-11-09";1
"Metropolitana I";"VSR";2025;47;"2025-11-16";2
"Metropolitana I";"VSR";2025;48;"2025-11-23";1
"Metropolitana I";"VSR";2025;49;"2025-11-30";1
"Metropolitana I";"VSR";2025;50;"2025-12-07";1
"Metropolitana I";"VSR";2025;51;"2025-12-14";0
"Metropolitana I";"VSR";2025;52;"2025-12-21";0
"Metropolitana I";"VSR";2025;53;"2025-12-28";0
"Metropolitana II";"SARS-CoV-2";2022;1;"2022-01-02";159
"Metropolitana II";"SARS-CoV-2";2022;2;"2022-01-09";323
"Metropolitana II";"SARS-CoV-2";2022;3;"2022-01-16";427
"Metropolitana II";"SARS-CoV-2";2022;4;"2022-01-23";279
"Metropolitana II";"SARS-CoV-2";2022;5;"2022-01-30";116
"Metropolitana II";"SARS-CoV-2";2022;6;"2022-02-06";43
"Metropolitana II";"SARS-CoV-2";2022;7;"2022-02-13";31
"Metropolitana II";"SARS-CoV-2";2022;8;"2022-02-20";13
"Metropolitana II";"SARS-CoV-2";2022;9;"2022-02-27";6
"Metropolitana II";"SARS-CoV-2";2022;10;"2022-03-06";11
"Metropolitana II";"SARS-CoV-2";2022;11;"2022-03-13";6
"Metropolitana II";"SARS-CoV-2";2022;12;"2022-03-20";3
"Metropolitana II";"SARS-CoV-2";2022;13;"2022-03-27";5
"Metropolitana II";"SARS-CoV-2";2022;14;"2022-04-03";4
"Metropolitana II";"SARS-CoV-2";2022;15;"2022-04-10";2
"Metropolitana II";"SARS-CoV-2";2022;16;"2022-04-17";3
"Metropolitana II";"SARS-CoV-2";2022;17;"2022-04-24";9
"Metropolitana II";"SARS-CoV-2";2022;18;"2022-05-01";4
"Metropolitana II";"SARS-CoV-2";2022;19;"2022-05-08";13
"Metropolitana II";"SARS-CoV-2";2022;20;"2022-05-15";24
"Metropolitana II";"SARS-CoV-2";2022;21;"2022-05-22";33
"Metropolitana II";"SARS-CoV-2";2022;22;"2022-05-29";62
"Metropolitana II";"SARS-CoV-2";2022;23;"2022-06-05";110
"Metropolitana II";"SARS-CoV-2";2022;24;"2022-06-12";111
"Metropolitana II";"SARS-CoV-2";2022;25;"2022-06-19";147
"Metropolitana II";"SARS-CoV-2";2022;26;"2022-06-26";106
"Metropolitana II";"SARS-CoV-2";2022;27;"2022-07-03";73
"Metropolitana II";"SARS-CoV-2";2022;28;"2022-07-10";51
"Metropolitana II";"SARS-CoV-2";2022;29;"2022-07-17";29
"Metropolitana II";"SARS-CoV-2";2022;30;"2022-07-24";17
"Metropolitana II";"SARS-CoV-2";2022;31;"2022-07-31";12
"Metropolitana II";"SARS-CoV-2";2022;32;"2022-08-07";6
"Metropolitana II";"SARS-CoV-2";2022;33;"2022-08-14";15
"Metropolitana II";"SARS-CoV-2";2022;34;"2022-08-21";3
"Metropolitana II";"SARS-CoV-2";2022;35;"2022-08-28";10
"Metropolitana II";"SARS-CoV-2";2022;36;"2022-09-04";3
"Metropolitana II";"SARS-CoV-2";2022;37;"2022-09-11";4
"Metropolitana II";"SARS-CoV-2";2022;38;"2022-09-18";1
"Metropolitana II";"SARS-CoV-2";2022;39;"2022-09-25";1
"Metropolitana II";"SARS-CoV-2";2022;40;"2022-10-02";8
"Metropolitana II";"SARS-CoV-2";2022;41;"2022-10-09";5
"Metropolitana II";"SARS-CoV-2";2022;42;"2022-10-16";4
"Metropolitana II";"SARS-CoV-2";2022;43;"2022-10-23";14
"Metropolitana II";"SARS-CoV-2";2022;44;"2022-10-30";19
"Metropolitana II";"SARS-CoV-2";2022;45;"2022-11-06";81
"Metropolitana II";"SARS-CoV-2";2022;46;"2022-11-13";91
"Metropolitana II";"SARS-CoV-2";2022;47;"2022-11-20";74
"Metropolitana II";"SARS-CoV-2";2022;48;"2022-11-27";71
"Metropolitana II";"SARS-CoV-2";2022;49;"2022-12-04";51
"Metropolitana II";"SARS-CoV-2";2022;50;"2022-12-11";19
"Metropolitana II";"SARS-CoV-2";2022;51;"2022-12-18";13
"Metropolitana II";"SARS-CoV-2";2022;52;"2022-12-25";20
"Metropolitana II";"SARS-CoV-2";2023;1;"2023-01-01";13
"Metropolitana II";"SARS-CoV-2";2023;2;"2023-01-08";8
"Metropolitana II";"SARS-CoV-2";2023;3;"2023-01-15";4
"Metropolitana II";"SARS-CoV-2";2023;4;"2023-01-22";4
"Metropolitana II";"SARS-CoV-2";2023;5;"2023-01-29";7
"Metropolitana II";"SARS-CoV-2";2023;6;"2023-02-05";10
"Metropolitana II";"SARS-CoV-2";2023;7;"2023-02-12";7
"Metropolitana II";"SARS-CoV-2";2023;8;"2023-02-19";17
"Metropolitana II";"SARS-CoV-2";2023;9;"2023-02-26";40
"Metropolitana II";"SARS-CoV-2";2023;10;"2023-03-05";31
"Metropolitana II";"SARS-CoV-2";2023;11;"2023-03-12";38
"Metropolitana II";"SARS-CoV-2";2023;12;"2023-03-19";18
"Metropolitana II";"SARS-CoV-2";2023;13;"2023-03-26";26
"Metropolitana II";"SARS-CoV-2";2023;14;"2023-04-02";15
"Metropolitana II";"SARS-CoV-2";2023;15;"2023-04-09";22
"Metropolitana II";"SARS-CoV-2";2023;16;"2023-04-16";10
"Metropolitana II";"SARS-CoV-2";2023;17;"2023-04-23";13
"Metropolitana II";"SARS-CoV-2";2023;18;"2023-04-30";10
"Metropolitana II";"SARS-CoV-2";2023;19;"2023-05-07";5
"Metropolitana II";"SARS-CoV-2";2023;20;"2023-05-14";3
"Metropolitana II";"SARS-CoV-2";2023;21;"2023-05-21";4
"Metropolitana II";"SARS-CoV-2";2023;22;"2023-05-28";3
"Metropolitana II";"SARS-CoV-2";2023;23;"2023-06-04";8
"Metropolitana II";"SARS-CoV-2";2023;24;"2023-06-11";8
"Metropolitana II";"SARS-CoV-2";2023;25;"2023-06-18";5
"Metropolitana II";"SARS-CoV-2";2023;26;"2023-06-25";6
"Metropolitana II";"SARS-CoV-2";2023;27;"2023-07-02";3
"Metropolitana II";"SARS-CoV-2";2023;28;"2023-07-09";3
"Metropolitana II";"SARS-CoV-2";2023;29;"2023-07-16";4
"Metropolitana II";"SARS-CoV-2";2023;30;"2023-07-23";4
"Metropolitana II";"SARS-CoV-2";2023;31;"2023-07-30";4
"Metropolitana II";"SARS-CoV-2";2023;32;"2023-08-06";6
"Metropolitana II";"SARS-CoV-2";2023;33;"2023-08-13";5
"Metropolitana II";"SARS-CoV-2";2023;34;"2023-08-20";4
"Metropolitana II";"SARS-CoV-2";2023;35;"2023-08-27";9
"Metropolitana II";"SARS-CoV-2";2023;36;"2023-09-03";10
"Metropolitana II";"SARS-CoV-2";2023;37;"2023-09-10";19
"Metropolitana II";"SARS-CoV-2";2023;38;"2023-09-17";31
"Metropolitana II";"SARS-CoV-2";2023;39;"2023-09-24";27
"Metropolitana II";"SARS-CoV-2";2023;40;"2023-10-01";45
"Metropolitana II";"SARS-CoV-2";2023;41;"2023-10-08";38
"Metropolitana II";"SARS-CoV-2";2023;42;"2023-10-15";17
"Metropolitana II";"SARS-CoV-2";2023;43;"2023-10-22";15
"Metropolitana II";"SARS-CoV-2";2023;44;"2023-10-29";9
"Metropolitana II";"SARS-CoV-2";2023;45;"2023-11-05";13
"Metropolitana II";"SARS-CoV-2";2023;46;"2023-11-12";12
"Metropolitana II";"SARS-CoV-2";2023;47;"2023-11-19";10
"Metropolitana II";"SARS-CoV-2";2023;48;"2023-11-26";7
"Metropolitana II";"SARS-CoV-2";2023;49;"2023-12-03";6
"Metropolitana II";"SARS-CoV-2";2023;50;"2023-12-10";2
"Metropolitana II";"SARS-CoV-2";2023;51;"2023-12-17";5
"Metropolitana II";"SARS-CoV-2";2023;52;"2023-12-24";3
"Metropolitana II";"SARS-CoV-2";2024;1;"2023-12-31";8
"Metropolitana II";"SARS-CoV-2";2024;2;"2024-01-07";8
"Metropolitana II";"SARS-CoV-2";2024;3;"2024-01-14";7
"Metropolitana II";"SARS-CoV-2";2024;4;"2024-01-21";9
"Metropolitana II";"SARS-CoV-2";2024;5;"2024-01-28";24
"Metropolitana II";"SARS-CoV-2";2024;6;"2024-02-04";27
"Metropolitana II";"SARS-CoV-2";2024;7;"2024-02-11";35
"Metropolitana II";"SARS-CoV-2";2024;8;"2024-02-18";33
"Metropolitana II";"SARS-CoV-2";2024;9;"2024-02-25";20
"Metropolitana II";"SARS-CoV-2";2024;10;"2024-03-03";16
"Metropolitana II";"SARS-CoV-2";2024;11;"2024-03-10";2
"Metropolitana II";"SARS-CoV-2";2024;12;"2024-03-17";7
"Metropolitana II";"SARS-CoV-2";2024;13;"2024-03-24";3
"Metropolitana II";"SARS-CoV-2";2024;14;"2024-03-31";2
"Metropolitana II";"SARS-CoV-2";2024;15;"2024-04-07";0
"Metropolitana II";"SARS-CoV-2";2024;16;"2024-04-14";1
"Metropolitana II";"SARS-CoV-2";2024;17;"2024-04-21";0
"Metropolitana II";"SARS-CoV-2";2024;18;"2024-04-28";1
"Metropolitana II";"SARS-CoV-2";2024;19;"2024-05-05";2
"Metropolitana II";"SARS-CoV-2";2024;20;"2024-05-12";1
"Metropolitana II";"SARS-CoV-2";2024;21;"2024-05-19";1
"Metropolitana II";"SARS-CoV-2";2024;22;"2024-05-26";0
"Metropolitana II";"SARS-CoV-2";2024;23;"2024-06-02";0
"Metropolitana II";"SARS-CoV-2";2024;24;"2024-06-09";0
"Metropolitana II";"SARS-CoV-2";2024;25;"2024-06-16";0
"Metropolitana II";"SARS-CoV-2";2024;26;"2024-06-23";0
"Metropolitana II";"SARS-CoV-2";2024;27;"2024-06-30";2
"Metropolitana II";"SARS-CoV-2";2024;28;"2024-07-07";0
"Metropolitana II";"SARS-CoV-2";2024;29;"2024-07-14";0
"Metropolitana II";"SARS-CoV-2";2024;30;"2024-07-21";0
"Metropolitana II";"SARS-CoV-2";2024;31;"2024-07-28";0
"Metropolitana II";"SARS-CoV-2";2024;32;"2024-08-04";0
"Metropolitana II";"SARS-CoV-2";2024;33;"2024-08-11";9
"Metropolitana II";"SARS-CoV-2";2024;34;"2024-08-18";10
"Metropolitana II";"SARS-CoV-2";2024;35;"2024-08-25";3
"Metropolitana II";"SARS-CoV-2";2024;36;"2024-09-01";9
"Metropolitana II";"SARS-CoV-2";2024;37;"2024-09-08";6
"Metropolitana II";"SARS-CoV-2";2024;38;"2024-09-15";5
"Metropolitana II";"SARS-CoV-2";2024;39;"2024-09-22";13
"Metropolitana II";"SARS-CoV-2";2024;40;"2024-09-29";2
"Metropolitana II";"SARS-CoV-2";2024;41;"2024-10-06";4
"Metropolitana II";"SARS-CoV-2";2024;42;"2024-10-13";7
"Metropolitana II";"SARS-CoV-2";2024;43;"2024-10-20";2
"Metropolitana II";"SARS-CoV-2";2024;44;"2024-10-27";9
"Metropolitana II";"SARS-CoV-2";2024;45;"2024-11-03";9
"Metropolitana II";"SARS-CoV-2";2024;46;"2024-11-10";13
"Metropolitana II";"SARS-CoV-2";2024;47;"2024-11-17";11
"Metropolitana II";"SARS-CoV-2";2024;48;"2024-11-24";14
"Metropolitana II";"SARS-CoV-2";2024;49;"2024-12-01";13
"Metropolitana II";"SARS-CoV-2";2024;50;"2024-12-08";12
"Metropolitana II";"SARS-CoV-2";2024;51;"2024-12-15";9
"Metropolitana II";"SARS-CoV-2";2024;52;"2024-12-22";9
"Metropolitana II";"SARS-CoV-2";2025;1;"2024-12-29";8
"Metropolitana II";"SARS-CoV-2";2025;2;"2025-01-05";7
"Metropolitana II";"SARS-CoV-2";2025;3;"2025-01-12";8
"Metropolitana II";"SARS-CoV-2";2025;4;"2025-01-19";1
"Metropolitana II";"SARS-CoV-2";2025;5;"2025-01-26";3
"Metropolitana II";"SARS-CoV-2";2025;6;"2025-02-02";2
"Metropolitana II";"SARS-CoV-2";2025;7;"2025-02-09";1
"Metropolitana II";"SARS-CoV-2";2025;8;"2025-02-16";2
"Metropolitana II";"SARS-CoV-2";2025;9;"2025-02-23";0
"Metropolitana II";"SARS-CoV-2";2025;10;"2025-03-02";0
"Metropolitana II";"SARS-CoV-2";2025;11;"2025-03-09";1
"Metropolitana II";"SARS-CoV-2";2025;12;"2025-03-16";0
"Metropolitana II";"SARS-CoV-2";2025;13;"2025-03-23";0
"Metropolitana II";"SARS-CoV-2";2025;14;"2025-03-30";0
"Metropolitana II";"SARS-CoV-2";2025;15;"2025-04-06";0
"Metropolitana II";"SARS-CoV-2";2025;16;"2025-04-13";0
"Metropolitana II";"SARS-CoV-2";2025;17;"2025-04-20";0
"Metropolitana II";"SARS-CoV-2";2025;18;"2025-04-27";0
"Metropolitana II";"SARS-CoV-2";2025;19;"2025-05-04";0
"Metropolitana II";"SARS-CoV-2";2025;20;"2025-05-11";1
"Metropolitana II";"SARS-CoV-2";2025;21;"2025-05-18";1
"Metropolitana II";"SARS-CoV-2";2025;22;"2025-05-25";1
"Metropolitana II";"SARS-CoV-2";2025;23;"2025-06-01";4
"Metropolitana II";"SARS-CoV-2";2025;24;"2025-06-08";8
"Metropolitana II";"SARS-CoV-2";2025;25;"2025-06-15";12
"Metropolitana II";"SARS-CoV-2";2025;26;"2025-06-22";4
"Metropolitana II";"SARS-CoV-2";2025;27;"2025-06-29";4
"Metropolitana II";"SARS-CoV-2";2025;28;"2025-07-06";4
"Metropolitana II";"SARS-CoV-2";2025;29;"2025-07-13";4
"Metropolitana II";"SARS-CoV-2";2025;30;"2025-07-20";5
"Metropolitana II";"SARS-CoV-2";2025;31;"2025-07-27";4
"Metropolitana II";"SARS-CoV-2";2025;32;"2025-08-03";9
"Metropolitana II";"SARS-CoV-2";2025;33;"2025-08-10";16
"Metropolitana II";"SARS-CoV-2";2025;34;"2025-08-17";20
"Metropolitana II";"SARS-CoV-2";2025;35;"2025-08-24";6
"Metropolitana II";"SARS-CoV-2";2025;36;"2025-08-31";10
"Metropolitana II";"SARS-CoV-2";2025;37;"2025-09-07";7
"Metropolitana II";"SARS-CoV-2";2025;38;"2025-09-14";3
"Metropolitana II";"SARS-CoV-2";2025;39;"2025-09-21";2
"Metropolitana II";"SARS-CoV-2";2025;40;"2025-09-28";3
"Metropolitana II";"SARS-CoV-2";2025;41;"2025-10-05";2
"Metropolitana II";"SARS-CoV-2";2025;42;"2025-10-12";1
"Metropolitana II";"SARS-CoV-2";2025;43;"2025-10-19";1
"Metropolitana II";"SARS-CoV-2";2025;44;"2025-10-26";1
"Metropolitana II";"SARS-CoV-2";2025;45;"2025-11-02";2
"Metropolitana II";"SARS-CoV-2";2025;46;"2025-11-09";0
"Metropolitana II";"SARS-CoV-2";2025;47;"2025-11-16";1
"Metropolitana II";"SARS-CoV-2";2025;48;"2025-11-23";1
"Metropolitana II";"SARS-CoV-2";2025;49;"2025-11-30";1
"Metropolitana II";"SARS-CoV-2";2025;50;"2025-12-07";1
"Metropolitana II";"SARS-CoV-2";2025;51;"2025-12-14";2
"Metropolitana II";"SARS-CoV-2";2025;52;"2025-12-21";1
"Metropolitana II";"SARS-CoV-2";2025;53;"2025-12-28";3
"Metropolitana II";"Influenza";2022;1;"2022-01-02";2
"Metropolitana II";"Influenza";2022;2;"2022-01-09";0
"Metropolitana II";"Influenza";2022;3;"2022-01-16";2
"Metropolitana II";"Influenza";2022;4;"2022-01-23";1
"Metropolitana II";"Influenza";2022;5;"2022-01-30";0
"Metropolitana II";"Influenza";2022;6;"2022-02-06";0
"Metropolitana II";"Influenza";2022;7;"2022-02-13";1
"Metropolitana II";"Influenza";2022;8;"2022-02-20";0
"Metropolitana II";"Influenza";2022;9;"2022-02-27";0
"Metropolitana II";"Influenza";2022;10;"2022-03-06";0
"Metropolitana II";"Influenza";2022;11;"2022-03-13";0
"Metropolitana II";"Influenza";2022;12;"2022-03-20";0
"Metropolitana II";"Influenza";2022;13;"2022-03-27";0
"Metropolitana II";"Influenza";2022;14;"2022-04-03";0
"Metropolitana II";"Influenza";2022;15;"2022-04-10";0
"Metropolitana II";"Influenza";2022;16;"2022-04-17";0
"Metropolitana II";"Influenza";2022;17;"2022-04-24";0
"Metropolitana II";"Influenza";2022;18;"2022-05-01";0
"Metropolitana II";"Influenza";2022;19;"2022-05-08";1
"Metropolitana II";"Influenza";2022;20;"2022-05-15";0
"Metropolitana II";"Influenza";2022;21;"2022-05-22";0
"Metropolitana II";"Influenza";2022;22;"2022-05-29";0
"Metropolitana II";"Influenza";2022;23;"2022-06-05";0
"Metropolitana II";"Influenza";2022;24;"2022-06-12";0
"Metropolitana II";"Influenza";2022;25;"2022-06-19";0
"Metropolitana II";"Influenza";2022;26;"2022-06-26";1
"Metropolitana II";"Influenza";2022;27;"2022-07-03";0
"Metropolitana II";"Influenza";2022;28;"2022-07-10";2
"Metropolitana II";"Influenza";2022;29;"2022-07-17";2
"Metropolitana II";"Influenza";2022;30;"2022-07-24";0
"Metropolitana II";"Influenza";2022;31;"2022-07-31";0
"Metropolitana II";"Influenza";2022;32;"2022-08-07";0
"Metropolitana II";"Influenza";2022;33;"2022-08-14";0
"Metropolitana II";"Influenza";2022;34;"2022-08-21";0
"Metropolitana II";"Influenza";2022;35;"2022-08-28";0
"Metropolitana II";"Influenza";2022;36;"2022-09-04";1
"Metropolitana II";"Influenza";2022;37;"2022-09-11";0
"Metropolitana II";"Influenza";2022;38;"2022-09-18";0
"Metropolitana II";"Influenza";2022;39;"2022-09-25";1
"Metropolitana II";"Influenza";2022;40;"2022-10-02";1
"Metropolitana II";"Influenza";2022;41;"2022-10-09";4
"Metropolitana II";"Influenza";2022;42;"2022-10-16";1
"Metropolitana II";"Influenza";2022;43;"2022-10-23";0
"Metropolitana II";"Influenza";2022;44;"2022-10-30";0
"Metropolitana II";"Influenza";2022;45;"2022-11-06";0
"Metropolitana II";"Influenza";2022;46;"2022-11-13";1
"Metropolitana II";"Influenza";2022;47;"2022-11-20";1
"Metropolitana II";"Influenza";2022;48;"2022-11-27";1
"Metropolitana II";"Influenza";2022;49;"2022-12-04";0
"Metropolitana II";"Influenza";2022;50;"2022-12-11";0
"Metropolitana II";"Influenza";2022;51;"2022-12-18";1
"Metropolitana II";"Influenza";2022;52;"2022-12-25";1
"Metropolitana II";"Influenza";2023;1;"2023-01-01";0
"Metropolitana II";"Influenza";2023;2;"2023-01-08";1
"Metropolitana II";"Influenza";2023;3;"2023-01-15";0
"Metropolitana II";"Influenza";2023;4;"2023-01-22";1
"Metropolitana II";"Influenza";2023;5;"2023-01-29";0
"Metropolitana II";"Influenza";2023;6;"2023-02-05";1
"Metropolitana II";"Influenza";2023;7;"2023-02-12";0
"Metropolitana II";"Influenza";2023;8;"2023-02-19";1
"Metropolitana II";"Influenza";2023;9;"2023-02-26";1
"Metropolitana II";"Influenza";2023;10;"2023-03-05";1
"Metropolitana II";"Influenza";2023;11;"2023-03-12";3
"Metropolitana II";"Influenza";2023;12;"2023-03-19";3
"Metropolitana II";"Influenza";2023;13;"2023-03-26";5
"Metropolitana II";"Influenza";2023;14;"2023-04-02";2
"Metropolitana II";"Influenza";2023;15;"2023-04-09";2
"Metropolitana II";"Influenza";2023;16;"2023-04-16";4
"Metropolitana II";"Influenza";2023;17;"2023-04-23";10
"Metropolitana II";"Influenza";2023;18;"2023-04-30";6
"Metropolitana II";"Influenza";2023;19;"2023-05-07";7
"Metropolitana II";"Influenza";2023;20;"2023-05-14";8
"Metropolitana II";"Influenza";2023;21;"2023-05-21";6
"Metropolitana II";"Influenza";2023;22;"2023-05-28";7
"Metropolitana II";"Influenza";2023;23;"2023-06-04";3
"Metropolitana II";"Influenza";2023;24;"2023-06-11";3
"Metropolitana II";"Influenza";2023;25;"2023-06-18";0
"Metropolitana II";"Influenza";2023;26;"2023-06-25";1
"Metropolitana II";"Influenza";2023;27;"2023-07-02";2
"Metropolitana II";"Influenza";2023;28;"2023-07-09";1
"Metropolitana II";"Influenza";2023;29;"2023-07-16";0
"Metropolitana II";"Influenza";2023;30;"2023-07-23";2
"Metropolitana II";"Influenza";2023;31;"2023-07-30";1
"Metropolitana II";"Influenza";2023;32;"2023-08-06";2
"Metropolitana II";"Influenza";2023;33;"2023-08-13";0
"Metropolitana II";"Influenza";2023;34;"2023-08-20";1
"Metropolitana II";"Influenza";2023;35;"2023-08-27";0
"Metropolitana II";"Influenza";2023;36;"2023-09-03";0
"Metropolitana II";"Influenza";2023;37;"2023-09-10";0
"Metropolitana II";"Influenza";2023;38;"2023-09-17";0
"Metropolitana II";"Influenza";2023;39;"2023-09-24";1
"Metropolitana II";"Influenza";2023;40;"2023-10-01";0
"Metropolitana II";"Influenza";2023;41;"2023-10-08";0
"Metropolitana II";"Influenza";2023;42;"2023-10-15";1
"Metropolitana II";"Influenza";2023;43;"2023-10-22";0
"Metropolitana II";"Influenza";2023;44;"2023-10-29";0
"Metropolitana II";"Influenza";2023;45;"2023-11-05";0
"Metropolitana II";"Influenza";2023;46;"2023-11-12";2
"Metropolitana II";"Influenza";2023;47;"2023-11-19";0
"Metropolitana II";"Influenza";2023;48;"2023-11-26";0
"Metropolitana II";"Influenza";2023;49;"2023-12-03";1
"Metropolitana II";"Influenza";2023;50;"2023-12-10";0
"Metropolitana II";"Influenza";2023;51;"2023-12-17";0
"Metropolitana II";"Influenza";2023;52;"2023-12-24";0
"Metropolitana II";"Influenza";2024;1;"2023-12-31";0
"Metropolitana II";"Influenza";2024;2;"2024-01-07";0
"Metropolitana II";"Influenza";2024;3;"2024-01-14";2
"Metropolitana II";"Influenza";2024;4;"2024-01-21";0
"Metropolitana II";"Influenza";2024;5;"2024-01-28";8
"Metropolitana II";"Influenza";2024;6;"2024-02-04";11
"Metropolitana II";"Influenza";2024;7;"2024-02-11";3
"Metropolitana II";"Influenza";2024;8;"2024-02-18";8
"Metropolitana II";"Influenza";2024;9;"2024-02-25";7
"Metropolitana II";"Influenza";2024;10;"2024-03-03";12
"Metropolitana II";"Influenza";2024;11;"2024-03-10";3
"Metropolitana II";"Influenza";2024;12;"2024-03-17";7
"Metropolitana II";"Influenza";2024;13;"2024-03-24";11
"Metropolitana II";"Influenza";2024;14;"2024-03-31";9
"Metropolitana II";"Influenza";2024;15;"2024-04-07";5
"Metropolitana II";"Influenza";2024;16;"2024-04-14";10
"Metropolitana II";"Influenza";2024;17;"2024-04-21";6
"Metropolitana II";"Influenza";2024;18;"2024-04-28";2
"Metropolitana II";"Influenza";2024;19;"2024-05-05";1
"Metropolitana II";"Influenza";2024;20;"2024-05-12";5
"Metropolitana II";"Influenza";2024;21;"2024-05-19";0
"Metropolitana II";"Influenza";2024;22;"2024-05-26";1
"Metropolitana II";"Influenza";2024;23;"2024-06-02";1
"Metropolitana II";"Influenza";2024;24;"2024-06-09";2
"Metropolitana II";"Influenza";2024;25;"2024-06-16";7
"Metropolitana II";"Influenza";2024;26;"2024-06-23";3
"Metropolitana II";"Influenza";2024;27;"2024-06-30";2
"Metropolitana II";"Influenza";2024;28;"2024-07-07";2
"Metropolitana II";"Influenza";2024;29;"2024-07-14";2
"Metropolitana II";"Influenza";2024;30;"2024-07-21";1
"Metropolitana II";"Influenza";2024;31;"2024-07-28";2
"Metropolitana II";"Influenza";2024;32;"2024-08-04";6
"Metropolitana II";"Influenza";2024;33;"2024-08-11";0
"Metropolitana II";"Influenza";2024;34;"2024-08-18";2
"Metropolitana II";"Influenza";2024;35;"2024-08-25";3
"Metropolitana II";"Influenza";2024;36;"2024-09-01";1
"Metropolitana II";"Influenza";2024;37;"2024-09-08";2
"Metropolitana II";"Influenza";2024;38;"2024-09-15";1
"Metropolitana II";"Influenza";2024;39;"2024-09-22";0
"Metropolitana II";"Influenza";2024;40;"2024-09-29";2
"Metropolitana II";"Influenza";2024;41;"2024-10-06";3
"Metropolitana II";"Influenza";2024;42;"2024-10-13";1
"Metropolitana II";"Influenza";2024;43;"2024-10-20";4
"Metropolitana II";"Influenza";2024;44;"2024-10-27";4
"Metropolitana II";"Influenza";2024;45;"2024-11-03";1
"Metropolitana II";"Influenza";2024;46;"2024-11-10";1
"Metropolitana II";"Influenza";2024;47;"2024-11-17";4
"Metropolitana II";"Influenza";2024;48;"2024-11-24";3
"Metropolitana II";"Influenza";2024;49;"2024-12-01";3
"Metropolitana II";"Influenza";2024;50;"2024-12-08";2
"Metropolitana II";"Influenza";2024;51;"2024-12-15";1
"Metropolitana II";"Influenza";2024;52;"2024-12-22";1
"Metropolitana II";"Influenza";2025;1;"2024-12-29";2
"Metropolitana II";"Influenza";2025;2;"2025-01-05";2
"Metropolitana II";"Influenza";2025;3;"2025-01-12";3
"Metropolitana II";"Influenza";2025;4;"2025-01-19";0
"Metropolitana II";"Influenza";2025;5;"2025-01-26";1
"Metropolitana II";"Influenza";2025;6;"2025-02-02";1
"Metropolitana II";"Influenza";2025;7;"2025-02-09";2
"Metropolitana II";"Influenza";2025;8;"2025-02-16";0
"Metropolitana II";"Influenza";2025;9;"2025-02-23";1
"Metropolitana II";"Influenza";2025;10;"2025-03-02";0
"Metropolitana II";"Influenza";2025;11;"2025-03-09";1
"Metropolitana II";"Influenza";2025;12;"2025-03-16";0
"Metropolitana II";"Influenza";2025;13;"2025-03-23";4
"Metropolitana II";"Influenza";2025;14;"2025-03-30";5
"Metropolitana II";"Influenza";2025;15;"2025-04-06";4
"Metropolitana II";"Influenza";2025;16;"2025-04-13";5
"Metropolitana II";"Influenza";2025;17;"2025-04-20";10
"Metropolitana II";"Influenza";2025;18;"2025-04-27";15
"Metropolitana II";"Influenza";2025;19;"2025-05-04";27
"Metropolitana II";"Influenza";2025;20;"2025-05-11";28
"Metropolitana II";"Influenza";2025;21;"2025-05-18";31
"Metropolitana II";"Influenza";2025;22;"2025-05-25";26
"Metropolitana II";"Influenza";2025;23;"2025-06-01";15
"Metropolitana II";"Influenza";2025;24;"2025-06-08";8
"Metropolitana II";"Influenza";2025;25;"2025-06-15";6
"Metropolitana II";"Influenza";2025;26;"2025-06-22";5
"Metropolitana II";"Influenza";2025;27;"2025-06-29";3
"Metropolitana II";"Influenza";2025;28;"2025-07-06";2
"Metropolitana II";"Influenza";2025;29;"2025-07-13";7
"Metropolitana II";"Influenza";2025;30;"2025-07-20";1
"Metropolitana II";"Influenza";2025;31;"2025-07-27";1
"Metropolitana II";"Influenza";2025;32;"2025-08-03";1
"Metropolitana II";"Influenza";2025;33;"2025-08-10";3
"Metropolitana II";"Influenza";2025;34;"2025-08-17";3
"Metropolitana II";"Influenza";2025;35;"2025-08-24";4
"Metropolitana II";"Influenza";2025;36;"2025-08-31";3
"Metropolitana II";"Influenza";2025;37;"2025-09-07";2
"Metropolitana II";"Influenza";2025;38;"2025-09-14";3
"Metropolitana II";"Influenza";2025;39;"2025-09-21";4
"Metropolitana II";"Influenza";2025;40;"2025-09-28";4
"Metropolitana II";"Influenza";2025;41;"2025-10-05";4
"Metropolitana II";"Influenza";2025;42;"2025-10-12";5
"Metropolitana II";"Influenza";2025;43;"2025-10-19";4
"Metropolitana II";"Influenza";2025;44;"2025-10-26";6
"Metropolitana II";"Influenza";2025;45;"2025-11-02";5
"Metropolitana II";"Influenza";2025;46;"2025-11-09";8
"Metropolitana II";"Influenza";2025;47;"2025-11-16";7
"Metropolitana II";"Influenza";2025;48;"2025-11-23";2
"Metropolitana II";"Influenza";2025;49;"2025-11-30";4
"Metropolitana II";"Influenza";2025;50;"2025-12-07";2
"Metropolitana II";"Influenza";2025;51;"2025-12-14";4
"Metropolitana II";"Influenza";2025;52;"2025-12-21";3
"Metropolitana II";"Influenza";2025;53;"2025-12-28";0
"Metropolitana II";"VSR";2022;1;"2022-01-02";0
"Metropolitana II";"VSR";2022;2;"2022-01-09";0
"Metropolitana II";"VSR";2022;3;"2022-01-16";1
"Metropolitana II";"VSR";2022;4;"2022-01-23";0
"Metropolitana II";"VSR";2022;5;"2022-01-30";1
"Metropolitana II";"VSR";2022;6;"2022-02-06";0
"Metropolitana II";"VSR";2022;7;"2022-02-13";1
"Metropolitana II";"VSR";2022;8;"2022-02-20";0
"Metropolitana II";"VSR";2022;9;"2022-02-27";0
"Metropolitana II";"VSR";2022;10;"2022-03-06";1
"Metropolitana II";"VSR";2022;11;"2022-03-13";2
"Metropolitana II";"VSR";2022;12;"2022-03-20";6
"Metropolitana II";"VSR";2022;13;"2022-03-27";5
"Metropolitana II";"VSR";2022;14;"2022-04-03";12
"Metropolitana II";"VSR";2022;15;"2022-04-10";13
"Metropolitana II";"VSR";2022;16;"2022-04-17";16
"Metropolitana II";"VSR";2022;17;"2022-04-24";4
"Metropolitana II";"VSR";2022;18;"2022-05-01";15
"Metropolitana II";"VSR";2022;19;"2022-05-08";19
"Metropolitana II";"VSR";2022;20;"2022-05-15";21
"Metropolitana II";"VSR";2022;21;"2022-05-22";17
"Metropolitana II";"VSR";2022;22;"2022-05-29";11
"Metropolitana II";"VSR";2022;23;"2022-06-05";4
"Metropolitana II";"VSR";2022;24;"2022-06-12";12
"Metropolitana II";"VSR";2022;25;"2022-06-19";5
"Metropolitana II";"VSR";2022;26;"2022-06-26";5
"Metropolitana II";"VSR";2022;27;"2022-07-03";4
"Metropolitana II";"VSR";2022;28;"2022-07-10";1
"Metropolitana II";"VSR";2022;29;"2022-07-17";0
"Metropolitana II";"VSR";2022;30;"2022-07-24";1
"Metropolitana II";"VSR";2022;31;"2022-07-31";0
"Metropolitana II";"VSR";2022;32;"2022-08-07";0
"Metropolitana II";"VSR";2022;33;"2022-08-14";0
"Metropolitana II";"VSR";2022;34;"2022-08-21";1
"Metropolitana II";"VSR";2022;35;"2022-08-28";0
"Metropolitana II";"VSR";2022;36;"2022-09-04";0
"Metropolitana II";"VSR";2022;37;"2022-09-11";0
"Metropolitana II";"VSR";2022;38;"2022-09-18";0
"Metropolitana II";"VSR";2022;39;"2022-09-25";0
"Metropolitana II";"VSR";2022;40;"2022-10-02";0
"Metropolitana II";"VSR";2022;41;"2022-10-09";0
"Metropolitana II";"VSR";2022;42;"2022-10-16";0
"Metropolitana II";"VSR";2022;43;"2022-10-23";0
"Metropolitana II";"VSR";2022;44;"2022-10-30";2
"Metropolitana II";"VSR";2022;45;"2022-11-06";0
"Metropolitana II";"VSR";2022;46;"2022-11-13";2
"Metropolitana II";"VSR";2022;47;"2022-11-20";0
"Metropolitana II";"VSR";2022;48;"2022-11-27";0
"Metropolitana II";"VSR";2022;49;"2022-12-04";0
"Metropolitana II";"VSR";2022;50;"2022-12-11";0
"Metropolitana II";"VSR";2022;51;"2022-12-18";2
"Metropolitana II";"VSR";2022;52;"2022-12-25";0
"Metropolitana II";"VSR";2023;1;"2023-01-01";0
"Metropolitana II";"VSR";2023;2;"2023-01-08";3
"Metropolitana II";"VSR";2023;3;"2023-01-15";1
"Metropolitana II";"VSR";2023;4;"2023-01-22";1
"Metropolitana II";"VSR";2023;5;"2023-01-29";1
"Metropolitana II";"VSR";2023;6;"2023-02-05";0
"Metropolitana II";"VSR";2023;7;"2023-02-12";0
"Metropolitana II";"VSR";2023;8;"2023-02-19";4
"Metropolitana II";"VSR";2023;9;"2023-02-26";4
"Metropolitana II";"VSR";2023;10;"2023-03-05";6
"Metropolitana II";"VSR";2023;11;"2023-03-12";7
"Metropolitana II";"VSR";2023;12;"2023-03-19";8
"Metropolitana II";"VSR";2023;13;"2023-03-26";16
"Metropolitana II";"VSR";2023;14;"2023-04-02";15
"Metropolitana II";"VSR";2023;15;"2023-04-09";17
"Metropolitana II";"VSR";2023;16;"2023-04-16";9
"Metropolitana II";"VSR";2023;17;"2023-04-23";4
"Metropolitana II";"VSR";2023;18;"2023-04-30";16
"Metropolitana II";"VSR";2023;19;"2023-05-07";17
"Metropolitana II";"VSR";2023;20;"2023-05-14";12
"Metropolitana II";"VSR";2023;21;"2023-05-21";5
"Metropolitana II";"VSR";2023;22;"2023-05-28";0
"Metropolitana II";"VSR";2023;23;"2023-06-04";1
"Metropolitana II";"VSR";2023;24;"2023-06-11";2
"Metropolitana II";"VSR";2023;25;"2023-06-18";1
"Metropolitana II";"VSR";2023;26;"2023-06-25";3
"Metropolitana II";"VSR";2023;27;"2023-07-02";4
"Metropolitana II";"VSR";2023;28;"2023-07-09";2
"Metropolitana II";"VSR";2023;29;"2023-07-16";2
"Metropolitana II";"VSR";2023;30;"2023-07-23";1
"Metropolitana II";"VSR";2023;31;"2023-07-30";0
"Metropolitana II";"VSR";2023;32;"2023-08-06";0
"Metropolitana II";"VSR";2023;33;"2023-08-13";0
"Metropolitana II";"VSR";2023;34;"2023-08-20";0
"Metropolitana II";"VSR";2023;35;"2023-08-27";0
"Metropolitana II";"VSR";2023;36;"2023-09-03";1
"Metropolitana II";"VSR";2023;37;"2023-09-10";0
"Metropolitana II";"VSR";2023;38;"2023-09-17";1
"Metropolitana II";"VSR";2023;39;"2023-09-24";0
"Metropolitana II";"VSR";2023;40;"2023-10-01";1
"Metropolitana II";"VSR";2023;41;"2023-10-08";0
"Metropolitana II";"VSR";2023;42;"2023-10-15";0
"Metropolitana II";"VSR";2023;43;"2023-10-22";0
"Metropolitana II";"VSR";2023;44;"2023-10-29";0
"Metropolitana II";"VSR";2023;45;"2023-11-05";0
"Metropolitana II";"VSR";2023;46;"2023-11-12";0
"Metropolitana II";"VSR";2023;47;"2023-11-19";0
"Metropolitana II";"VSR";2023;48;"2023-11-26";0
"Metropolitana II";"VSR";2023;49;"2023-12-03";0
"Metropolitana II";"VSR";2023;50;"2023-12-10";0
"Metropolitana II";"VSR";2023;51;"2023-12-17";0
"Metropolitana II";"VSR";2023;52;"2023-12-24";0
"Metropolitana II";"VSR";2024;1;"2023-12-31";0
"Metropolitana II";"VSR";2024;2;"2024-01-07";0
"Metropolitana II";"VSR";2024;3;"2024-01-14";0
"Metropolitana II";"VSR";2024;4;"2024-01-21";1
"Metropolitana II";"VSR";2024;5;"2024-01-28";0
"Metropolitana II";"VSR";2024;6;"2024-02-04";2
"Metropolitana II";"VSR";2024;7;"2024-02-11";1
"Metropolitana II";"VSR";2024;8;"2024-02-18";1
"Metropolitana II";"VSR";2024;9;"2024-02-25";2
"Metropolitana II";"VSR";2024;10;"2024-03-03";0
"Metropolitana II";"VSR";2024;11;"2024-03-10";2
"Metropolitana II";"VSR";2024;12;"2024-03-17";5
"Metropolitana II";"VSR";2024;13;"2024-03-24";6
"Metropolitana II";"VSR";2024;14;"2024-03-31";9
"Metropolitana II";"VSR";2024;15;"2024-04-07";12
"Metropolitana II";"VSR";2024;16;"2024-04-14";19
"Metropolitana II";"VSR";2024;17;"2024-04-21";22
"Metropolitana II";"VSR";2024;18;"2024-04-28";40
"Metropolitana II";"VSR";2024;19;"2024-05-05";27
"Metropolitana II";"VSR";2024;20;"2024-05-12";43
"Metropolitana II";"VSR";2024;21;"2024-05-19";31
"Metropolitana II";"VSR";2024;22;"2024-05-26";33
"Metropolitana II";"VSR";2024;23;"2024-06-02";31
"Metropolitana II";"VSR";2024;24;"2024-06-09";27
"Metropolitana II";"VSR";2024;25;"2024-06-16";17
"Metropolitana II";"VSR";2024;26;"2024-06-23";13
"Metropolitana II";"VSR";2024;27;"2024-06-30";14
"Metropolitana II";"VSR";2024;28;"2024-07-07";19
"Metropolitana II";"VSR";2024;29;"2024-07-14";5
"Metropolitana II";"VSR";2024;30;"2024-07-21";15
"Metropolitana II";"VSR";2024;31;"2024-07-28";2
"Metropolitana II";"VSR";2024;32;"2024-08-04";6
"Metropolitana II";"VSR";2024;33;"2024-08-11";4
"Metropolitana II";"VSR";2024;34;"2024-08-18";0
"Metropolitana II";"VSR";2024;35;"2024-08-25";2
"Metropolitana II";"VSR";2024;36;"2024-09-01";2
"Metropolitana II";"VSR";2024;37;"2024-09-08";5
"Metropolitana II";"VSR";2024;38;"2024-09-15";2
"Metropolitana II";"VSR";2024;39;"2024-09-22";2
"Metropolitana II";"VSR";2024;40;"2024-09-29";0
"Metropolitana II";"VSR";2024;41;"2024-10-06";2
"Metropolitana II";"VSR";2024;42;"2024-10-13";0
"Metropolitana II";"VSR";2024;43;"2024-10-20";1
"Metropolitana II";"VSR";2024;44;"2024-10-27";0
"Metropolitana II";"VSR";2024;45;"2024-11-03";1
"Metropolitana II";"VSR";2024;46;"2024-11-10";1
"Metropolitana II";"VSR";2024;47;"2024-11-17";0
"Metropolitana II";"VSR";2024;48;"2024-11-24";2
"Metropolitana II";"VSR";2024;49;"2024-12-01";0
"Metropolitana II";"VSR";2024;50;"2024-12-08";0
"Metropolitana II";"VSR";2024;51;"2024-12-15";1
"Metropolitana II";"VSR";2024;52;"2024-12-22";0
"Metropolitana II";"VSR";2025;1;"2024-12-29";1
"Metropolitana II";"VSR";2025;2;"2025-01-05";1
"Metropolitana II";"VSR";2025;3;"2025-01-12";2
"Metropolitana II";"VSR";2025;4;"2025-01-19";1
"Metropolitana II";"VSR";2025;5;"2025-01-26";0
"Metropolitana II";"VSR";2025;6;"2025-02-02";0
"Metropolitana II";"VSR";2025;7;"2025-02-09";0
"Metropolitana II";"VSR";2025;8;"2025-02-16";1
"Metropolitana II";"VSR";2025;9;"2025-02-23";5
"Metropolitana II";"VSR";2025;10;"2025-03-02";3
"Metropolitana II";"VSR";2025;11;"2025-03-09";3
"Metropolitana II";"VSR";2025;12;"2025-03-16";8
"Metropolitana II";"VSR";2025;13;"2025-03-23";7
"Metropolitana II";"VSR";2025;14;"2025-03-30";12
"Metropolitana II";"VSR";2025;15;"2025-04-06";13
"Metropolitana II";"VSR";2025;16;"2025-04-13";21
"Metropolitana II";"VSR";2025;17;"2025-04-20";22
"Metropolitana II";"VSR";2025;18;"2025-04-27";40
"Metropolitana II";"VSR";2025;19;"2025-05-04";38
"Metropolitana II";"VSR";2025;20;"2025-05-11";59
"Metropolitana II";"VSR";2025;21;"2025-05-18";76
"Metropolitana II";"VSR";2025;22;"2025-05-25";69
"Metropolitana II";"VSR";2025;23;"2025-06-01";65
"Metropolitana II";"VSR";2025;24;"2025-06-08";58
"Metropolitana II";"VSR";2025;25;"2025-06-15";71
"Metropolitana II";"VSR";2025;26;"2025-06-22";40
"Metropolitana II";"VSR";2025;27;"2025-06-29";30
"Metropolitana II";"VSR";2025;28;"2025-07-06";26
"Metropolitana II";"VSR";2025;29;"2025-07-13";22
"Metropolitana II";"VSR";2025;30;"2025-07-20";28
"Metropolitana II";"VSR";2025;31;"2025-07-27";19
"Metropolitana II";"VSR";2025;32;"2025-08-03";14
"Metropolitana II";"VSR";2025;33;"2025-08-10";6
"Metropolitana II";"VSR";2025;34;"2025-08-17";6
"Metropolitana II";"VSR";2025;35;"2025-08-24";0
"Metropolitana II";"VSR";2025;36;"2025-08-31";5
"Metropolitana II";"VSR";2025;37;"2025-09-07";3
"Metropolitana II";"VSR";2025;38;"2025-09-14";4
"Metropolitana II";"VSR";2025;39;"2025-09-21";0
"Metropolitana II";"VSR";2025;40;"2025-09-28";0
"Metropolitana II";"VSR";2025;41;"2025-10-05";1
"Metropolitana II";"VSR";2025;42;"2025-10-12";0
"Metropolitana II";"VSR";2025;43;"2025-10-19";2
"Metropolitana II";"VSR";2025;44;"2025-10-26";0
"Metropolitana II";"VSR";2025;45;"2025-11-02";0
"Metropolitana II";"VSR";2025;46;"2025-11-09";0
"Metropolitana II";"VSR";2025;47;"2025-11-16";1
"Metropolitana II";"VSR";2025;48;"2025-11-23";0
"Metropolitana II";"VSR";2025;49;"2025-11-30";0
"Metropolitana II";"VSR";2025;50;"2025-12-07";0
"Metropolitana II";"VSR";2025;51;"2025-12-14";0
"Metropolitana II";"VSR";2025;52;"2025-12-21";0
"Metropolitana II";"VSR";2025;53;"2025-12-28";0
"Noroeste";"SARS-CoV-2";2022;1;"2022-01-02";6
"Noroeste";"SARS-CoV-2";2022;2;"2022-01-09";16
"Noroeste";"SARS-CoV-2";2022;3;"2022-01-16";22
"Noroeste";"SARS-CoV-2";2022;4;"2022-01-23";42
"Noroeste";"SARS-CoV-2";2022;5;"2022-01-30";34
"Noroeste";"SARS-CoV-2";2022;6;"2022-02-06";10
"Noroeste";"SARS-CoV-2";2022;7;"2022-02-13";7
"Noroeste";"SARS-CoV-2";2022;8;"2022-02-20";3
"Noroeste";"SARS-CoV-2";2022;9;"2022-02-27";3
"Noroeste";"SARS-CoV-2";2022;10;"2022-03-06";1
"Noroeste";"SARS-CoV-2";2022;11;"2022-03-13";1
"Noroeste";"SARS-CoV-2";2022;12;"2022-03-20";2
"Noroeste";"SARS-CoV-2";2022;13;"2022-03-27";0
"Noroeste";"SARS-CoV-2";2022;14;"2022-04-03";1
"Noroeste";"SARS-CoV-2";2022;15;"2022-04-10";0
"Noroeste";"SARS-CoV-2";2022;16;"2022-04-17";0
"Noroeste";"SARS-CoV-2";2022;17;"2022-04-24";0
"Noroeste";"SARS-CoV-2";2022;18;"2022-05-01";0
"Noroeste";"SARS-CoV-2";2022;19;"2022-05-08";2
"Noroeste";"SARS-CoV-2";2022;20;"2022-05-15";2
"Noroeste";"SARS-CoV-2";2022;21;"2022-05-22";1
"Noroeste";"SARS-CoV-2";2022;22;"2022-05-29";3
"Noroeste";"SARS-CoV-2";2022;23;"2022-06-05";3
"Noroeste";"SARS-CoV-2";2022;24;"2022-06-12";9
"Noroeste";"SARS-CoV-2";2022;25;"2022-06-19";11
"Noroeste";"SARS-CoV-2";2022;26;"2022-06-26";8
"Noroeste";"SARS-CoV-2";2022;27;"2022-07-03";7
"Noroeste";"SARS-CoV-2";2022;28;"2022-07-10";5
"Noroeste";"SARS-CoV-2";2022;29;"2022-07-17";5
"Noroeste";"SARS-CoV-2";2022;30;"2022-07-24";4
"Noroeste";"SARS-CoV-2";2022;31;"2022-07-31";0
"Noroeste";"SARS-CoV-2";2022;32;"2022-08-07";0
"Noroeste";"SARS-CoV-2";2022;33;"2022-08-14";0
"Noroeste";"SARS-CoV-2";2022;34;"2022-08-21";0
"Noroeste";"SARS-CoV-2";2022;35;"2022-08-28";0
"Noroeste";"SARS-CoV-2";2022;36;"2022-09-04";0
"Noroeste";"SARS-CoV-2";2022;37;"2022-09-11";0
"Noroeste";"SARS-CoV-2";2022;38;"2022-09-18";0
"Noroeste";"SARS-CoV-2";2022;39;"2022-09-25";0
"Noroeste";"SARS-CoV-2";2022;40;"2022-10-02";0
"Noroeste";"SARS-CoV-2";2022;41;"2022-10-09";0
"Noroeste";"SARS-CoV-2";2022;42;"2022-10-16";0
"Noroeste";"SARS-CoV-2";2022;43;"2022-10-23";0
"Noroeste";"SARS-CoV-2";2022;44;"2022-10-30";0
"Noroeste";"SARS-CoV-2";2022;45;"2022-11-06";0
"Noroeste";"SARS-CoV-2";2022;46;"2022-11-13";2
"Noroeste";"SARS-CoV-2";2022;47;"2022-11-20";3
"Noroeste";"SARS-CoV-2";2022;48;"2022-11-27";7
"Noroeste";"SARS-CoV-2";2022;49;"2022-12-04";6
"Noroeste";"SARS-CoV-2";2022;50;"2022-12-11";0
"Noroeste";"SARS-CoV-2";2022;51;"2022-12-18";2
"Noroeste";"SARS-CoV-2";2022;52;"2022-12-25";3
"Noroeste";"SARS-CoV-2";2023;1;"2023-01-01";2
"Noroeste";"SARS-CoV-2";2023;2;"2023-01-08";0
"Noroeste";"SARS-CoV-2";2023;3;"2023-01-15";0
"Noroeste";"SARS-CoV-2";2023;4;"2023-01-22";1
"Noroeste";"SARS-CoV-2";2023;5;"2023-01-29";2
"Noroeste";"SARS-CoV-2";2023;6;"2023-02-05";0
"Noroeste";"SARS-CoV-2";2023;7;"2023-02-12";1
"Noroeste";"SARS-CoV-2";2023;8;"2023-02-19";0
"Noroeste";"SARS-CoV-2";2023;9;"2023-02-26";3
"Noroeste";"SARS-CoV-2";2023;10;"2023-03-05";1
"Noroeste";"SARS-CoV-2";2023;11;"2023-03-12";2
"Noroeste";"SARS-CoV-2";2023;12;"2023-03-19";2
"Noroeste";"SARS-CoV-2";2023;13;"2023-03-26";0
"Noroeste";"SARS-CoV-2";2023;14;"2023-04-02";1
"Noroeste";"SARS-CoV-2";2023;15;"2023-04-09";3
"Noroeste";"SARS-CoV-2";2023;16;"2023-04-16";0
"Noroeste";"SARS-CoV-2";2023;17;"2023-04-23";2
"Noroeste";"SARS-CoV-2";2023;18;"2023-04-30";1
"Noroeste";"SARS-CoV-2";2023;19;"2023-05-07";1
"Noroeste";"SARS-CoV-2";2023;20;"2023-05-14";0
"Noroeste";"SARS-CoV-2";2023;21;"2023-05-21";0
"Noroeste";"SARS-CoV-2";2023;22;"2023-05-28";0
"Noroeste";"SARS-CoV-2";2023;23;"2023-06-04";0
"Noroeste";"SARS-CoV-2";2023;24;"2023-06-11";0
"Noroeste";"SARS-CoV-2";2023;25;"2023-06-18";0
"Noroeste";"SARS-CoV-2";2023;26;"2023-06-25";0
"Noroeste";"SARS-CoV-2";2023;27;"2023-07-02";0
"Noroeste";"SARS-CoV-2";2023;28;"2023-07-09";0
"Noroeste";"SARS-CoV-2";2023;29;"2023-07-16";0
"Noroeste";"SARS-CoV-2";2023;30;"2023-07-23";1
"Noroeste";"SARS-CoV-2";2023;31;"2023-07-30";0
"Noroeste";"SARS-CoV-2";2023;32;"2023-08-06";0
"Noroeste";"SARS-CoV-2";2023;33;"2023-08-13";0
"Noroeste";"SARS-CoV-2";2023;34;"2023-08-20";0
"Noroeste";"SARS-CoV-2";2023;35;"2023-08-27";0
"Noroeste";"SARS-CoV-2";2023;36;"2023-09-03";1
"Noroeste";"SARS-CoV-2";2023;37;"2023-09-10";1
"Noroeste";"SARS-CoV-2";2023;38;"2023-09-17";1
"Noroeste";"SARS-CoV-2";2023;39;"2023-09-24";0
"Noroeste";"SARS-CoV-2";2023;40;"2023-10-01";2
"Noroeste";"SARS-CoV-2";2023;41;"2023-10-08";2
"Noroeste";"SARS-CoV-2";2023;42;"2023-10-15";0
"Noroeste";"SARS-CoV-2";2023;43;"2023-10-22";4
"Noroeste";"SARS-CoV-2";2023;44;"2023-10-29";3
"Noroeste";"SARS-CoV-2";2023;45;"2023-11-05";7
"Noroeste";"SARS-CoV-2";2023;46;"2023-11-12";0
"Noroeste";"SARS-CoV-2";2023;47;"2023-11-19";1
"Noroeste";"SARS-CoV-2";2023;48;"2023-11-26";0
"Noroeste";"SARS-CoV-2";2023;49;"2023-12-03";1
"Noroeste";"SARS-CoV-2";2023;50;"2023-12-10";0
"Noroeste";"SARS-CoV-2";2023;51;"2023-12-17";0
"Noroeste";"SARS-CoV-2";2023;52;"2023-12-24";0
"Noroeste";"SARS-CoV-2";2024;1;"2023-12-31";1
"Noroeste";"SARS-CoV-2";2024;2;"2024-01-07";0
"Noroeste";"SARS-CoV-2";2024;3;"2024-01-14";0
"Noroeste";"SARS-CoV-2";2024;4;"2024-01-21";0
"Noroeste";"SARS-CoV-2";2024;5;"2024-01-28";0
"Noroeste";"SARS-CoV-2";2024;6;"2024-02-04";1
"Noroeste";"SARS-CoV-2";2024;7;"2024-02-11";0
"Noroeste";"SARS-CoV-2";2024;8;"2024-02-18";2
"Noroeste";"SARS-CoV-2";2024;9;"2024-02-25";3
"Noroeste";"SARS-CoV-2";2024;10;"2024-03-03";3
"Noroeste";"SARS-CoV-2";2024;11;"2024-03-10";2
"Noroeste";"SARS-CoV-2";2024;12;"2024-03-17";4
"Noroeste";"SARS-CoV-2";2024;13;"2024-03-24";2
"Noroeste";"SARS-CoV-2";2024;14;"2024-03-31";0
"Noroeste";"SARS-CoV-2";2024;15;"2024-04-07";0
"Noroeste";"SARS-CoV-2";2024;16;"2024-04-14";0
"Noroeste";"SARS-CoV-2";2024;17;"2024-04-21";0
"Noroeste";"SARS-CoV-2";2024;18;"2024-04-28";0
"Noroeste";"SARS-CoV-2";2024;19;"2024-05-05";0
"Noroeste";"SARS-CoV-2";2024;20;"2024-05-12";0
"Noroeste";"SARS-CoV-2";2024;21;"2024-05-19";0
"Noroeste";"SARS-CoV-2";2024;22;"2024-05-26";0
"Noroeste";"SARS-CoV-2";2024;23;"2024-06-02";0
"Noroeste";"SARS-CoV-2";2024;24;"2024-06-09";0
"Noroeste";"SARS-CoV-2";2024;25;"2024-06-16";0
"Noroeste";"SARS-CoV-2";2024;26;"2024-06-23";0
"Noroeste";"SARS-CoV-2";2024;27;"2024-06-30";0
"Noroeste";"SARS-CoV-2";2024;28;"2024-07-07";0
"Noroeste";"SARS-CoV-2";2024;29;"2024-07-14";0
"Noroeste";"SARS-CoV-2";2024;30;"2024-07-21";0
"Noroeste";"SARS-CoV-2";2024;31;"2024-07-28";0
"Noroeste";"SARS-CoV-2";2024;32;"2024-08-04";0
"Noroeste";"SARS-CoV-2";2024;33;"2024-08-11";0
"Noroeste";"SARS-CoV-2";2024;34;"2024-08-18";1
"Noroeste";"SARS-CoV-2";2024;35;"2024-08-25";0
"Noroeste";"SARS-CoV-2";2024;36;"2024-09-01";0
"Noroeste";"SARS-CoV-2";2024;37;"2024-09-08";0
"Noroeste";"SARS-CoV-2";2024;38;"2024-09-15";0
"Noroeste";"SARS-CoV-2";2024;39;"2024-09-22";0
"Noroeste";"SARS-CoV-2";2024;40;"2024-09-29";0
"Noroeste";"SARS-CoV-2";2024;41;"2024-10-06";1
"Noroeste";"SARS-CoV-2";2024;42;"2024-10-13";1
"Noroeste";"SARS-CoV-2";2024;43;"2024-10-20";2
"Noroeste";"SARS-CoV-2";2024;44;"2024-10-27";0
"Noroeste";"SARS-CoV-2";2024;45;"2024-11-03";0
"Noroeste";"SARS-CoV-2";2024;46;"2024-11-10";0
"Noroeste";"SARS-CoV-2";2024;47;"2024-11-17";0
"Noroeste";"SARS-CoV-2";2024;48;"2024-11-24";1
"Noroeste";"SARS-CoV-2";2024;49;"2024-12-01";1
"Noroeste";"SARS-CoV-2";2024;50;"2024-12-08";1
"Noroeste";"SARS-CoV-2";2024;51;"2024-12-15";0
"Noroeste";"SARS-CoV-2";2024;52;"2024-12-22";4
"Noroeste";"SARS-CoV-2";2025;1;"2024-12-29";0
"Noroeste";"SARS-CoV-2";2025;2;"2025-01-05";1
"Noroeste";"SARS-CoV-2";2025;3;"2025-01-12";0
"Noroeste";"SARS-CoV-2";2025;4;"2025-01-19";0
"Noroeste";"SARS-CoV-2";2025;5;"2025-01-26";0
"Noroeste";"SARS-CoV-2";2025;6;"2025-02-02";0
"Noroeste";"SARS-CoV-2";2025;7;"2025-02-09";1
"Noroeste";"SARS-CoV-2";2025;8;"2025-02-16";0
"Noroeste";"SARS-CoV-2";2025;9;"2025-02-23";0
"Noroeste";"SARS-CoV-2";2025;10;"2025-03-02";0
"Noroeste";"SARS-CoV-2";2025;11;"2025-03-09";1
"Noroeste";"SARS-CoV-2";2025;12;"2025-03-16";0
"Noroeste";"SARS-CoV-2";2025;13;"2025-03-23";0
"Noroeste";"SARS-CoV-2";2025;14;"2025-03-30";0
"Noroeste";"SARS-CoV-2";2025;15;"2025-04-06";0
"Noroeste";"SARS-CoV-2";2025;16;"2025-04-13";0
"Noroeste";"SARS-CoV-2";2025;17;"2025-04-20";0
"Noroeste";"SARS-CoV-2";2025;18;"2025-04-27";0
"Noroeste";"SARS-CoV-2";2025;19;"2025-05-04";1
"Noroeste";"SARS-CoV-2";2025;20;"2025-05-11";0
"Noroeste";"SARS-CoV-2";2025;21;"2025-05-18";0
"Noroeste";"SARS-CoV-2";2025;22;"2025-05-25";0
"Noroeste";"SARS-CoV-2";2025;23;"2025-06-01";0
"Noroeste";"SARS-CoV-2";2025;24;"2025-06-08";0
"Noroeste";"SARS-CoV-2";2025;25;"2025-06-15";1
"Noroeste";"SARS-CoV-2";2025;26;"2025-06-22";0
"Noroeste";"SARS-CoV-2";2025;27;"2025-06-29";0
"Noroeste";"SARS-CoV-2";2025;28;"2025-07-06";0
"Noroeste";"SARS-CoV-2";2025;29;"2025-07-13";0
"Noroeste";"SARS-CoV-2";2025;30;"2025-07-20";0
"Noroeste";"SARS-CoV-2";2025;31;"2025-07-27";0
"Noroeste";"SARS-CoV-2";2025;32;"2025-08-03";0
"Noroeste";"SARS-CoV-2";2025;33;"2025-08-10";1
"Noroeste";"SARS-CoV-2";2025;34;"2025-08-17";0
"Noroeste";"SARS-CoV-2";2025;35;"2025-08-24";0
"Noroeste";"SARS-CoV-2";2025;36;"2025-08-31";0
"Noroeste";"SARS-CoV-2";2025;37;"2025-09-07";0
"Noroeste";"SARS-CoV-2";2025;38;"2025-09-14";1
"Noroeste";"SARS-CoV-2";2025;39;"2025-09-21";0
"Noroeste";"SARS-CoV-2";2025;40;"2025-09-28";0
"Noroeste";"SARS-CoV-2";2025;41;"2025-10-05";2
"Noroeste";"SARS-CoV-2";2025;42;"2025-10-12";0
"Noroeste";"SARS-CoV-2";2025;43;"2025-10-19";0
"Noroeste";"SARS-CoV-2";2025;44;"2025-10-26";0
"Noroeste";"SARS-CoV-2";2025;45;"2025-11-02";0
"Noroeste";"SARS-CoV-2";2025;46;"2025-11-09";0
"Noroeste";"SARS-CoV-2";2025;47;"2025-11-16";1
"Noroeste";"SARS-CoV-2";2025;48;"2025-11-23";0
"Noroeste";"SARS-CoV-2";2025;49;"2025-11-30";0
"Noroeste";"SARS-CoV-2";2025;50;"2025-12-07";0
"Noroeste";"SARS-CoV-2";2025;51;"2025-12-14";0
"Noroeste";"SARS-CoV-2";2025;52;"2025-12-21";0
"Noroeste";"SARS-CoV-2";2025;53;"2025-12-28";0
"Noroeste";"Influenza";2022;1;"2022-01-02";0
"Noroeste";"Influenza";2022;2;"2022-01-09";0
"Noroeste";"Influenza";2022;3;"2022-01-16";0
"Noroeste";"Influenza";2022;4;"2022-01-23";0
"Noroeste";"Influenza";2022;5;"2022-01-30";0
"Noroeste";"Influenza";2022;6;"2022-02-06";0
"Noroeste";"Influenza";2022;7;"2022-02-13";0
"Noroeste";"Influenza";2022;8;"2022-02-20";0
"Noroeste";"Influenza";2022;9;"2022-02-27";0
"Noroeste";"Influenza";2022;10;"2022-03-06";0
"Noroeste";"Influenza";2022;11;"2022-03-13";0
"Noroeste";"Influenza";2022;12;"2022-03-20";0
"Noroeste";"Influenza";2022;13;"2022-03-27";0
"Noroeste";"Influenza";2022;14;"2022-04-03";0
"Noroeste";"Influenza";2022;15;"2022-04-10";0
"Noroeste";"Influenza";2022;16;"2022-04-17";0
"Noroeste";"Influenza";2022;17;"2022-04-24";0
"Noroeste";"Influenza";2022;18;"2022-05-01";0
"Noroeste";"Influenza";2022;19;"2022-05-08";0
"Noroeste";"Influenza";2022;20;"2022-05-15";0
"Noroeste";"Influenza";2022;21;"2022-05-22";0
"Noroeste";"Influenza";2022;22;"2022-05-29";0
"Noroeste";"Influenza";2022;23;"2022-06-05";0
"Noroeste";"Influenza";2022;24;"2022-06-12";0
"Noroeste";"Influenza";2022;25;"2022-06-19";0
"Noroeste";"Influenza";2022;26;"2022-06-26";0
"Noroeste";"Influenza";2022;27;"2022-07-03";0
"Noroeste";"Influenza";2022;28;"2022-07-10";0
"Noroeste";"Influenza";2022;29;"2022-07-17";0
"Noroeste";"Influenza";2022;30;"2022-07-24";0
"Noroeste";"Influenza";2022;31;"2022-07-31";0
"Noroeste";"Influenza";2022;32;"2022-08-07";0
"Noroeste";"Influenza";2022;33;"2022-08-14";0
"Noroeste";"Influenza";2022;34;"2022-08-21";0
"Noroeste";"Influenza";2022;35;"2022-08-28";0
"Noroeste";"Influenza";2022;36;"2022-09-04";0
"Noroeste";"Influenza";2022;37;"2022-09-11";0
"Noroeste";"Influenza";2022;38;"2022-09-18";0
"Noroeste";"Influenza";2022;39;"2022-09-25";0
"Noroeste";"Influenza";2022;40;"2022-10-02";0
"Noroeste";"Influenza";2022;41;"2022-10-09";0
"Noroeste";"Influenza";2022;42;"2022-10-16";0
"Noroeste";"Influenza";2022;43;"2022-10-23";0
"Noroeste";"Influenza";2022;44;"2022-10-30";0
"Noroeste";"Influenza";2022;45;"2022-11-06";1
"Noroeste";"Influenza";2022;46;"2022-11-13";0
"Noroeste";"Influenza";2022;47;"2022-11-20";0
"Noroeste";"Influenza";2022;48;"2022-11-27";0
"Noroeste";"Influenza";2022;49;"2022-12-04";0
"Noroeste";"Influenza";2022;50;"2022-12-11";0
"Noroeste";"Influenza";2022;51;"2022-12-18";0
"Noroeste";"Influenza";2022;52;"2022-12-25";0
"Noroeste";"Influenza";2023;1;"2023-01-01";0
"Noroeste";"Influenza";2023;2;"2023-01-08";0
"Noroeste";"Influenza";2023;3;"2023-01-15";0
"Noroeste";"Influenza";2023;4;"2023-01-22";0
"Noroeste";"Influenza";2023;5;"2023-01-29";0
"Noroeste";"Influenza";2023;6;"2023-02-05";0
"Noroeste";"Influenza";2023;7;"2023-02-12";0
"Noroeste";"Influenza";2023;8;"2023-02-19";0
"Noroeste";"Influenza";2023;9;"2023-02-26";0
"Noroeste";"Influenza";2023;10;"2023-03-05";0
"Noroeste";"Influenza";2023;11;"2023-03-12";0
"Noroeste";"Influenza";2023;12;"2023-03-19";0
"Noroeste";"Influenza";2023;13;"2023-03-26";0
"Noroeste";"Influenza";2023;14;"2023-04-02";0
"Noroeste";"Influenza";2023;15;"2023-04-09";0
"Noroeste";"Influenza";2023;16;"2023-04-16";0
"Noroeste";"Influenza";2023;17;"2023-04-23";0
"Noroeste";"Influenza";2023;18;"2023-04-30";0
"Noroeste";"Influenza";2023;19;"2023-05-07";3
"Noroeste";"Influenza";2023;20;"2023-05-14";1
"Noroeste";"Influenza";2023;21;"2023-05-21";0
"Noroeste";"Influenza";2023;22;"2023-05-28";0
"Noroeste";"Influenza";2023;23;"2023-06-04";0
"Noroeste";"Influenza";2023;24;"2023-06-11";0
"Noroeste";"Influenza";2023;25;"2023-06-18";0
"Noroeste";"Influenza";2023;26;"2023-06-25";0
"Noroeste";"Influenza";2023;27;"2023-07-02";0
"Noroeste";"Influenza";2023;28;"2023-07-09";2
"Noroeste";"Influenza";2023;29;"2023-07-16";0
"Noroeste";"Influenza";2023;30;"2023-07-23";0
"Noroeste";"Influenza";2023;31;"2023-07-30";0
"Noroeste";"Influenza";2023;32;"2023-08-06";0
"Noroeste";"Influenza";2023;33;"2023-08-13";0
"Noroeste";"Influenza";2023;34;"2023-08-20";0
"Noroeste";"Influenza";2023;35;"2023-08-27";0
"Noroeste";"Influenza";2023;36;"2023-09-03";0
"Noroeste";"Influenza";2023;37;"2023-09-10";0
"Noroeste";"Influenza";2023;38;"2023-09-17";0
"Noroeste";"Influenza";2023;39;"2023-09-24";0
"Noroeste";"Influenza";2023;40;"2023-10-01";0
"Noroeste";"Influenza";2023;41;"2023-10-08";0
"Noroeste";"Influenza";2023;42;"2023-10-15";0
"Noroeste";"Influenza";2023;43;"2023-10-22";0
"Noroeste";"Influenza";2023;44;"2023-10-29";0
"Noroeste";"Influenza";2023;45;"2023-11-05";0
"Noroeste";"Influenza";2023;46;"2023-11-12";0
"Noroeste";"Influenza";2023;47;"2023-11-19";0
"Noroeste";"Influenza";2023;48;"2023-11-26";0
"Noroeste";"Influenza";2023;49;"2023-12-03";0
"Noroeste";"Influenza";2023;50;"2023-12-10";0
"Noroeste";"Influenza";2023;51;"2023-12-17";1
"Noroeste";"Influenza";2023;52;"2023-12-24";0
"Noroeste";"Influenza";2024;1;"2023-12-31";0
"Noroeste";"Influenza";2024;2;"2024-01-07";0
"Noroeste";"Influenza";2024;3;"2024-01-14";0
"Noroeste";"Influenza";2024;4;"2024-01-21";0
"Noroeste";"Influenza";2024;5;"2024-01-28";0
"Noroeste";"Influenza";2024;6;"2024-02-04";0
"Noroeste";"Influenza";2024;7;"2024-02-11";0
"Noroeste";"Influenza";2024;8;"2024-02-18";0
"Noroeste";"Influenza";2024;9;"2024-02-25";0
"Noroeste";"Influenza";2024;10;"2024-03-03";0
"Noroeste";"Influenza";2024;11;"2024-03-10";1
"Noroeste";"Influenza";2024;12;"2024-03-17";2
"Noroeste";"Influenza";2024;13;"2024-03-24";0
"Noroeste";"Influenza";2024;14;"2024-03-31";1
"Noroeste";"Influenza";2024;15;"2024-04-07";2
"Noroeste";"Influenza";2024;16;"2024-04-14";6
"Noroeste";"Influenza";2024;17;"2024-04-21";5
"Noroeste";"Influenza";2024;18;"2024-04-28";3
"Noroeste";"Influenza";2024;19;"2024-05-05";2
"Noroeste";"Influenza";2024;20;"2024-05-12";9
"Noroeste";"Influenza";2024;21;"2024-05-19";3
"Noroeste";"Influenza";2024;22;"2024-05-26";6
"Noroeste";"Influenza";2024;23;"2024-06-02";4
"Noroeste";"Influenza";2024;24;"2024-06-09";2
"Noroeste";"Influenza";2024;25;"2024-06-16";1
"Noroeste";"Influenza";2024;26;"2024-06-23";3
"Noroeste";"Influenza";2024;27;"2024-06-30";0
"Noroeste";"Influenza";2024;28;"2024-07-07";1
"Noroeste";"Influenza";2024;29;"2024-07-14";1
"Noroeste";"Influenza";2024;30;"2024-07-21";0
"Noroeste";"Influenza";2024;31;"2024-07-28";0
"Noroeste";"Influenza";2024;32;"2024-08-04";0
"Noroeste";"Influenza";2024;33;"2024-08-11";0
"Noroeste";"Influenza";2024;34;"2024-08-18";0
"Noroeste";"Influenza";2024;35;"2024-08-25";0
"Noroeste";"Influenza";2024;36;"2024-09-01";0
"Noroeste";"Influenza";2024;37;"2024-09-08";2
"Noroeste";"Influenza";2024;38;"2024-09-15";1
"Noroeste";"Influenza";2024;39;"2024-09-22";1
"Noroeste";"Influenza";2024;40;"2024-09-29";1
"Noroeste";"Influenza";2024;41;"2024-10-06";0
"Noroeste";"Influenza";2024;42;"2024-10-13";2
"Noroeste";"Influenza";2024;43;"2024-10-20";1
"Noroeste";"Influenza";2024;44;"2024-10-27";0
"Noroeste";"Influenza";2024;45;"2024-11-03";4
"Noroeste";"Influenza";2024;46;"2024-11-10";5
"Noroeste";"Influenza";2024;47;"2024-11-17";1
"Noroeste";"Influenza";2024;48;"2024-11-24";1
"Noroeste";"Influenza";2024;49;"2024-12-01";0
"Noroeste";"Influenza";2024;50;"2024-12-08";0
"Noroeste";"Influenza";2024;51;"2024-12-15";0
"Noroeste";"Influenza";2024;52;"2024-12-22";0
"Noroeste";"Influenza";2025;1;"2024-12-29";1
"Noroeste";"Influenza";2025;2;"2025-01-05";0
"Noroeste";"Influenza";2025;3;"2025-01-12";0
"Noroeste";"Influenza";2025;4;"2025-01-19";0
"Noroeste";"Influenza";2025;5;"2025-01-26";0
"Noroeste";"Influenza";2025;6;"2025-02-02";0
"Noroeste";"Influenza";2025;7;"2025-02-09";0
"Noroeste";"Influenza";2025;8;"2025-02-16";0
"Noroeste";"Influenza";2025;9;"2025-02-23";0
"Noroeste";"Influenza";2025;10;"2025-03-02";0
"Noroeste";"Influenza";2025;11;"2025-03-09";0
"Noroeste";"Influenza";2025;12;"2025-03-16";0
"Noroeste";"Influenza";2025;13;"2025-03-23";1
"Noroeste";"Influenza";2025;14;"2025-03-30";1
"Noroeste";"Influenza";2025;15;"2025-04-06";0
"Noroeste";"Influenza";2025;16;"2025-04-13";2
"Noroeste";"Influenza";2025;17;"2025-04-20";1
"Noroeste";"Influenza";2025;18;"2025-04-27";5
"Noroeste";"Influenza";2025;19;"2025-05-04";11
"Noroeste";"Influenza";2025;20;"2025-05-11";7
"Noroeste";"Influenza";2025;21;"2025-05-18";15
"Noroeste";"Influenza";2025;22;"2025-05-25";2
"Noroeste";"Influenza";2025;23;"2025-06-01";7
"Noroeste";"Influenza";2025;24;"2025-06-08";8
"Noroeste";"Influenza";2025;25;"2025-06-15";7
"Noroeste";"Influenza";2025;26;"2025-06-22";3
"Noroeste";"Influenza";2025;27;"2025-06-29";4
"Noroeste";"Influenza";2025;28;"2025-07-06";2
"Noroeste";"Influenza";2025;29;"2025-07-13";0
"Noroeste";"Influenza";2025;30;"2025-07-20";1
"Noroeste";"Influenza";2025;31;"2025-07-27";1
"Noroeste";"Influenza";2025;32;"2025-08-03";0
"Noroeste";"Influenza";2025;33;"2025-08-10";0
"Noroeste";"Influenza";2025;34;"2025-08-17";1
"Noroeste";"Influenza";2025;35;"2025-08-24";0
"Noroeste";"Influenza";2025;36;"2025-08-31";0
"Noroeste";"Influenza";2025;37;"2025-09-07";1
"Noroeste";"Influenza";2025;38;"2025-09-14";0
"Noroeste";"Influenza";2025;39;"2025-09-21";0
"Noroeste";"Influenza";2025;40;"2025-09-28";0
"Noroeste";"Influenza";2025;41;"2025-10-05";0
"Noroeste";"Influenza";2025;42;"2025-10-12";0
"Noroeste";"Influenza";2025;43;"2025-10-19";0
"Noroeste";"Influenza";2025;44;"2025-10-26";0
"Noroeste";"Influenza";2025;45;"2025-11-02";0
"Noroeste";"Influenza";2025;46;"2025-11-09";1
"Noroeste";"Influenza";2025;47;"2025-11-16";0
"Noroeste";"Influenza";2025;48;"2025-11-23";1
"Noroeste";"Influenza";2025;49;"2025-11-30";0
"Noroeste";"Influenza";2025;50;"2025-12-07";0
"Noroeste";"Influenza";2025;51;"2025-12-14";0
"Noroeste";"Influenza";2025;52;"2025-12-21";0
"Noroeste";"Influenza";2025;53;"2025-12-28";0
"Noroeste";"VSR";2022;1;"2022-01-02";0
"Noroeste";"VSR";2022;2;"2022-01-09";0
"Noroeste";"VSR";2022;3;"2022-01-16";0
"Noroeste";"VSR";2022;4;"2022-01-23";0
"Noroeste";"VSR";2022;5;"2022-01-30";0
"Noroeste";"VSR";2022;6;"2022-02-06";0
"Noroeste";"VSR";2022;7;"2022-02-13";0
"Noroeste";"VSR";2022;8;"2022-02-20";0
"Noroeste";"VSR";2022;9;"2022-02-27";0
"Noroeste";"VSR";2022;10;"2022-03-06";0
"Noroeste";"VSR";2022;11;"2022-03-13";0
"Noroeste";"VSR";2022;12;"2022-03-20";1
"Noroeste";"VSR";2022;13;"2022-03-27";0
"Noroeste";"VSR";2022;14;"2022-04-03";0
"Noroeste";"VSR";2022;15;"2022-04-10";0
"Noroeste";"VSR";2022;16;"2022-04-17";0
"Noroeste";"VSR";2022;17;"2022-04-24";0
"Noroeste";"VSR";2022;18;"2022-05-01";0
"Noroeste";"VSR";2022;19;"2022-05-08";0
"Noroeste";"VSR";2022;20;"2022-05-15";0
"Noroeste";"VSR";2022;21;"2022-05-22";0
"Noroeste";"VSR";2022;22;"2022-05-29";0
"Noroeste";"VSR";2022;23;"2022-06-05";0
"Noroeste";"VSR";2022;24;"2022-06-12";0
"Noroeste";"VSR";2022;25;"2022-06-19";0
"Noroeste";"VSR";2022;26;"2022-06-26";0
"Noroeste";"VSR";2022;27;"2022-07-03";0
"Noroeste";"VSR";2022;28;"2022-07-10";0
"Noroeste";"VSR";2022;29;"2022-07-17";0
"Noroeste";"VSR";2022;30;"2022-07-24";0
"Noroeste";"VSR";2022;31;"2022-07-31";0
"Noroeste";"VSR";2022;32;"2022-08-07";0
"Noroeste";"VSR";2022;33;"2022-08-14";0
"Noroeste";"VSR";2022;34;"2022-08-21";0
"Noroeste";"VSR";2022;35;"2022-08-28";0
"Noroeste";"VSR";2022;36;"2022-09-04";0
"Noroeste";"VSR";2022;37;"2022-09-11";0
"Noroeste";"VSR";2022;38;"2022-09-18";0
"Noroeste";"VSR";2022;39;"2022-09-25";0
"Noroeste";"VSR";2022;40;"2022-10-02";0
"Noroeste";"VSR";2022;41;"2022-10-09";0
"Noroeste";"VSR";2022;42;"2022-10-16";0
"Noroeste";"VSR";2022;43;"2022-10-23";0
"Noroeste";"VSR";2022;44;"2022-10-30";0
"Noroeste";"VSR";2022;45;"2022-11-06";0
"Noroeste";"VSR";2022;46;"2022-11-13";0
"Noroeste";"VSR";2022;47;"2022-11-20";0
"Noroeste";"VSR";2022;48;"2022-11-27";0
"Noroeste";"VSR";2022;49;"2022-12-04";0
"Noroeste";"VSR";2022;50;"2022-12-11";0
"Noroeste";"VSR";2022;51;"2022-12-18";0
"Noroeste";"VSR";2022;52;"2022-12-25";0
"Noroeste";"VSR";2023;1;"2023-01-01";0
"Noroeste";"VSR";2023;2;"2023-01-08";0
"Noroeste";"VSR";2023;3;"2023-01-15";0
"Noroeste";"VSR";2023;4;"2023-01-22";0
"Noroeste";"VSR";2023;5;"2023-01-29";0
"Noroeste";"VSR";2023;6;"2023-02-05";0
"Noroeste";"VSR";2023;7;"2023-02-12";0
"Noroeste";"VSR";2023;8;"2023-02-19";0
"Noroeste";"VSR";2023;9;"2023-02-26";0
"Noroeste";"VSR";2023;10;"2023-03-05";0
"Noroeste";"VSR";2023;11;"2023-03-12";0
"Noroeste";"VSR";2023;12;"2023-03-19";0
"Noroeste";"VSR";2023;13;"2023-03-26";0
"Noroeste";"VSR";2023;14;"2023-04-02";0
"Noroeste";"VSR";2023;15;"2023-04-09";0
"Noroeste";"VSR";2023;16;"2023-04-16";0
"Noroeste";"VSR";2023;17;"2023-04-23";0
"Noroeste";"VSR";2023;18;"2023-04-30";0
"Noroeste";"VSR";2023;19;"2023-05-07";0
"Noroeste";"VSR";2023;20;"2023-05-14";0
"Noroeste";"VSR";2023;21;"2023-05-21";0
"Noroeste";"VSR";2023;22;"2023-05-28";0
"Noroeste";"VSR";2023;23;"2023-06-04";0
"Noroeste";"VSR";2023;24;"2023-06-11";0
"Noroeste";"VSR";2023;25;"2023-06-18";0
"Noroeste";"VSR";2023;26;"2023-06-25";0
"Noroeste";"VSR";2023;27;"2023-07-02";0
"Noroeste";"VSR";2023;28;"2023-07-09";0
"Noroeste";"VSR";2023;29;"2023-07-16";0
"Noroeste";"VSR";2023;30;"2023-07-23";0
"Noroeste";"VSR";2023;31;"2023-07-30";0
"Noroeste";"VSR";2023;32;"2023-08-06";0
"Noroeste";"VSR";2023;33;"2023-08-13";0
"Noroeste";"VSR";2023;34;"2023-08-20";0
"Noroeste";"VSR";2023;35;"2023-08-27";1
"Noroeste";"VSR";2023;36;"2023-09-03";0
"Noroeste";"VSR";2023;37;"2023-09-10";0
"Noroeste";"VSR";2023;38;"2023-09-17";0
"Noroeste";"VSR";2023;39;"2023-09-24";0
"Noroeste";"VSR";2023;40;"2023-10-01";0
"Noroeste";"VSR";2023;41;"2023-10-08";0
"Noroeste";"VSR";2023;42;"2023-10-15";0
"Noroeste";"VSR";2023;43;"2023-10-22";0
"Noroeste";"VSR";2023;44;"2023-10-29";0
"Noroeste";"VSR";2023;45;"2023-11-05";0
"Noroeste";"VSR";2023;46;"2023-11-12";0
"Noroeste";"VSR";2023;47;"2023-11-19";0
"Noroeste";"VSR";2023;48;"2023-11-26";0
"Noroeste";"VSR";2023;49;"2023-12-03";0
"Noroeste";"VSR";2023;50;"2023-12-10";0
"Noroeste";"VSR";2023;51;"2023-12-17";0
"Noroeste";"VSR";2023;52;"2023-12-24";0
"Noroeste";"VSR";2024;1;"2023-12-31";0
"Noroeste";"VSR";2024;2;"2024-01-07";0
"Noroeste";"VSR";2024;3;"2024-01-14";0
"Noroeste";"VSR";2024;4;"2024-01-21";0
"Noroeste";"VSR";2024;5;"2024-01-28";0
"Noroeste";"VSR";2024;6;"2024-02-04";0
"Noroeste";"VSR";2024;7;"2024-02-11";0
"Noroeste";"VSR";2024;8;"2024-02-18";0
"Noroeste";"VSR";2024;9;"2024-02-25";0
"Noroeste";"VSR";2024;10;"2024-03-03";0
"Noroeste";"VSR";2024;11;"2024-03-10";0
"Noroeste";"VSR";2024;12;"2024-03-17";0
"Noroeste";"VSR";2024;13;"2024-03-24";0
"Noroeste";"VSR";2024;14;"2024-03-31";0
"Noroeste";"VSR";2024;15;"2024-04-07";0
"Noroeste";"VSR";2024;16;"2024-04-14";0
"Noroeste";"VSR";2024;17;"2024-04-21";0
"Noroeste";"VSR";2024;18;"2024-04-28";0
"Noroeste";"VSR";2024;19;"2024-05-05";2
"Noroeste";"VSR";2024;20;"2024-05-12";0
"Noroeste";"VSR";2024;21;"2024-05-19";0
"Noroeste";"VSR";2024;22;"2024-05-26";2
"Noroeste";"VSR";2024;23;"2024-06-02";0
"Noroeste";"VSR";2024;24;"2024-06-09";1
"Noroeste";"VSR";2024;25;"2024-06-16";0
"Noroeste";"VSR";2024;26;"2024-06-23";1
"Noroeste";"VSR";2024;27;"2024-06-30";0
"Noroeste";"VSR";2024;28;"2024-07-07";0
"Noroeste";"VSR";2024;29;"2024-07-14";0
"Noroeste";"VSR";2024;30;"2024-07-21";0
"Noroeste";"VSR";2024;31;"2024-07-28";0
"Noroeste";"VSR";2024;32;"2024-08-04";0
"Noroeste";"VSR";2024;33;"2024-08-11";0
"Noroeste";"VSR";2024;34;"2024-08-18";0
"Noroeste";"VSR";2024;35;"2024-08-25";0
"Noroeste";"VSR";2024;36;"2024-09-01";0
"Noroeste";"VSR";2024;37;"2024-09-08";0
"Noroeste";"VSR";2024;38;"2024-09-15";0
"Noroeste";"VSR";2024;39;"2024-09-22";0
"Noroeste";"VSR";2024;40;"2024-09-29";0
"Noroeste";"VSR";2024;41;"2024-10-06";0
"Noroeste";"VSR";2024;42;"2024-10-13";0
"Noroeste";"VSR";2024;43;"2024-10-20";0
"Noroeste";"VSR";2024;44;"2024-10-27";0
"Noroeste";"VSR";2024;45;"2024-11-03";0
"Noroeste";"VSR";2024;46;"2024-11-10";0
"Noroeste";"VSR";2024;47;"2024-11-17";0
"Noroeste";"VSR";2024;48;"2024-11-24";0
"Noroeste";"VSR";2024;49;"2024-12-01";0
"Noroeste";"VSR";2024;50;"2024-12-08";0
"Noroeste";"VSR";2024;51;"2024-12-15";0
"Noroeste";"VSR";2024;52;"2024-12-22";0
"Noroeste";"VSR";2025;1;"2024-12-29";0
"Noroeste";"VSR";2025;2;"2025-01-05";0
"Noroeste";"VSR";2025;3;"2025-01-12";0
"Noroeste";"VSR";2025;4;"2025-01-19";0
"Noroeste";"VSR";2025;5;"2025-01-26";0
"Noroeste";"VSR";2025;6;"2025-02-02";0
"Noroeste";"VSR";2025;7;"2025-02-09";0
"Noroeste";"VSR";2025;8;"2025-02-16";0
"Noroeste";"VSR";2025;9;"2025-02-23";0
"Noroeste";"VSR";2025;10;"2025-03-02";1
"Noroeste";"VSR";2025;11;"2025-03-09";0
"Noroeste";"VSR";2025;12;"2025-03-16";2
"Noroeste";"VSR";2025;13;"2025-03-23";1
"Noroeste";"VSR";2025;14;"2025-03-30";1
"Noroeste";"VSR";2025;15;"2025-04-06";2
"Noroeste";"VSR";2025;16;"2025-04-13";1
"Noroeste";"VSR";2025;17;"2025-04-20";0
"Noroeste";"VSR";2025;18;"2025-04-27";0
"Noroeste";"VSR";2025;19;"2025-05-04";4
"Noroeste";"VSR";2025;20;"2025-05-11";0
"Noroeste";"VSR";2025;21;"2025-05-18";1
"Noroeste";"VSR";2025;22;"2025-05-25";3
"Noroeste";"VSR";2025;23;"2025-06-01";4
"Noroeste";"VSR";2025;24;"2025-06-08";1
"Noroeste";"VSR";2025;25;"2025-06-15";4
"Noroeste";"VSR";2025;26;"2025-06-22";0
"Noroeste";"VSR";2025;27;"2025-06-29";1
"Noroeste";"VSR";2025;28;"2025-07-06";1
"Noroeste";"VSR";2025;29;"2025-07-13";0
"Noroeste";"VSR";2025;30;"2025-07-20";2
"Noroeste";"VSR";2025;31;"2025-07-27";0
"Noroeste";"VSR";2025;32;"2025-08-03";0
"Noroeste";"VSR";2025;33;"2025-08-10";0
"Noroeste";"VSR";2025;34;"2025-08-17";0
"Noroeste";"VSR";2025;35;"2025-08-24";0
"Noroeste";"VSR";2025;36;"2025-08-31";0
"Noroeste";"VSR";2025;37;"2025-09-07";0
"Noroeste";"VSR";2025;38;"2025-09-14";0
"Noroeste";"VSR";2025;39;"2025-09-21";0
"Noroeste";"VSR";2025;40;"2025-09-28";0
"Noroeste";"VSR";2025;41;"2025-10-05";0
"Noroeste";"VSR";2025;42;"2025-10-12";0
"Noroeste";"VSR";2025;43;"2025-10-19";0
"Noroeste";"VSR";2025;44;"2025-10-26";0
"Noroeste";"VSR";2025;45;"2025-11-02";0
"Noroeste";"VSR";2025;46;"2025-11-09";0
"Noroeste";"VSR";2025;47;"2025-11-16";0
"Noroeste";"VSR";2025;48;"2025-11-23";0
"Noroeste";"VSR";2025;49;"2025-11-30";0
"Noroeste";"VSR";2025;50;"2025-12-07";0
"Noroeste";"VSR";2025;51;"2025-12-14";0
"Noroeste";"VSR";2025;52;"2025-12-21";0
"Noroeste";"VSR";2025;53;"2025-12-28";0
"Norte";"SARS-CoV-2";2022;1;"2022-01-02";22
"Norte";"SARS-CoV-2";2022;2;"2022-01-09";55
"Norte";"SARS-CoV-2";2022;3;"2022-01-16";75
"Norte";"SARS-CoV-2";2022;4;"2022-01-23";97
"Norte";"SARS-CoV-2";2022;5;"2022-01-30";91
"Norte";"SARS-CoV-2";2022;6;"2022-02-06";32
"Norte";"SARS-CoV-2";2022;7;"2022-02-13";27
"Norte";"SARS-CoV-2";2022;8;"2022-02-20";8
"Norte";"SARS-CoV-2";2022;9;"2022-02-27";3
"Norte";"SARS-CoV-2";2022;10;"2022-03-06";8
"Norte";"SARS-CoV-2";2022;11;"2022-03-13";1
"Norte";"SARS-CoV-2";2022;12;"2022-03-20";2
"Norte";"SARS-CoV-2";2022;13;"2022-03-27";4
"Norte";"SARS-CoV-2";2022;14;"2022-04-03";3
"Norte";"SARS-CoV-2";2022;15;"2022-04-10";3
"Norte";"SARS-CoV-2";2022;16;"2022-04-17";0
"Norte";"SARS-CoV-2";2022;17;"2022-04-24";2
"Norte";"SARS-CoV-2";2022;18;"2022-05-01";6
"Norte";"SARS-CoV-2";2022;19;"2022-05-08";4
"Norte";"SARS-CoV-2";2022;20;"2022-05-15";7
"Norte";"SARS-CoV-2";2022;21;"2022-05-22";11
"Norte";"SARS-CoV-2";2022;22;"2022-05-29";17
"Norte";"SARS-CoV-2";2022;23;"2022-06-05";38
"Norte";"SARS-CoV-2";2022;24;"2022-06-12";26
"Norte";"SARS-CoV-2";2022;25;"2022-06-19";39
"Norte";"SARS-CoV-2";2022;26;"2022-06-26";56
"Norte";"SARS-CoV-2";2022;27;"2022-07-03";37
"Norte";"SARS-CoV-2";2022;28;"2022-07-10";24
"Norte";"SARS-CoV-2";2022;29;"2022-07-17";17
"Norte";"SARS-CoV-2";2022;30;"2022-07-24";10
"Norte";"SARS-CoV-2";2022;31;"2022-07-31";6
"Norte";"SARS-CoV-2";2022;32;"2022-08-07";4
"Norte";"SARS-CoV-2";2022;33;"2022-08-14";13
"Norte";"SARS-CoV-2";2022;34;"2022-08-21";11
"Norte";"SARS-CoV-2";2022;35;"2022-08-28";5
"Norte";"SARS-CoV-2";2022;36;"2022-09-04";5
"Norte";"SARS-CoV-2";2022;37;"2022-09-11";4
"Norte";"SARS-CoV-2";2022;38;"2022-09-18";2
"Norte";"SARS-CoV-2";2022;39;"2022-09-25";2
"Norte";"SARS-CoV-2";2022;40;"2022-10-02";1
"Norte";"SARS-CoV-2";2022;41;"2022-10-09";4
"Norte";"SARS-CoV-2";2022;42;"2022-10-16";3
"Norte";"SARS-CoV-2";2022;43;"2022-10-23";4
"Norte";"SARS-CoV-2";2022;44;"2022-10-30";0
"Norte";"SARS-CoV-2";2022;45;"2022-11-06";23
"Norte";"SARS-CoV-2";2022;46;"2022-11-13";34
"Norte";"SARS-CoV-2";2022;47;"2022-11-20";25
"Norte";"SARS-CoV-2";2022;48;"2022-11-27";22
"Norte";"SARS-CoV-2";2022;49;"2022-12-04";23
"Norte";"SARS-CoV-2";2022;50;"2022-12-11";19
"Norte";"SARS-CoV-2";2022;51;"2022-12-18";9
"Norte";"SARS-CoV-2";2022;52;"2022-12-25";5
"Norte";"SARS-CoV-2";2023;1;"2023-01-01";4
"Norte";"SARS-CoV-2";2023;2;"2023-01-08";2
"Norte";"SARS-CoV-2";2023;3;"2023-01-15";4
"Norte";"SARS-CoV-2";2023;4;"2023-01-22";0
"Norte";"SARS-CoV-2";2023;5;"2023-01-29";1
"Norte";"SARS-CoV-2";2023;6;"2023-02-05";4
"Norte";"SARS-CoV-2";2023;7;"2023-02-12";6
"Norte";"SARS-CoV-2";2023;8;"2023-02-19";12
"Norte";"SARS-CoV-2";2023;9;"2023-02-26";13
"Norte";"SARS-CoV-2";2023;10;"2023-03-05";16
"Norte";"SARS-CoV-2";2023;11;"2023-03-12";15
"Norte";"SARS-CoV-2";2023;12;"2023-03-19";16
"Norte";"SARS-CoV-2";2023;13;"2023-03-26";6
"Norte";"SARS-CoV-2";2023;14;"2023-04-02";9
"Norte";"SARS-CoV-2";2023;15;"2023-04-09";11
"Norte";"SARS-CoV-2";2023;16;"2023-04-16";7
"Norte";"SARS-CoV-2";2023;17;"2023-04-23";5
"Norte";"SARS-CoV-2";2023;18;"2023-04-30";3
"Norte";"SARS-CoV-2";2023;19;"2023-05-07";3
"Norte";"SARS-CoV-2";2023;20;"2023-05-14";6
"Norte";"SARS-CoV-2";2023;21;"2023-05-21";9
"Norte";"SARS-CoV-2";2023;22;"2023-05-28";2
"Norte";"SARS-CoV-2";2023;23;"2023-06-04";1
"Norte";"SARS-CoV-2";2023;24;"2023-06-11";1
"Norte";"SARS-CoV-2";2023;25;"2023-06-18";1
"Norte";"SARS-CoV-2";2023;26;"2023-06-25";2
"Norte";"SARS-CoV-2";2023;27;"2023-07-02";2
"Norte";"SARS-CoV-2";2023;28;"2023-07-09";2
"Norte";"SARS-CoV-2";2023;29;"2023-07-16";1
"Norte";"SARS-CoV-2";2023;30;"2023-07-23";1
"Norte";"SARS-CoV-2";2023;31;"2023-07-30";3
"Norte";"SARS-CoV-2";2023;32;"2023-08-06";1
"Norte";"SARS-CoV-2";2023;33;"2023-08-13";0
"Norte";"SARS-CoV-2";2023;34;"2023-08-20";3
"Norte";"SARS-CoV-2";2023;35;"2023-08-27";2
"Norte";"SARS-CoV-2";2023;36;"2023-09-03";3
"Norte";"SARS-CoV-2";2023;37;"2023-09-10";2
"Norte";"SARS-CoV-2";2023;38;"2023-09-17";6
"Norte";"SARS-CoV-2";2023;39;"2023-09-24";9
"Norte";"SARS-CoV-2";2023;40;"2023-10-01";7
"Norte";"SARS-CoV-2";2023;41;"2023-10-08";10
"Norte";"SARS-CoV-2";2023;42;"2023-10-15";24
"Norte";"SARS-CoV-2";2023;43;"2023-10-22";11
"Norte";"SARS-CoV-2";2023;44;"2023-10-29";8
"Norte";"SARS-CoV-2";2023;45;"2023-11-05";15
"Norte";"SARS-CoV-2";2023;46;"2023-11-12";12
"Norte";"SARS-CoV-2";2023;47;"2023-11-19";6
"Norte";"SARS-CoV-2";2023;48;"2023-11-26";4
"Norte";"SARS-CoV-2";2023;49;"2023-12-03";4
"Norte";"SARS-CoV-2";2023;50;"2023-12-10";6
"Norte";"SARS-CoV-2";2023;51;"2023-12-17";1
"Norte";"SARS-CoV-2";2023;52;"2023-12-24";3
"Norte";"SARS-CoV-2";2024;1;"2023-12-31";0
"Norte";"SARS-CoV-2";2024;2;"2024-01-07";2
"Norte";"SARS-CoV-2";2024;3;"2024-01-14";4
"Norte";"SARS-CoV-2";2024;4;"2024-01-21";5
"Norte";"SARS-CoV-2";2024;5;"2024-01-28";2
"Norte";"SARS-CoV-2";2024;6;"2024-02-04";7
"Norte";"SARS-CoV-2";2024;7;"2024-02-11";17
"Norte";"SARS-CoV-2";2024;8;"2024-02-18";15
"Norte";"SARS-CoV-2";2024;9;"2024-02-25";16
"Norte";"SARS-CoV-2";2024;10;"2024-03-03";9
"Norte";"SARS-CoV-2";2024;11;"2024-03-10";4
"Norte";"SARS-CoV-2";2024;12;"2024-03-17";7
"Norte";"SARS-CoV-2";2024;13;"2024-03-24";3
"Norte";"SARS-CoV-2";2024;14;"2024-03-31";2
"Norte";"SARS-CoV-2";2024;15;"2024-04-07";1
"Norte";"SARS-CoV-2";2024;16;"2024-04-14";1
"Norte";"SARS-CoV-2";2024;17;"2024-04-21";0
"Norte";"SARS-CoV-2";2024;18;"2024-04-28";2
"Norte";"SARS-CoV-2";2024;19;"2024-05-05";0
"Norte";"SARS-CoV-2";2024;20;"2024-05-12";0
"Norte";"SARS-CoV-2";2024;21;"2024-05-19";0
"Norte";"SARS-CoV-2";2024;22;"2024-05-26";0
"Norte";"SARS-CoV-2";2024;23;"2024-06-02";0
"Norte";"SARS-CoV-2";2024;24;"2024-06-09";0
"Norte";"SARS-CoV-2";2024;25;"2024-06-16";0
"Norte";"SARS-CoV-2";2024;26;"2024-06-23";0
"Norte";"SARS-CoV-2";2024;27;"2024-06-30";0
"Norte";"SARS-CoV-2";2024;28;"2024-07-07";0
"Norte";"SARS-CoV-2";2024;29;"2024-07-14";0
"Norte";"SARS-CoV-2";2024;30;"2024-07-21";0
"Norte";"SARS-CoV-2";2024;31;"2024-07-28";0
"Norte";"SARS-CoV-2";2024;32;"2024-08-04";0
"Norte";"SARS-CoV-2";2024;33;"2024-08-11";0
"Norte";"SARS-CoV-2";2024;34;"2024-08-18";1
"Norte";"SARS-CoV-2";2024;35;"2024-08-25";0
"Norte";"SARS-CoV-2";2024;36;"2024-09-01";2
"Norte";"SARS-CoV-2";2024;37;"2024-09-08";0
"Norte";"SARS-CoV-2";2024;38;"2024-09-15";0
"Norte";"SARS-CoV-2";2024;39;"2024-09-22";1
"Norte";"SARS-CoV-2";2024;40;"2024-09-29";0
"Norte";"SARS-CoV-2";2024;41;"2024-10-06";0
"Norte";"SARS-CoV-2";2024;42;"2024-10-13";7
"Norte";"SARS-CoV-2";2024;43;"2024-10-20";1
"Norte";"SARS-CoV-2";2024;44;"2024-10-27";3
"Norte";"SARS-CoV-2";2024;45;"2024-11-03";5
"Norte";"SARS-CoV-2";2024;46;"2024-11-10";5
"Norte";"SARS-CoV-2";2024;47;"2024-11-17";4
"Norte";"SARS-CoV-2";2024;48;"2024-11-24";3
"Norte";"SARS-CoV-2";2024;49;"2024-12-01";2
"Norte";"SARS-CoV-2";2024;50;"2024-12-08";3
"Norte";"SARS-CoV-2";2024;51;"2024-12-15";6
"Norte";"SARS-CoV-2";2024;52;"2024-12-22";1
"Norte";"SARS-CoV-2";2025;1;"2024-12-29";1
"Norte";"SARS-CoV-2";2025;2;"2025-01-05";5
"Norte";"SARS-CoV-2";2025;3;"2025-01-12";2
"Norte";"SARS-CoV-2";2025;4;"2025-01-19";3
"Norte";"SARS-CoV-2";2025;5;"2025-01-26";0
"Norte";"SARS-CoV-2";2025;6;"2025-02-02";1
"Norte";"SARS-CoV-2";2025;7;"2025-02-09";1
"Norte";"SARS-CoV-2";2025;8;"2025-02-16";0
"Norte";"SARS-CoV-2";2025;9;"2025-02-23";1
"Norte";"SARS-CoV-2";2025;10;"2025-03-02";0
"Norte";"SARS-CoV-2";2025;11;"2025-03-09";1
"Norte";"SARS-CoV-2";2025;12;"2025-03-16";0
"Norte";"SARS-CoV-2";2025;13;"2025-03-23";0
"Norte";"SARS-CoV-2";2025;14;"2025-03-30";0
"Norte";"SARS-CoV-2";2025;15;"2025-04-06";0
"Norte";"SARS-CoV-2";2025;16;"2025-04-13";0
"Norte";"SARS-CoV-2";2025;17;"2025-04-20";0
"Norte";"SARS-CoV-2";2025;18;"2025-04-27";1
"Norte";"SARS-CoV-2";2025;19;"2025-05-04";0
"Norte";"SARS-CoV-2";2025;20;"2025-05-11";2
"Norte";"SARS-CoV-2";2025;21;"2025-05-18";0
"Norte";"SARS-CoV-2";2025;22;"2025-05-25";0
"Norte";"SARS-CoV-2";2025;23;"2025-06-01";3
"Norte";"SARS-CoV-2";2025;24;"2025-06-08";5
"Norte";"SARS-CoV-2";2025;25;"2025-06-15";4
"Norte";"SARS-CoV-2";2025;26;"2025-06-22";3
"Norte";"SARS-CoV-2";2025;27;"2025-06-29";2
"Norte";"SARS-CoV-2";2025;28;"2025-07-06";1
"Norte";"SARS-CoV-2";2025;29;"2025-07-13";0
"Norte";"SARS-CoV-2";2025;30;"2025-07-20";2
"Norte";"SARS-CoV-2";2025;31;"2025-07-27";0
"Norte";"SARS-CoV-2";2025;32;"2025-08-03";2
"Norte";"SARS-CoV-2";2025;33;"2025-08-10";1
"Norte";"SARS-CoV-2";2025;34;"2025-08-17";5
"Norte";"SARS-CoV-2";2025;35;"2025-08-24";2
"Norte";"SARS-CoV-2";2025;36;"2025-08-31";1
"Norte";"SARS-CoV-2";2025;37;"2025-09-07";2
"Norte";"SARS-CoV-2";2025;38;"2025-09-14";2
"Norte";"SARS-CoV-2";2025;39;"2025-09-21";3
"Norte";"SARS-CoV-2";2025;40;"2025-09-28";4
"Norte";"SARS-CoV-2";2025;41;"2025-10-05";3
"Norte";"SARS-CoV-2";2025;42;"2025-10-12";6
"Norte";"SARS-CoV-2";2025;43;"2025-10-19";1
"Norte";"SARS-CoV-2";2025;44;"2025-10-26";0
"Norte";"SARS-CoV-2";2025;45;"2025-11-02";3
"Norte";"SARS-CoV-2";2025;46;"2025-11-09";0
"Norte";"SARS-CoV-2";2025;47;"2025-11-16";3
"Norte";"SARS-CoV-2";2025;48;"2025-11-23";0
"Norte";"SARS-CoV-2";2025;49;"2025-11-30";0
"Norte";"SARS-CoV-2";2025;50;"2025-12-07";0
"Norte";"SARS-CoV-2";2025;51;"2025-12-14";0
"Norte";"SARS-CoV-2";2025;52;"2025-12-21";0
"Norte";"SARS-CoV-2";2025;53;"2025-12-28";1
"Norte";"Influenza";2022;1;"2022-01-02";34
"Norte";"Influenza";2022;2;"2022-01-09";4
"Norte";"Influenza";2022;3;"2022-01-16";0
"Norte";"Influenza";2022;4;"2022-01-23";2
"Norte";"Influenza";2022;5;"2022-01-30";0
"Norte";"Influenza";2022;6;"2022-02-06";1
"Norte";"Influenza";2022;7;"2022-02-13";0
"Norte";"Influenza";2022;8;"2022-02-20";1
"Norte";"Influenza";2022;9;"2022-02-27";0
"Norte";"Influenza";2022;10;"2022-03-06";0
"Norte";"Influenza";2022;11;"2022-03-13";0
"Norte";"Influenza";2022;12;"2022-03-20";0
"Norte";"Influenza";2022;13;"2022-03-27";0
"Norte";"Influenza";2022;14;"2022-04-03";0
"Norte";"Influenza";2022;15;"2022-04-10";0
"Norte";"Influenza";2022;16;"2022-04-17";0
"Norte";"Influenza";2022;17;"2022-04-24";0
"Norte";"Influenza";2022;18;"2022-05-01";0
"Norte";"Influenza";2022;19;"2022-05-08";0
"Norte";"Influenza";2022;20;"2022-05-15";1
"Norte";"Influenza";2022;21;"2022-05-22";0
"Norte";"Influenza";2022;22;"2022-05-29";0
"Norte";"Influenza";2022;23;"2022-06-05";0
"Norte";"Influenza";2022;24;"2022-06-12";0
"Norte";"Influenza";2022;25;"2022-06-19";0
"Norte";"Influenza";2022;26;"2022-06-26";0
"Norte";"Influenza";2022;27;"2022-07-03";0
"Norte";"Influenza";2022;28;"2022-07-10";1
"Norte";"Influenza";2022;29;"2022-07-17";0
"Norte";"Influenza";2022;30;"2022-07-24";1
"Norte";"Influenza";2022;31;"2022-07-31";1
"Norte";"Influenza";2022;32;"2022-08-07";0
"Norte";"Influenza";2022;33;"2022-08-14";0
"Norte";"Influenza";2022;34;"2022-08-21";0
"Norte";"Influenza";2022;35;"2022-08-28";0
"Norte";"Influenza";2022;36;"2022-09-04";1
"Norte";"Influenza";2022;37;"2022-09-11";0
"Norte";"Influenza";2022;38;"2022-09-18";1
"Norte";"Influenza";2022;39;"2022-09-25";0
"Norte";"Influenza";2022;40;"2022-10-02";0
"Norte";"Influenza";2022;41;"2022-10-09";1
"Norte";"Influenza";2022;42;"2022-10-16";1
"Norte";"Influenza";2022;43;"2022-10-23";2
"Norte";"Influenza";2022;44;"2022-10-30";1
"Norte";"Influenza";2022;45;"2022-11-06";2
"Norte";"Influenza";2022;46;"2022-11-13";2
"Norte";"Influenza";2022;47;"2022-11-20";1
"Norte";"Influenza";2022;48;"2022-11-27";0
"Norte";"Influenza";2022;49;"2022-12-04";0
"Norte";"Influenza";2022;50;"2022-12-11";0
"Norte";"Influenza";2022;51;"2022-12-18";0
"Norte";"Influenza";2022;52;"2022-12-25";0
"Norte";"Influenza";2023;1;"2023-01-01";0
"Norte";"Influenza";2023;2;"2023-01-08";0
"Norte";"Influenza";2023;3;"2023-01-15";1
"Norte";"Influenza";2023;4;"2023-01-22";1
"Norte";"Influenza";2023;5;"2023-01-29";0
"Norte";"Influenza";2023;6;"2023-02-05";0
"Norte";"Influenza";2023;7;"2023-02-12";0
"Norte";"Influenza";2023;8;"2023-02-19";2
"Norte";"Influenza";2023;9;"2023-02-26";0
"Norte";"Influenza";2023;10;"2023-03-05";0
"Norte";"Influenza";2023;11;"2023-03-12";1
"Norte";"Influenza";2023;12;"2023-03-19";2
"Norte";"Influenza";2023;13;"2023-03-26";0
"Norte";"Influenza";2023;14;"2023-04-02";1
"Norte";"Influenza";2023;15;"2023-04-09";1
"Norte";"Influenza";2023;16;"2023-04-16";4
"Norte";"Influenza";2023;17;"2023-04-23";1
"Norte";"Influenza";2023;18;"2023-04-30";4
"Norte";"Influenza";2023;19;"2023-05-07";8
"Norte";"Influenza";2023;20;"2023-05-14";5
"Norte";"Influenza";2023;21;"2023-05-21";3
"Norte";"Influenza";2023;22;"2023-05-28";7
"Norte";"Influenza";2023;23;"2023-06-04";2
"Norte";"Influenza";2023;24;"2023-06-11";4
"Norte";"Influenza";2023;25;"2023-06-18";1
"Norte";"Influenza";2023;26;"2023-06-25";2
"Norte";"Influenza";2023;27;"2023-07-02";0
"Norte";"Influenza";2023;28;"2023-07-09";1
"Norte";"Influenza";2023;29;"2023-07-16";0
"Norte";"Influenza";2023;30;"2023-07-23";0
"Norte";"Influenza";2023;31;"2023-07-30";0
"Norte";"Influenza";2023;32;"2023-08-06";0
"Norte";"Influenza";2023;33;"2023-08-13";0
"Norte";"Influenza";2023;34;"2023-08-20";0
"Norte";"Influenza";2023;35;"2023-08-27";0
"Norte";"Influenza";2023;36;"2023-09-03";0
"Norte";"Influenza";2023;37;"2023-09-10";0
"Norte";"Influenza";2023;38;"2023-09-17";1
"Norte";"Influenza";2023;39;"2023-09-24";0
"Norte";"Influenza";2023;40;"2023-10-01";0
"Norte";"Influenza";2023;41;"2023-10-08";0
"Norte";"Influenza";2023;42;"2023-10-15";0
"Norte";"Influenza";2023;43;"2023-10-22";0
"Norte";"Influenza";2023;44;"2023-10-29";1
"Norte";"Influenza";2023;45;"2023-11-05";0
"Norte";"Influenza";2023;46;"2023-11-12";1
"Norte";"Influenza";2023;47;"2023-11-19";0
"Norte";"Influenza";2023;48;"2023-11-26";0
"Norte";"Influenza";2023;49;"2023-12-03";0
"Norte";"Influenza";2023;50;"2023-12-10";0
"Norte";"Influenza";2023;51;"2023-12-17";0
"Norte";"Influenza";2023;52;"2023-12-24";0
"Norte";"Influenza";2024;1;"2023-12-31";0
"Norte";"Influenza";2024;2;"2024-01-07";0
"Norte";"Influenza";2024;3;"2024-01-14";0
"Norte";"Influenza";2024;4;"2024-01-21";0
"Norte";"Influenza";2024;5;"2024-01-28";0
"Norte";"Influenza";2024;6;"2024-02-04";0
"Norte";"Influenza";2024;7;"2024-02-11";3
"Norte";"Influenza";2024;8;"2024-02-18";2
"Norte";"Influenza";2024;9;"2024-02-25";5
"Norte";"Influenza";2024;10;"2024-03-03";4
"Norte";"Influenza";2024;11;"2024-03-10";2
"Norte";"Influenza";2024;12;"2024-03-17";6
"Norte";"Influenza";2024;13;"2024-03-24";3
"Norte";"Influenza";2024;14;"2024-03-31";0
"Norte";"Influenza";2024;15;"2024-04-07";0
"Norte";"Influenza";2024;16;"2024-04-14";1
"Norte";"Influenza";2024;17;"2024-04-21";7
"Norte";"Influenza";2024;18;"2024-04-28";0
"Norte";"Influenza";2024;19;"2024-05-05";1
"Norte";"Influenza";2024;20;"2024-05-12";0
"Norte";"Influenza";2024;21;"2024-05-19";0
"Norte";"Influenza";2024;22;"2024-05-26";0
"Norte";"Influenza";2024;23;"2024-06-02";3
"Norte";"Influenza";2024;24;"2024-06-09";0
"Norte";"Influenza";2024;25;"2024-06-16";0
"Norte";"Influenza";2024;26;"2024-06-23";0
"Norte";"Influenza";2024;27;"2024-06-30";0
"Norte";"Influenza";2024;28;"2024-07-07";1
"Norte";"Influenza";2024;29;"2024-07-14";1
"Norte";"Influenza";2024;30;"2024-07-21";0
"Norte";"Influenza";2024;31;"2024-07-28";2
"Norte";"Influenza";2024;32;"2024-08-04";1
"Norte";"Influenza";2024;33;"2024-08-11";0
"Norte";"Influenza";2024;34;"2024-08-18";2
"Norte";"Influenza";2024;35;"2024-08-25";0
"Norte";"Influenza";2024;36;"2024-09-01";1
"Norte";"Influenza";2024;37;"2024-09-08";0
"Norte";"Influenza";2024;38;"2024-09-15";0
"Norte";"Influenza";2024;39;"2024-09-22";0
"Norte";"Influenza";2024;40;"2024-09-29";5
"Norte";"Influenza";2024;41;"2024-10-06";2
"Norte";"Influenza";2024;42;"2024-10-13";3
"Norte";"Influenza";2024;43;"2024-10-20";8
"Norte";"Influenza";2024;44;"2024-10-27";1
"Norte";"Influenza";2024;45;"2024-11-03";8
"Norte";"Influenza";2024;46;"2024-11-10";3
"Norte";"Influenza";2024;47;"2024-11-17";4
"Norte";"Influenza";2024;48;"2024-11-24";2
"Norte";"Influenza";2024;49;"2024-12-01";4
"Norte";"Influenza";2024;50;"2024-12-08";5
"Norte";"Influenza";2024;51;"2024-12-15";0
"Norte";"Influenza";2024;52;"2024-12-22";0
"Norte";"Influenza";2025;1;"2024-12-29";0
"Norte";"Influenza";2025;2;"2025-01-05";1
"Norte";"Influenza";2025;3;"2025-01-12";0
"Norte";"Influenza";2025;4;"2025-01-19";0
"Norte";"Influenza";2025;5;"2025-01-26";1
"Norte";"Influenza";2025;6;"2025-02-02";0
"Norte";"Influenza";2025;7;"2025-02-09";0
"Norte";"Influenza";2025;8;"2025-02-16";1
"Norte";"Influenza";2025;9;"2025-02-23";0
"Norte";"Influenza";2025;10;"2025-03-02";1
"Norte";"Influenza";2025;11;"2025-03-09";1
"Norte";"Influenza";2025;12;"2025-03-16";1
"Norte";"Influenza";2025;13;"2025-03-23";2
"Norte";"Influenza";2025;14;"2025-03-30";0
"Norte";"Influenza";2025;15;"2025-04-06";1
"Norte";"Influenza";2025;16;"2025-04-13";1
"Norte";"Influenza";2025;17;"2025-04-20";1
"Norte";"Influenza";2025;18;"2025-04-27";9
"Norte";"Influenza";2025;19;"2025-05-04";4
"Norte";"Influenza";2025;20;"2025-05-11";19
"Norte";"Influenza";2025;21;"2025-05-18";17
"Norte";"Influenza";2025;22;"2025-05-25";28
"Norte";"Influenza";2025;23;"2025-06-01";17
"Norte";"Influenza";2025;24;"2025-06-08";9
"Norte";"Influenza";2025;25;"2025-06-15";14
"Norte";"Influenza";2025;26;"2025-06-22";6
"Norte";"Influenza";2025;27;"2025-06-29";1
"Norte";"Influenza";2025;28;"2025-07-06";4
"Norte";"Influenza";2025;29;"2025-07-13";3
"Norte";"Influenza";2025;30;"2025-07-20";1
"Norte";"Influenza";2025;31;"2025-07-27";2
"Norte";"Influenza";2025;32;"2025-08-03";1
"Norte";"Influenza";2025;33;"2025-08-10";1
"Norte";"Influenza";2025;34;"2025-08-17";0
"Norte";"Influenza";2025;35;"2025-08-24";1
"Norte";"Influenza";2025;36;"2025-08-31";5
"Norte";"Influenza";2025;37;"2025-09-07";2
"Norte";"Influenza";2025;38;"2025-09-14";0
"Norte";"Influenza";2025;39;"2025-09-21";3
"Norte";"Influenza";2025;40;"2025-09-28";4
"Norte";"Influenza";2025;41;"2025-10-05";5
"Norte";"Influenza";2025;42;"2025-10-12";3
"Norte";"Influenza";2025;43;"2025-10-19";1
"Norte";"Influenza";2025;44;"2025-10-26";3
"Norte";"Influenza";2025;45;"2025-11-02";4
"Norte";"Influenza";2025;46;"2025-11-09";1
"Norte";"Influenza";2025;47;"2025-11-16";1
"Norte";"Influenza";2025;48;"2025-11-23";1
"Norte";"Influenza";2025;49;"2025-11-30";3
"Norte";"Influenza";2025;50;"2025-12-07";0
"Norte";"Influenza";2025;51;"2025-12-14";0
"Norte";"Influenza";2025;52;"2025-12-21";1
"Norte";"Influenza";2025;53;"2025-12-28";1
"Norte";"VSR";2022;1;"2022-01-02";0
"Norte";"VSR";2022;2;"2022-01-09";0
"Norte";"VSR";2022;3;"2022-01-16";1
"Norte";"VSR";2022;4;"2022-01-23";0
"Norte";"VSR";2022;5;"2022-01-30";0
"Norte";"VSR";2022;6;"2022-02-06";0
"Norte";"VSR";2022;7;"2022-02-13";0
"Norte";"VSR";2022;8;"2022-02-20";0
"Norte";"VSR";2022;9;"2022-02-27";0
"Norte";"VSR";2022;10;"2022-03-06";3
"Norte";"VSR";2022;11;"2022-03-13";3
"Norte";"VSR";2022;12;"2022-03-20";2
"Norte";"VSR";2022;13;"2022-03-27";2
"Norte";"VSR";2022;14;"2022-04-03";2
"Norte";"VSR";2022;15;"2022-04-10";1
"Norte";"VSR";2022;16;"2022-04-17";0
"Norte";"VSR";2022;17;"2022-04-24";2
"Norte";"VSR";2022;18;"2022-05-01";2
"Norte";"VSR";2022;19;"2022-05-08";2
"Norte";"VSR";2022;20;"2022-05-15";3
"Norte";"VSR";2022;21;"2022-05-22";2
"Norte";"VSR";2022;22;"2022-05-29";1
"Norte";"VSR";2022;23;"2022-06-05";1
"Norte";"VSR";2022;24;"2022-06-12";0
"Norte";"VSR";2022;25;"2022-06-19";0
"Norte";"VSR";2022;26;"2022-06-26";0
"Norte";"VSR";2022;27;"2022-07-03";0
"Norte";"VSR";2022;28;"2022-07-10";0
"Norte";"VSR";2022;29;"2022-07-17";0
"Norte";"VSR";2022;30;"2022-07-24";0
"Norte";"VSR";2022;31;"2022-07-31";0
"Norte";"VSR";2022;32;"2022-08-07";0
"Norte";"VSR";2022;33;"2022-08-14";0
"Norte";"VSR";2022;34;"2022-08-21";0
"Norte";"VSR";2022;35;"2022-08-28";0
"Norte";"VSR";2022;36;"2022-09-04";0
"Norte";"VSR";2022;37;"2022-09-11";0
"Norte";"VSR";2022;38;"2022-09-18";0
"Norte";"VSR";2022;39;"2022-09-25";0
"Norte";"VSR";2022;40;"2022-10-02";0
"Norte";"VSR";2022;41;"2022-10-09";0
"Norte";"VSR";2022;42;"2022-10-16";0
"Norte";"VSR";2022;43;"2022-10-23";0
"Norte";"VSR";2022;44;"2022-10-30";0
"Norte";"VSR";2022;45;"2022-11-06";0
"Norte";"VSR";2022;46;"2022-11-13";0
"Norte";"VSR";2022;47;"2022-11-20";0
"Norte";"VSR";2022;48;"2022-11-27";0
"Norte";"VSR";2022;49;"2022-12-04";0
"Norte";"VSR";2022;50;"2022-12-11";0
"Norte";"VSR";2022;51;"2022-12-18";0
"Norte";"VSR";2022;52;"2022-12-25";0
"Norte";"VSR";2023;1;"2023-01-01";0
"Norte";"VSR";2023;2;"2023-01-08";0
"Norte";"VSR";2023;3;"2023-01-15";0
"Norte";"VSR";2023;4;"2023-01-22";0
"Norte";"VSR";2023;5;"2023-01-29";0
"Norte";"VSR";2023;6;"2023-02-05";0
"Norte";"VSR";2023;7;"2023-02-12";0
"Norte";"VSR";2023;8;"2023-02-19";0
"Norte";"VSR";2023;9;"2023-02-26";0
"Norte";"VSR";2023;10;"2023-03-05";0
"Norte";"VSR";2023;11;"2023-03-12";2
"Norte";"VSR";2023;12;"2023-03-19";0
"Norte";"VSR";2023;13;"2023-03-26";1
"Norte";"VSR";2023;14;"2023-04-02";5
"Norte";"VSR";2023;15;"2023-04-09";4
"Norte";"VSR";2023;16;"2023-04-16";1
"Norte";"VSR";2023;17;"2023-04-23";4
"Norte";"VSR";2023;18;"2023-04-30";3
"Norte";"VSR";2023;19;"2023-05-07";4
"Norte";"VSR";2023;20;"2023-05-14";3
"Norte";"VSR";2023;21;"2023-05-21";2
"Norte";"VSR";2023;22;"2023-05-28";2
"Norte";"VSR";2023;23;"2023-06-04";1
"Norte";"VSR";2023;24;"2023-06-11";2
"Norte";"VSR";2023;25;"2023-06-18";1
"Norte";"VSR";2023;26;"2023-06-25";0
"Norte";"VSR";2023;27;"2023-07-02";1
"Norte";"VSR";2023;28;"2023-07-09";2
"Norte";"VSR";2023;29;"2023-07-16";0
"Norte";"VSR";2023;30;"2023-07-23";0
"Norte";"VSR";2023;31;"2023-07-30";0
"Norte";"VSR";2023;32;"2023-08-06";0
"Norte";"VSR";2023;33;"2023-08-13";0
"Norte";"VSR";2023;34;"2023-08-20";0
"Norte";"VSR";2023;35;"2023-08-27";0
"Norte";"VSR";2023;36;"2023-09-03";0
"Norte";"VSR";2023;37;"2023-09-10";0
"Norte";"VSR";2023;38;"2023-09-17";0
"Norte";"VSR";2023;39;"2023-09-24";0
"Norte";"VSR";2023;40;"2023-10-01";0
"Norte";"VSR";2023;41;"2023-10-08";0
"Norte";"VSR";2023;42;"2023-10-15";0
"Norte";"VSR";2023;43;"2023-10-22";0
"Norte";"VSR";2023;44;"2023-10-29";0
"Norte";"VSR";2023;45;"2023-11-05";0
"Norte";"VSR";2023;46;"2023-11-12";0
"Norte";"VSR";2023;47;"2023-11-19";0
"Norte";"VSR";2023;48;"2023-11-26";0
"Norte";"VSR";2023;49;"2023-12-03";0
"Norte";"VSR";2023;50;"2023-12-10";0
"Norte";"VSR";2023;51;"2023-12-17";0
"Norte";"VSR";2023;52;"2023-12-24";1
"Norte";"VSR";2024;1;"2023-12-31";0
"Norte";"VSR";2024;2;"2024-01-07";0
"Norte";"VSR";2024;3;"2024-01-14";0
"Norte";"VSR";2024;4;"2024-01-21";0
"Norte";"VSR";2024;5;"2024-01-28";0
"Norte";"VSR";2024;6;"2024-02-04";0
"Norte";"VSR";2024;7;"2024-02-11";0
"Norte";"VSR";2024;8;"2024-02-18";0
"Norte";"VSR";2024;9;"2024-02-25";0
"Norte";"VSR";2024;10;"2024-03-03";0
"Norte";"VSR";2024;11;"2024-03-10";0
"Norte";"VSR";2024;12;"2024-03-17";0
"Norte";"VSR";2024;13;"2024-03-24";0
"Norte";"VSR";2024;14;"2024-03-31";3
"Norte";"VSR";2024;15;"2024-04-07";1
"Norte";"VSR";2024;16;"2024-04-14";3
"Norte";"VSR";2024;17;"2024-04-21";10
"Norte";"VSR";2024;18;"2024-04-28";6
"Norte";"VSR";2024;19;"2024-05-05";11
"Norte";"VSR";2024;20;"2024-05-12";7
"Norte";"VSR";2024;21;"2024-05-19";6
"Norte";"VSR";2024;22;"2024-05-26";4
"Norte";"VSR";2024;23;"2024-06-02";2
"Norte";"VSR";2024;24;"2024-06-09";1
"Norte";"VSR";2024;25;"2024-06-16";2
"Norte";"VSR";2024;26;"2024-06-23";1
"Norte";"VSR";2024;27;"2024-06-30";3
"Norte";"VSR";2024;28;"2024-07-07";0
"Norte";"VSR";2024;29;"2024-07-14";5
"Norte";"VSR";2024;30;"2024-07-21";2
"Norte";"VSR";2024;31;"2024-07-28";0
"Norte";"VSR";2024;32;"2024-08-04";0
"Norte";"VSR";2024;33;"2024-08-11";1
"Norte";"VSR";2024;34;"2024-08-18";0
"Norte";"VSR";2024;35;"2024-08-25";0
"Norte";"VSR";2024;36;"2024-09-01";0
"Norte";"VSR";2024;37;"2024-09-08";0
"Norte";"VSR";2024;38;"2024-09-15";0
"Norte";"VSR";2024;39;"2024-09-22";0
"Norte";"VSR";2024;40;"2024-09-29";0
"Norte";"VSR";2024;41;"2024-10-06";0
"Norte";"VSR";2024;42;"2024-10-13";0
"Norte";"VSR";2024;43;"2024-10-20";0
"Norte";"VSR";2024;44;"2024-10-27";0
"Norte";"VSR";2024;45;"2024-11-03";1
"Norte";"VSR";2024;46;"2024-11-10";0
"Norte";"VSR";2024;47;"2024-11-17";0
"Norte";"VSR";2024;48;"2024-11-24";0
"Norte";"VSR";2024;49;"2024-12-01";0
"Norte";"VSR";2024;50;"2024-12-08";0
"Norte";"VSR";2024;51;"2024-12-15";0
"Norte";"VSR";2024;52;"2024-12-22";1
"Norte";"VSR";2025;1;"2024-12-29";0
"Norte";"VSR";2025;2;"2025-01-05";1
"Norte";"VSR";2025;3;"2025-01-12";0
"Norte";"VSR";2025;4;"2025-01-19";0
"Norte";"VSR";2025;5;"2025-01-26";1
"Norte";"VSR";2025;6;"2025-02-02";0
"Norte";"VSR";2025;7;"2025-02-09";0
"Norte";"VSR";2025;8;"2025-02-16";3
"Norte";"VSR";2025;9;"2025-02-23";0
"Norte";"VSR";2025;10;"2025-03-02";0
"Norte";"VSR";2025;11;"2025-03-09";2
"Norte";"VSR";2025;12;"2025-03-16";5
"Norte";"VSR";2025;13;"2025-03-23";7
"Norte";"VSR";2025;14;"2025-03-30";10
"Norte";"VSR";2025;15;"2025-04-06";9
"Norte";"VSR";2025;16;"2025-04-13";3
"Norte";"VSR";2025;17;"2025-04-20";16
"Norte";"VSR";2025;18;"2025-04-27";15
"Norte";"VSR";2025;19;"2025-05-04";19
"Norte";"VSR";2025;20;"2025-05-11";15
"Norte";"VSR";2025;21;"2025-05-18";12
"Norte";"VSR";2025;22;"2025-05-25";12
"Norte";"VSR";2025;23;"2025-06-01";15
"Norte";"VSR";2025;24;"2025-06-08";12
"Norte";"VSR";2025;25;"2025-06-15";10
"Norte";"VSR";2025;26;"2025-06-22";9
"Norte";"VSR";2025;27;"2025-06-29";4
"Norte";"VSR";2025;28;"2025-07-06";9
"Norte";"VSR";2025;29;"2025-07-13";7
"Norte";"VSR";2025;30;"2025-07-20";7
"Norte";"VSR";2025;31;"2025-07-27";3
"Norte";"VSR";2025;32;"2025-08-03";2
"Norte";"VSR";2025;33;"2025-08-10";2
"Norte";"VSR";2025;34;"2025-08-17";3
"Norte";"VSR";2025;35;"2025-08-24";1
"Norte";"VSR";2025;36;"2025-08-31";1
"Norte";"VSR";2025;37;"2025-09-07";0
"Norte";"VSR";2025;38;"2025-09-14";1
"Norte";"VSR";2025;39;"2025-09-21";1
"Norte";"VSR";2025;40;"2025-09-28";0
"Norte";"VSR";2025;41;"2025-10-05";0
"Norte";"VSR";2025;42;"2025-10-12";1
"Norte";"VSR";2025;43;"2025-10-19";0
"Norte";"VSR";2025;44;"2025-10-26";0
"Norte";"VSR";2025;45;"2025-11-02";0
"Norte";"VSR";2025;46;"2025-11-09";0
"Norte";"VSR";2025;47;"2025-11-16";0
"Norte";"VSR";2025;48;"2025-11-23";0
"Norte";"VSR";2025;49;"2025-11-30";0
"Norte";"VSR";2025;50;"2025-12-07";0
"Norte";"VSR";2025;51;"2025-12-14";0
"Norte";"VSR";2025;52;"2025-12-21";1
"Norte";"VSR";2025;53;"2025-12-28";0
"Serrana";"SARS-CoV-2";2022;1;"2022-01-02";26
"Serrana";"SARS-CoV-2";2022;2;"2022-01-09";115
"Serrana";"SARS-CoV-2";2022;3;"2022-01-16";200
"Serrana";"SARS-CoV-2";2022;4;"2022-01-23";186
"Serrana";"SARS-CoV-2";2022;5;"2022-01-30";151
"Serrana";"SARS-CoV-2";2022;6;"2022-02-06";70
"Serrana";"SARS-CoV-2";2022;7;"2022-02-13";29
"Serrana";"SARS-CoV-2";2022;8;"2022-02-20";12
"Serrana";"SARS-CoV-2";2022;9;"2022-02-27";11
"Serrana";"SARS-CoV-2";2022;10;"2022-03-06";9
"Serrana";"SARS-CoV-2";2022;11;"2022-03-13";4
"Serrana";"SARS-CoV-2";2022;12;"2022-03-20";0
"Serrana";"SARS-CoV-2";2022;13;"2022-03-27";9
"Serrana";"SARS-CoV-2";2022;14;"2022-04-03";1
"Serrana";"SARS-CoV-2";2022;15;"2022-04-10";3
"Serrana";"SARS-CoV-2";2022;16;"2022-04-17";7
"Serrana";"SARS-CoV-2";2022;17;"2022-04-24";13
"Serrana";"SARS-CoV-2";2022;18;"2022-05-01";9
"Serrana";"SARS-CoV-2";2022;19;"2022-05-08";10
"Serrana";"SARS-CoV-2";2022;20;"2022-05-15";17
"Serrana";"SARS-CoV-2";2022;21;"2022-05-22";57
"Serrana";"SARS-CoV-2";2022;22;"2022-05-29";101
"Serrana";"SARS-CoV-2";2022;23;"2022-06-05";69
"Serrana";"SARS-CoV-2";2022;24;"2022-06-12";73
"Serrana";"SARS-CoV-2";2022;25;"2022-06-19";74
"Serrana";"SARS-CoV-2";2022;26;"2022-06-26";67
"Serrana";"SARS-CoV-2";2022;27;"2022-07-03";31
"Serrana";"SARS-CoV-2";2022;28;"2022-07-10";25
"Serrana";"SARS-CoV-2";2022;29;"2022-07-17";13
"Serrana";"SARS-CoV-2";2022;30;"2022-07-24";12
"Serrana";"SARS-CoV-2";2022;31;"2022-07-31";6
"Serrana";"SARS-CoV-2";2022;32;"2022-08-07";2
"Serrana";"SARS-CoV-2";2022;33;"2022-08-14";3
"Serrana";"SARS-CoV-2";2022;34;"2022-08-21";3
"Serrana";"SARS-CoV-2";2022;35;"2022-08-28";3
"Serrana";"SARS-CoV-2";2022;36;"2022-09-04";2
"Serrana";"SARS-CoV-2";2022;37;"2022-09-11";0
"Serrana";"SARS-CoV-2";2022;38;"2022-09-18";0
"Serrana";"SARS-CoV-2";2022;39;"2022-09-25";1
"Serrana";"SARS-CoV-2";2022;40;"2022-10-02";0
"Serrana";"SARS-CoV-2";2022;41;"2022-10-09";1
"Serrana";"SARS-CoV-2";2022;42;"2022-10-16";2
"Serrana";"SARS-CoV-2";2022;43;"2022-10-23";4
"Serrana";"SARS-CoV-2";2022;44;"2022-10-30";13
"Serrana";"SARS-CoV-2";2022;45;"2022-11-06";23
"Serrana";"SARS-CoV-2";2022;46;"2022-11-13";46
"Serrana";"SARS-CoV-2";2022;47;"2022-11-20";44
"Serrana";"SARS-CoV-2";2022;48;"2022-11-27";37
"Serrana";"SARS-CoV-2";2022;49;"2022-12-04";41
"Serrana";"SARS-CoV-2";2022;50;"2022-12-11";29
"Serrana";"SARS-CoV-2";2022;51;"2022-12-18";27
"Serrana";"SARS-CoV-2";2022;52;"2022-12-25";14
"Serrana";"SARS-CoV-2";2023;1;"2023-01-01";11
"Serrana";"SARS-CoV-2";2023;2;"2023-01-08";10
"Serrana";"SARS-CoV-2";2023;3;"2023-01-15";7
"Serrana";"SARS-CoV-2";2023;4;"2023-01-22";8
"Serrana";"SARS-CoV-2";2023;5;"2023-01-29";10
"Serrana";"SARS-CoV-2";2023;6;"2023-02-05";5
"Serrana";"SARS-CoV-2";2023;7;"2023-02-12";10
"Serrana";"SARS-CoV-2";2023;8;"2023-02-19";8
"Serrana";"SARS-CoV-2";2023;9;"2023-02-26";20
"Serrana";"SARS-CoV-2";2023;10;"2023-03-05";16
"Serrana";"SARS-CoV-2";2023;11;"2023-03-12";29
"Serrana";"SARS-CoV-2";2023;12;"2023-03-19";19
"Serrana";"SARS-CoV-2";2023;13;"2023-03-26";14
"Serrana";"SARS-CoV-2";2023;14;"2023-04-02";16
"Serrana";"SARS-CoV-2";2023;15;"2023-04-09";11
"Serrana";"SARS-CoV-2";2023;16;"2023-04-16";9
"Serrana";"SARS-CoV-2";2023;17;"2023-04-23";5
"Serrana";"SARS-CoV-2";2023;18;"2023-04-30";5
"Serrana";"SARS-CoV-2";2023;19;"2023-05-07";9
"Serrana";"SARS-CoV-2";2023;20;"2023-05-14";3
"Serrana";"SARS-CoV-2";2023;21;"2023-05-21";3
"Serrana";"SARS-CoV-2";2023;22;"2023-05-28";3
"Serrana";"SARS-CoV-2";2023;23;"2023-06-04";5
"Serrana";"SARS-CoV-2";2023;24;"2023-06-11";7
"Serrana";"SARS-CoV-2";2023;25;"2023-06-18";9
"Serrana";"SARS-CoV-2";2023;26;"2023-06-25";5
"Serrana";"SARS-CoV-2";2023;27;"2023-07-02";7
"Serrana";"SARS-CoV-2";2023;28;"2023-07-09";7
"Serrana";"SARS-CoV-2";2023;29;"2023-07-16";7
"Serrana";"SARS-CoV-2";2023;30;"2023-07-23";4
"Serrana";"SARS-CoV-2";2023;31;"2023-07-30";10
"Serrana";"SARS-CoV-2";2023;32;"2023-08-06";5
"Serrana";"SARS-CoV-2";2023;33;"2023-08-13";2
"Serrana";"SARS-CoV-2";2023;34;"2023-08-20";15
"Serrana";"SARS-CoV-2";2023;35;"2023-08-27";11
"Serrana";"SARS-CoV-2";2023;36;"2023-09-03";7
"Serrana";"SARS-CoV-2";2023;37;"2023-09-10";18
"Serrana";"SARS-CoV-2";2023;38;"2023-09-17";32
"Serrana";"SARS-CoV-2";2023;39;"2023-09-24";25
"Serrana";"SARS-CoV-2";2023;40;"2023-10-01";28
"Serrana";"SARS-CoV-2";2023;41;"2023-10-08";27
"Serrana";"SARS-CoV-2";2023;42;"2023-10-15";28
"Serrana";"SARS-CoV-2";2023;43;"2023-10-22";22
"Serrana";"SARS-CoV-2";2023;44;"2023-10-29";19
"Serrana";"SARS-CoV-2";2023;45;"2023-11-05";20
"Serrana";"SARS-CoV-2";2023;46;"2023-11-12";14
"Serrana";"SARS-CoV-2";2023;47;"2023-11-19";7
"Serrana";"SARS-CoV-2";2023;48;"2023-11-26";8
"Serrana";"SARS-CoV-2";2023;49;"2023-12-03";6
"Serrana";"SARS-CoV-2";2023;50;"2023-12-10";7
"Serrana";"SARS-CoV-2";2023;51;"2023-12-17";8
"Serrana";"SARS-CoV-2";2023;52;"2023-12-24";5
"Serrana";"SARS-CoV-2";2024;1;"2023-12-31";5
"Serrana";"SARS-CoV-2";2024;2;"2024-01-07";7
"Serrana";"SARS-CoV-2";2024;3;"2024-01-14";4
"Serrana";"SARS-CoV-2";2024;4;"2024-01-21";11
"Serrana";"SARS-CoV-2";2024;5;"2024-01-28";10
"Serrana";"SARS-CoV-2";2024;6;"2024-02-04";17
"Serrana";"SARS-CoV-2";2024;7;"2024-02-11";24
"Serrana";"SARS-CoV-2";2024;8;"2024-02-18";26
"Serrana";"SARS-CoV-2";2024;9;"2024-02-25";17
"Serrana";"SARS-CoV-2";2024;10;"2024-03-03";7
"Serrana";"SARS-CoV-2";2024;11;"2024-03-10";5
"Serrana";"SARS-CoV-2";2024;12;"2024-03-17";3
"Serrana";"SARS-CoV-2";2024;13;"2024-03-24";1
"Serrana";"SARS-CoV-2";2024;14;"2024-03-31";1
"Serrana";"SARS-CoV-2";2024;15;"2024-04-07";1
"Serrana";"SARS-CoV-2";2024;16;"2024-04-14";1
"Serrana";"SARS-CoV-2";2024;17;"2024-04-21";0
"Serrana";"SARS-CoV-2";2024;18;"2024-04-28";1
"Serrana";"SARS-CoV-2";2024;19;"2024-05-05";0
"Serrana";"SARS-CoV-2";2024;20;"2024-05-12";0
"Serrana";"SARS-CoV-2";2024;21;"2024-05-19";0
"Serrana";"SARS-CoV-2";2024;22;"2024-05-26";0
"Serrana";"SARS-CoV-2";2024;23;"2024-06-02";0
"Serrana";"SARS-CoV-2";2024;24;"2024-06-09";4
"Serrana";"SARS-CoV-2";2024;25;"2024-06-16";0
"Serrana";"SARS-CoV-2";2024;26;"2024-06-23";1
"Serrana";"SARS-CoV-2";2024;27;"2024-06-30";0
"Serrana";"SARS-CoV-2";2024;28;"2024-07-07";0
"Serrana";"SARS-CoV-2";2024;29;"2024-07-14";0
"Serrana";"SARS-CoV-2";2024;30;"2024-07-21";0
"Serrana";"SARS-CoV-2";2024;31;"2024-07-28";0
"Serrana";"SARS-CoV-2";2024;32;"2024-08-04";0
"Serrana";"SARS-CoV-2";2024;33;"2024-08-11";0
"Serrana";"SARS-CoV-2";2024;34;"2024-08-18";0
"Serrana";"SARS-CoV-2";2024;35;"2024-08-25";1
"Serrana";"SARS-CoV-2";2024;36;"2024-09-01";8
"Serrana";"SARS-CoV-2";2024;37;"2024-09-08";6
"Serrana";"SARS-CoV-2";2024;38;"2024-09-15";4
"Serrana";"SARS-CoV-2";2024;39;"2024-09-22";2
"Serrana";"SARS-CoV-2";2024;40;"2024-09-29";3
"Serrana";"SARS-CoV-2";2024;41;"2024-10-06";1
"Serrana";"SARS-CoV-2";2024;42;"2024-10-13";2
"Serrana";"SARS-CoV-2";2024;43;"2024-10-20";4
"Serrana";"SARS-CoV-2";2024;44;"2024-10-27";6
"Serrana";"SARS-CoV-2";2024;45;"2024-11-03";7
"Serrana";"SARS-CoV-2";2024;46;"2024-11-10";8
"Serrana";"SARS-CoV-2";2024;47;"2024-11-17";13
"Serrana";"SARS-CoV-2";2024;48;"2024-11-24";12
"Serrana";"SARS-CoV-2";2024;49;"2024-12-01";10
"Serrana";"SARS-CoV-2";2024;50;"2024-12-08";9
"Serrana";"SARS-CoV-2";2024;51;"2024-12-15";7
"Serrana";"SARS-CoV-2";2024;52;"2024-12-22";7
"Serrana";"SARS-CoV-2";2025;1;"2024-12-29";7
"Serrana";"SARS-CoV-2";2025;2;"2025-01-05";7
"Serrana";"SARS-CoV-2";2025;3;"2025-01-12";2
"Serrana";"SARS-CoV-2";2025;4;"2025-01-19";2
"Serrana";"SARS-CoV-2";2025;5;"2025-01-26";1
"Serrana";"SARS-CoV-2";2025;6;"2025-02-02";1
"Serrana";"SARS-CoV-2";2025;7;"2025-02-09";2
"Serrana";"SARS-CoV-2";2025;8;"2025-02-16";1
"Serrana";"SARS-CoV-2";2025;9;"2025-02-23";2
"Serrana";"SARS-CoV-2";2025;10;"2025-03-02";1
"Serrana";"SARS-CoV-2";2025;11;"2025-03-09";0
"Serrana";"SARS-CoV-2";2025;12;"2025-03-16";0
"Serrana";"SARS-CoV-2";2025;13;"2025-03-23";0
"Serrana";"SARS-CoV-2";2025;14;"2025-03-30";1
"Serrana";"SARS-CoV-2";2025;15;"2025-04-06";0
"Serrana";"SARS-CoV-2";2025;16;"2025-04-13";0
"Serrana";"SARS-CoV-2";2025;17;"2025-04-20";0
"Serrana";"SARS-CoV-2";2025;18;"2025-04-27";0
"Serrana";"SARS-CoV-2";2025;19;"2025-05-04";0
"Serrana";"SARS-CoV-2";2025;20;"2025-05-11";1
"Serrana";"SARS-CoV-2";2025;21;"2025-05-18";0
"Serrana";"SARS-CoV-2";2025;22;"2025-05-25";1
"Serrana";"SARS-CoV-2";2025;23;"2025-06-01";4
"Serrana";"SARS-CoV-2";2025;24;"2025-06-08";3
"Serrana";"SARS-CoV-2";2025;25;"2025-06-15";0
"Serrana";"SARS-CoV-2";2025;26;"2025-06-22";0
"Serrana";"SARS-CoV-2";2025;27;"2025-06-29";0
"Serrana";"SARS-CoV-2";2025;28;"2025-07-06";1
"Serrana";"SARS-CoV-2";2025;29;"2025-07-13";2
"Serrana";"SARS-CoV-2";2025;30;"2025-07-20";3
"Serrana";"SARS-CoV-2";2025;31;"2025-07-27";1
"Serrana";"SARS-CoV-2";2025;32;"2025-08-03";4
"Serrana";"SARS-CoV-2";2025;33;"2025-08-10";3
"Serrana";"SARS-CoV-2";2025;34;"2025-08-17";4
"Serrana";"SARS-CoV-2";2025;35;"2025-08-24";7
"Serrana";"SARS-CoV-2";2025;36;"2025-08-31";4
"Serrana";"SARS-CoV-2";2025;37;"2025-09-07";0
"Serrana";"SARS-CoV-2";2025;38;"2025-09-14";3
"Serrana";"SARS-CoV-2";2025;39;"2025-09-21";3
"Serrana";"SARS-CoV-2";2025;40;"2025-09-28";1
"Serrana";"SARS-CoV-2";2025;41;"2025-10-05";2
"Serrana";"SARS-CoV-2";2025;42;"2025-10-12";1
"Serrana";"SARS-CoV-2";2025;43;"2025-10-19";0
"Serrana";"SARS-CoV-2";2025;44;"2025-10-26";0
"Serrana";"SARS-CoV-2";2025;45;"2025-11-02";0
"Serrana";"SARS-CoV-2";2025;46;"2025-11-09";0
"Serrana";"SARS-CoV-2";2025;47;"2025-11-16";0
"Serrana";"SARS-CoV-2";2025;48;"2025-11-23";0
"Serrana";"SARS-CoV-2";2025;49;"2025-11-30";0
"Serrana";"SARS-CoV-2";2025;50;"2025-12-07";0
"Serrana";"SARS-CoV-2";2025;51;"2025-12-14";2
"Serrana";"SARS-CoV-2";2025;52;"2025-12-21";1
"Serrana";"SARS-CoV-2";2025;53;"2025-12-28";2
"Serrana";"Influenza";2022;1;"2022-01-02";17
"Serrana";"Influenza";2022;2;"2022-01-09";4
"Serrana";"Influenza";2022;3;"2022-01-16";4
"Serrana";"Influenza";2022;4;"2022-01-23";2
"Serrana";"Influenza";2022;5;"2022-01-30";0
"Serrana";"Influenza";2022;6;"2022-02-06";1
"Serrana";"Influenza";2022;7;"2022-02-13";0
"Serrana";"Influenza";2022;8;"2022-02-20";0
"Serrana";"Influenza";2022;9;"2022-02-27";0
"Serrana";"Influenza";2022;10;"2022-03-06";0
"Serrana";"Influenza";2022;11;"2022-03-13";0
"Serrana";"Influenza";2022;12;"2022-03-20";0
"Serrana";"Influenza";2022;13;"2022-03-27";0
"Serrana";"Influenza";2022;14;"2022-04-03";1
"Serrana";"Influenza";2022;15;"2022-04-10";0
"Serrana";"Influenza";2022;16;"2022-04-17";0
"Serrana";"Influenza";2022;17;"2022-04-24";0
"Serrana";"Influenza";2022;18;"2022-05-01";0
"Serrana";"Influenza";2022;19;"2022-05-08";0
"Serrana";"Influenza";2022;20;"2022-05-15";0
"Serrana";"Influenza";2022;21;"2022-05-22";0
"Serrana";"Influenza";2022;22;"2022-05-29";1
"Serrana";"Influenza";2022;23;"2022-06-05";0
"Serrana";"Influenza";2022;24;"2022-06-12";0
"Serrana";"Influenza";2022;25;"2022-06-19";0
"Serrana";"Influenza";2022;26;"2022-06-26";0
"Serrana";"Influenza";2022;27;"2022-07-03";0
"Serrana";"Influenza";2022;28;"2022-07-10";0
"Serrana";"Influenza";2022;29;"2022-07-17";0
"Serrana";"Influenza";2022;30;"2022-07-24";0
"Serrana";"Influenza";2022;31;"2022-07-31";0
"Serrana";"Influenza";2022;32;"2022-08-07";1
"Serrana";"Influenza";2022;33;"2022-08-14";1
"Serrana";"Influenza";2022;34;"2022-08-21";0
"Serrana";"Influenza";2022;35;"2022-08-28";1
"Serrana";"Influenza";2022;36;"2022-09-04";0
"Serrana";"Influenza";2022;37;"2022-09-11";1
"Serrana";"Influenza";2022;38;"2022-09-18";2
"Serrana";"Influenza";2022;39;"2022-09-25";2
"Serrana";"Influenza";2022;40;"2022-10-02";1
"Serrana";"Influenza";2022;41;"2022-10-09";3
"Serrana";"Influenza";2022;42;"2022-10-16";4
"Serrana";"Influenza";2022;43;"2022-10-23";9
"Serrana";"Influenza";2022;44;"2022-10-30";8
"Serrana";"Influenza";2022;45;"2022-11-06";2
"Serrana";"Influenza";2022;46;"2022-11-13";1
"Serrana";"Influenza";2022;47;"2022-11-20";1
"Serrana";"Influenza";2022;48;"2022-11-27";0
"Serrana";"Influenza";2022;49;"2022-12-04";1
"Serrana";"Influenza";2022;50;"2022-12-11";0
"Serrana";"Influenza";2022;51;"2022-12-18";0
"Serrana";"Influenza";2022;52;"2022-12-25";0
"Serrana";"Influenza";2023;1;"2023-01-01";1
"Serrana";"Influenza";2023;2;"2023-01-08";0
"Serrana";"Influenza";2023;3;"2023-01-15";1
"Serrana";"Influenza";2023;4;"2023-01-22";0
"Serrana";"Influenza";2023;5;"2023-01-29";0
"Serrana";"Influenza";2023;6;"2023-02-05";0
"Serrana";"Influenza";2023;7;"2023-02-12";0
"Serrana";"Influenza";2023;8;"2023-02-19";0
"Serrana";"Influenza";2023;9;"2023-02-26";1
"Serrana";"Influenza";2023;10;"2023-03-05";3
"Serrana";"Influenza";2023;11;"2023-03-12";3
"Serrana";"Influenza";2023;12;"2023-03-19";2
"Serrana";"Influenza";2023;13;"2023-03-26";3
"Serrana";"Influenza";2023;14;"2023-04-02";2
"Serrana";"Influenza";2023;15;"2023-04-09";0
"Serrana";"Influenza";2023;16;"2023-04-16";1
"Serrana";"Influenza";2023;17;"2023-04-23";1
"Serrana";"Influenza";2023;18;"2023-04-30";4
"Serrana";"Influenza";2023;19;"2023-05-07";5
"Serrana";"Influenza";2023;20;"2023-05-14";4
"Serrana";"Influenza";2023;21;"2023-05-21";7
"Serrana";"Influenza";2023;22;"2023-05-28";5
"Serrana";"Influenza";2023;23;"2023-06-04";4
"Serrana";"Influenza";2023;24;"2023-06-11";1
"Serrana";"Influenza";2023;25;"2023-06-18";2
"Serrana";"Influenza";2023;26;"2023-06-25";3
"Serrana";"Influenza";2023;27;"2023-07-02";9
"Serrana";"Influenza";2023;28;"2023-07-09";5
"Serrana";"Influenza";2023;29;"2023-07-16";2
"Serrana";"Influenza";2023;30;"2023-07-23";0
"Serrana";"Influenza";2023;31;"2023-07-30";0
"Serrana";"Influenza";2023;32;"2023-08-06";0
"Serrana";"Influenza";2023;33;"2023-08-13";1
"Serrana";"Influenza";2023;34;"2023-08-20";1
"Serrana";"Influenza";2023;35;"2023-08-27";1
"Serrana";"Influenza";2023;36;"2023-09-03";0
"Serrana";"Influenza";2023;37;"2023-09-10";2
"Serrana";"Influenza";2023;38;"2023-09-17";1
"Serrana";"Influenza";2023;39;"2023-09-24";0
"Serrana";"Influenza";2023;40;"2023-10-01";0
"Serrana";"Influenza";2023;41;"2023-10-08";1
"Serrana";"Influenza";2023;42;"2023-10-15";0
"Serrana";"Influenza";2023;43;"2023-10-22";0
"Serrana";"Influenza";2023;44;"2023-10-29";0
"Serrana";"Influenza";2023;45;"2023-11-05";0
"Serrana";"Influenza";2023;46;"2023-11-12";0
"Serrana";"Influenza";2023;47;"2023-11-19";0
"Serrana";"Influenza";2023;48;"2023-11-26";2
"Serrana";"Influenza";2023;49;"2023-12-03";1
"Serrana";"Influenza";2023;50;"2023-12-10";0
"Serrana";"Influenza";2023;51;"2023-12-17";0
"Serrana";"Influenza";2023;52;"2023-12-24";0
"Serrana";"Influenza";2024;1;"2023-12-31";1
"Serrana";"Influenza";2024;2;"2024-01-07";0
"Serrana";"Influenza";2024;3;"2024-01-14";0
"Serrana";"Influenza";2024;4;"2024-01-21";0
"Serrana";"Influenza";2024;5;"2024-01-28";4
"Serrana";"Influenza";2024;6;"2024-02-04";0
"Serrana";"Influenza";2024;7;"2024-02-11";2
"Serrana";"Influenza";2024;8;"2024-02-18";0
"Serrana";"Influenza";2024;9;"2024-02-25";2
"Serrana";"Influenza";2024;10;"2024-03-03";0
"Serrana";"Influenza";2024;11;"2024-03-10";0
"Serrana";"Influenza";2024;12;"2024-03-17";4
"Serrana";"Influenza";2024;13;"2024-03-24";1
"Serrana";"Influenza";2024;14;"2024-03-31";3
"Serrana";"Influenza";2024;15;"2024-04-07";7
"Serrana";"Influenza";2024;16;"2024-04-14";7
"Serrana";"Influenza";2024;17;"2024-04-21";10
"Serrana";"Influenza";2024;18;"2024-04-28";9
"Serrana";"Influenza";2024;19;"2024-05-05";2
"Serrana";"Influenza";2024;20;"2024-05-12";9
"Serrana";"Influenza";2024;21;"2024-05-19";4
"Serrana";"Influenza";2024;22;"2024-05-26";2
"Serrana";"Influenza";2024;23;"2024-06-02";5
"Serrana";"Influenza";2024;24;"2024-06-09";3
"Serrana";"Influenza";2024;25;"2024-06-16";2
"Serrana";"Influenza";2024;26;"2024-06-23";2
"Serrana";"Influenza";2024;27;"2024-06-30";6
"Serrana";"Influenza";2024;28;"2024-07-07";1
"Serrana";"Influenza";2024;29;"2024-07-14";3
"Serrana";"Influenza";2024;30;"2024-07-21";3
"Serrana";"Influenza";2024;31;"2024-07-28";4
"Serrana";"Influenza";2024;32;"2024-08-04";1
"Serrana";"Influenza";2024;33;"2024-08-11";1
"Serrana";"Influenza";2024;34;"2024-08-18";2
"Serrana";"Influenza";2024;35;"2024-08-25";0
"Serrana";"Influenza";2024;36;"2024-09-01";2
"Serrana";"Influenza";2024;37;"2024-09-08";1
"Serrana";"Influenza";2024;38;"2024-09-15";1
"Serrana";"Influenza";2024;39;"2024-09-22";5
"Serrana";"Influenza";2024;40;"2024-09-29";2
"Serrana";"Influenza";2024;41;"2024-10-06";1
"Serrana";"Influenza";2024;42;"2024-10-13";0
"Serrana";"Influenza";2024;43;"2024-10-20";0
"Serrana";"Influenza";2024;44;"2024-10-27";1
"Serrana";"Influenza";2024;45;"2024-11-03";1
"Serrana";"Influenza";2024;46;"2024-11-10";2
"Serrana";"Influenza";2024;47;"2024-11-17";3
"Serrana";"Influenza";2024;48;"2024-11-24";4
"Serrana";"Influenza";2024;49;"2024-12-01";4
"Serrana";"Influenza";2024;50;"2024-12-08";2
"Serrana";"Influenza";2024;51;"2024-12-15";4
"Serrana";"Influenza";2024;52;"2024-12-22";3
"Serrana";"Influenza";2025;1;"2024-12-29";2
"Serrana";"Influenza";2025;2;"2025-01-05";3
"Serrana";"Influenza";2025;3;"2025-01-12";3
"Serrana";"Influenza";2025;4;"2025-01-19";0
"Serrana";"Influenza";2025;5;"2025-01-26";1
"Serrana";"Influenza";2025;6;"2025-02-02";0
"Serrana";"Influenza";2025;7;"2025-02-09";0
"Serrana";"Influenza";2025;8;"2025-02-16";1
"Serrana";"Influenza";2025;9;"2025-02-23";1
"Serrana";"Influenza";2025;10;"2025-03-02";0
"Serrana";"Influenza";2025;11;"2025-03-09";1
"Serrana";"Influenza";2025;12;"2025-03-16";0
"Serrana";"Influenza";2025;13;"2025-03-23";1
"Serrana";"Influenza";2025;14;"2025-03-30";0
"Serrana";"Influenza";2025;15;"2025-04-06";3
"Serrana";"Influenza";2025;16;"2025-04-13";6
"Serrana";"Influenza";2025;17;"2025-04-20";13
"Serrana";"Influenza";2025;18;"2025-04-27";18
"Serrana";"Influenza";2025;19;"2025-05-04";30
"Serrana";"Influenza";2025;20;"2025-05-11";40
"Serrana";"Influenza";2025;21;"2025-05-18";42
"Serrana";"Influenza";2025;22;"2025-05-25";21
"Serrana";"Influenza";2025;23;"2025-06-01";22
"Serrana";"Influenza";2025;24;"2025-06-08";14
"Serrana";"Influenza";2025;25;"2025-06-15";3
"Serrana";"Influenza";2025;26;"2025-06-22";2
"Serrana";"Influenza";2025;27;"2025-06-29";3
"Serrana";"Influenza";2025;28;"2025-07-06";3
"Serrana";"Influenza";2025;29;"2025-07-13";1
"Serrana";"Influenza";2025;30;"2025-07-20";2
"Serrana";"Influenza";2025;31;"2025-07-27";2
"Serrana";"Influenza";2025;32;"2025-08-03";0
"Serrana";"Influenza";2025;33;"2025-08-10";0
"Serrana";"Influenza";2025;34;"2025-08-17";2
"Serrana";"Influenza";2025;35;"2025-08-24";0
"Serrana";"Influenza";2025;36;"2025-08-31";0
"Serrana";"Influenza";2025;37;"2025-09-07";1
"Serrana";"Influenza";2025;38;"2025-09-14";0
"Serrana";"Influenza";2025;39;"2025-09-21";1
"Serrana";"Influenza";2025;40;"2025-09-28";1
"Serrana";"Influenza";2025;41;"2025-10-05";2
"Serrana";"Influenza";2025;42;"2025-10-12";2
"Serrana";"Influenza";2025;43;"2025-10-19";5
"Serrana";"Influenza";2025;44;"2025-10-26";7
"Serrana";"Influenza";2025;45;"2025-11-02";1
"Serrana";"Influenza";2025;46;"2025-11-09";1
"Serrana";"Influenza";2025;47;"2025-11-16";0
"Serrana";"Influenza";2025;48;"2025-11-23";2
"Serrana";"Influenza";2025;49;"2025-11-30";1
"Serrana";"Influenza";2025;50;"2025-12-07";1
"Serrana";"Influenza";2025;51;"2025-12-14";0
"Serrana";"Influenza";2025;52;"2025-12-21";0
"Serrana";"Influenza";2025;53;"2025-12-28";1
"Serrana";"VSR";2022;1;"2022-01-02";0
"Serrana";"VSR";2022;2;"2022-01-09";0
"Serrana";"VSR";2022;3;"2022-01-16";0
"Serrana";"VSR";2022;4;"2022-01-23";0
"Serrana";"VSR";2022;5;"2022-01-30";0
"Serrana";"VSR";2022;6;"2022-02-06";0
"Serrana";"VSR";2022;7;"2022-02-13";1
"Serrana";"VSR";2022;8;"2022-02-20";0
"Serrana";"VSR";2022;9;"2022-02-27";1
"Serrana";"VSR";2022;10;"2022-03-06";3
"Serrana";"VSR";2022;11;"2022-03-13";2
"Serrana";"VSR";2022;12;"2022-03-20";3
"Serrana";"VSR";2022;13;"2022-03-27";1
"Serrana";"VSR";2022;14;"2022-04-03";5
"Serrana";"VSR";2022;15;"2022-04-10";5
"Serrana";"VSR";2022;16;"2022-04-17";3
"Serrana";"VSR";2022;17;"2022-04-24";5
"Serrana";"VSR";2022;18;"2022-05-01";12
"Serrana";"VSR";2022;19;"2022-05-08";5
"Serrana";"VSR";2022;20;"2022-05-15";2
"Serrana";"VSR";2022;21;"2022-05-22";5
"Serrana";"VSR";2022;22;"2022-05-29";1
"Serrana";"VSR";2022;23;"2022-06-05";0
"Serrana";"VSR";2022;24;"2022-06-12";4
"Serrana";"VSR";2022;25;"2022-06-19";1
"Serrana";"VSR";2022;26;"2022-06-26";1
"Serrana";"VSR";2022;27;"2022-07-03";0
"Serrana";"VSR";2022;28;"2022-07-10";0
"Serrana";"VSR";2022;29;"2022-07-17";0
"Serrana";"VSR";2022;30;"2022-07-24";0
"Serrana";"VSR";2022;31;"2022-07-31";0
"Serrana";"VSR";2022;32;"2022-08-07";0
"Serrana";"VSR";2022;33;"2022-08-14";0
"Serrana";"VSR";2022;34;"2022-08-21";0
"Serrana";"VSR";2022;35;"2022-08-28";0
"Serrana";"VSR";2022;36;"2022-09-04";0
"Serrana";"VSR";2022;37;"2022-09-11";0
"Serrana";"VSR";2022;38;"2022-09-18";0
"Serrana";"VSR";2022;39;"2022-09-25";0
"Serrana";"VSR";2022;40;"2022-10-02";0
"Serrana";"VSR";2022;41;"2022-10-09";0
"Serrana";"VSR";2022;42;"2022-10-16";0
"Serrana";"VSR";2022;43;"2022-10-23";0
"Serrana";"VSR";2022;44;"2022-10-30";0
"Serrana";"VSR";2022;45;"2022-11-06";0
"Serrana";"VSR";2022;46;"2022-11-13";0
"Serrana";"VSR";2022;47;"2022-11-20";0
"Serrana";"VSR";2022;48;"2022-11-27";0
"Serrana";"VSR";2022;49;"2022-12-04";0
"Serrana";"VSR";2022;50;"2022-12-11";0
"Serrana";"VSR";2022;51;"2022-12-18";0
"Serrana";"VSR";2022;52;"2022-12-25";0
"Serrana";"VSR";2023;1;"2023-01-01";1
"Serrana";"VSR";2023;2;"2023-01-08";1
"Serrana";"VSR";2023;3;"2023-01-15";1
"Serrana";"VSR";2023;4;"2023-01-22";2
"Serrana";"VSR";2023;5;"2023-01-29";0
"Serrana";"VSR";2023;6;"2023-02-05";2
"Serrana";"VSR";2023;7;"2023-02-12";4
"Serrana";"VSR";2023;8;"2023-02-19";7
"Serrana";"VSR";2023;9;"2023-02-26";5
"Serrana";"VSR";2023;10;"2023-03-05";10
"Serrana";"VSR";2023;11;"2023-03-12";8
"Serrana";"VSR";2023;12;"2023-03-19";23
"Serrana";"VSR";2023;13;"2023-03-26";12
"Serrana";"VSR";2023;14;"2023-04-02";18
"Serrana";"VSR";2023;15;"2023-04-09";21
"Serrana";"VSR";2023;16;"2023-04-16";5
"Serrana";"VSR";2023;17;"2023-04-23";8
"Serrana";"VSR";2023;18;"2023-04-30";7
"Serrana";"VSR";2023;19;"2023-05-07";2
"Serrana";"VSR";2023;20;"2023-05-14";1
"Serrana";"VSR";2023;21;"2023-05-21";4
"Serrana";"VSR";2023;22;"2023-05-28";3
"Serrana";"VSR";2023;23;"2023-06-04";0
"Serrana";"VSR";2023;24;"2023-06-11";3
"Serrana";"VSR";2023;25;"2023-06-18";1
"Serrana";"VSR";2023;26;"2023-06-25";1
"Serrana";"VSR";2023;27;"2023-07-02";3
"Serrana";"VSR";2023;28;"2023-07-09";0
"Serrana";"VSR";2023;29;"2023-07-16";0
"Serrana";"VSR";2023;30;"2023-07-23";0
"Serrana";"VSR";2023;31;"2023-07-30";0
"Serrana";"VSR";2023;32;"2023-08-06";0
"Serrana";"VSR";2023;33;"2023-08-13";1
"Serrana";"VSR";2023;34;"2023-08-20";0
"Serrana";"VSR";2023;35;"2023-08-27";0
"Serrana";"VSR";2023;36;"2023-09-03";0
"Serrana";"VSR";2023;37;"2023-09-10";0
"Serrana";"VSR";2023;38;"2023-09-17";0
"Serrana";"VSR";2023;39;"2023-09-24";0
"Serrana";"VSR";2023;40;"2023-10-01";0
"Serrana";"VSR";2023;41;"2023-10-08";0
"Serrana";"VSR";2023;42;"2023-10-15";0
"Serrana";"VSR";2023;43;"2023-10-22";0
"Serrana";"VSR";2023;44;"2023-10-29";0
"Serrana";"VSR";2023;45;"2023-11-05";0
"Serrana";"VSR";2023;46;"2023-11-12";0
"Serrana";"VSR";2023;47;"2023-11-19";0
"Serrana";"VSR";2023;48;"2023-11-26";0
"Serrana";"VSR";2023;49;"2023-12-03";0
"Serrana";"VSR";2023;50;"2023-12-10";0
"Serrana";"VSR";2023;51;"2023-12-17";0
"Serrana";"VSR";2023;52;"2023-12-24";1
"Serrana";"VSR";2024;1;"2023-12-31";0
"Serrana";"VSR";2024;2;"2024-01-07";0
"Serrana";"VSR";2024;3;"2024-01-14";0
"Serrana";"VSR";2024;4;"2024-01-21";0
"Serrana";"VSR";2024;5;"2024-01-28";0
"Serrana";"VSR";2024;6;"2024-02-04";0
"Serrana";"VSR";2024;7;"2024-02-11";0
"Serrana";"VSR";2024;8;"2024-02-18";1
"Serrana";"VSR";2024;9;"2024-02-25";1
"Serrana";"VSR";2024;10;"2024-03-03";0
"Serrana";"VSR";2024;11;"2024-03-10";1
"Serrana";"VSR";2024;12;"2024-03-17";0
"Serrana";"VSR";2024;13;"2024-03-24";1
"Serrana";"VSR";2024;14;"2024-03-31";6
"Serrana";"VSR";2024;15;"2024-04-07";8
"Serrana";"VSR";2024;16;"2024-04-14";8
"Serrana";"VSR";2024;17;"2024-04-21";7
"Serrana";"VSR";2024;18;"2024-04-28";6
"Serrana";"VSR";2024;19;"2024-05-05";5
"Serrana";"VSR";2024;20;"2024-05-12";6
"Serrana";"VSR";2024;21;"2024-05-19";8
"Serrana";"VSR";2024;22;"2024-05-26";6
"Serrana";"VSR";2024;23;"2024-06-02";16
"Serrana";"VSR";2024;24;"2024-06-09";19
"Serrana";"VSR";2024;25;"2024-06-16";6
"Serrana";"VSR";2024;26;"2024-06-23";8
"Serrana";"VSR";2024;27;"2024-06-30";8
"Serrana";"VSR";2024;28;"2024-07-07";3
"Serrana";"VSR";2024;29;"2024-07-14";5
"Serrana";"VSR";2024;30;"2024-07-21";0
"Serrana";"VSR";2024;31;"2024-07-28";0
"Serrana";"VSR";2024;32;"2024-08-04";0
"Serrana";"VSR";2024;33;"2024-08-11";1
"Serrana";"VSR";2024;34;"2024-08-18";2
"Serrana";"VSR";2024;35;"2024-08-25";1
"Serrana";"VSR";2024;36;"2024-09-01";0
"Serrana";"VSR";2024;37;"2024-09-08";0
"Serrana";"VSR";2024;38;"2024-09-15";1
"Serrana";"VSR";2024;39;"2024-09-22";1
"Serrana";"VSR";2024;40;"2024-09-29";0
"Serrana";"VSR";2024;41;"2024-10-06";0
"Serrana";"VSR";2024;42;"2024-10-13";0
"Serrana";"VSR";2024;43;"2024-10-20";0
"Serrana";"VSR";2024;44;"2024-10-27";0
"Serrana";"VSR";2024;45;"2024-11-03";0
"Serrana";"VSR";2024;46;"2024-11-10";0
"Serrana";"VSR";2024;47;"2024-11-17";0
"Serrana";"VSR";2024;48;"2024-11-24";0
"Serrana";"VSR";2024;49;"2024-12-01";0
"Serrana";"VSR";2024;50;"2024-12-08";1
"Serrana";"VSR";2024;51;"2024-12-15";0
"Serrana";"VSR";2024;52;"2024-12-22";0
"Serrana";"VSR";2025;1;"2024-12-29";1
"Serrana";"VSR";2025;2;"2025-01-05";0
"Serrana";"VSR";2025;3;"2025-01-12";0
"Serrana";"VSR";2025;4;"2025-01-19";0
"Serrana";"VSR";2025;5;"2025-01-26";0
"Serrana";"VSR";2025;6;"2025-02-02";0
"Serrana";"VSR";2025;7;"2025-02-09";2
"Serrana";"VSR";2025;8;"2025-02-16";0
"Serrana";"VSR";2025;9;"2025-02-23";0
"Serrana";"VSR";2025;10;"2025-03-02";0
"Serrana";"VSR";2025;11;"2025-03-09";1
"Serrana";"VSR";2025;12;"2025-03-16";3
"Serrana";"VSR";2025;13;"2025-03-23";3
"Serrana";"VSR";2025;14;"2025-03-30";8
"Serrana";"VSR";2025;15;"2025-04-06";20
"Serrana";"VSR";2025;16;"2025-04-13";8
"Serrana";"VSR";2025;17;"2025-04-20";18
"Serrana";"VSR";2025;18;"2025-04-27";14
"Serrana";"VSR";2025;19;"2025-05-04";23
"Serrana";"VSR";2025;20;"2025-05-11";22
"Serrana";"VSR";2025;21;"2025-05-18";29
"Serrana";"VSR";2025;22;"2025-05-25";17
"Serrana";"VSR";2025;23;"2025-06-01";22
"Serrana";"VSR";2025;24;"2025-06-08";21
"Serrana";"VSR";2025;25;"2025-06-15";15
"Serrana";"VSR";2025;26;"2025-06-22";11
"Serrana";"VSR";2025;27;"2025-06-29";12
"Serrana";"VSR";2025;28;"2025-07-06";10
"Serrana";"VSR";2025;29;"2025-07-13";7
"Serrana";"VSR";2025;30;"2025-07-20";8
"Serrana";"VSR";2025;31;"2025-07-27";5
"Serrana";"VSR";2025;32;"2025-08-03";3
"Serrana";"VSR";2025;33;"2025-08-10";2
"Serrana";"VSR";2025;34;"2025-08-17";3
"Serrana";"VSR";2025;35;"2025-08-24";1
"Serrana";"VSR";2025;36;"2025-08-31";1
"Serrana";"VSR";2025;37;"2025-09-07";0
"Serrana";"VSR";2025;38;"2025-09-14";0
"Serrana";"VSR";2025;39;"2025-09-21";0
"Serrana";"VSR";2025;40;"2025-09-28";1
"Serrana";"VSR";2025;41;"2025-10-05";2
"Serrana";"VSR";2025;42;"2025-10-12";0
"Serrana";"VSR";2025;43;"2025-10-19";0
"Serrana";"VSR";2025;44;"2025-10-26";1
"Serrana";"VSR";2025;45;"2025-11-02";0
"Serrana";"VSR";2025;46;"2025-11-09";0
"Serrana";"VSR";2025;47;"2025-11-16";0
"Serrana";"VSR";2025;48;"2025-11-23";0
"Serrana";"VSR";2025;49;"2025-11-30";0
"Serrana";"VSR";2025;50;"2025-12-07";0
"Serrana";"VSR";2025;51;"2025-12-14";0
"Serrana";"VSR";2025;52;"2025-12-21";0
"Serrana";"VSR";2025;53;"2025-12-28";0
