"agente","ano","cod6","nome","valor","z","lag_z","Ii","p_perm","p_fdr","quadrante","nivel","classe","n_vizinhos","instavel"
"influenza",2022,"330010","Angra dos Reis",0.746145738287165,-2.21990438533401,-1.15669272954849,0.150452437440897,0.8592,0.922509090909091,"LL","ns","ns",3,FALSE
"influenza",2022,"330015","Aperibé",1.38384408819478,-1.5822060354264,-1.43890790171097,0.133396055398206,0.6942,0.908405479452055,"LL","ns","ns",3,FALSE
"influenza",2022,"330020","Araruama",6.46478732294741,3.49873719932623,0.349908291764806,0.0717319289583484,0.6756,0.908405479452055,"HH","ns","ns",8,FALSE
"influenza",2022,"330022","Areal",1.3431149246256,-1.62293519899558,0.406071196954479,-0.0386144913321098,0.6286,0.908405479452055,"LH","ns","ns",4,FALSE
"influenza",2022,"330023","Armação dos Búzios",0.656940885780686,-2.30910923784049,-1.97058682517293,0.266616490029472,0.6174,0.908405479452055,"LL","ns","ns",1,TRUE
"influenza",2022,"330025","Arraial do Cabo",0.785380005735427,-2.18067011788575,0.185337871084997,-0.0236810576794551,0.7208,0.908405479452055,"LH","ns","ns",4,FALSE
"influenza",2022,"330030","Barra do Piraí",2.18669250559795,-0.77935761802323,2.31760994367512,-0.105833725332748,0.1798,0.551386666666667,"LH","ns","ns",7,FALSE
"influenza",2022,"330040","Barra Mansa",1.27663973514795,-1.68941038847323,4.91630775129931,-0.486654982941336,0.012,0.1794,"LH","indicativo","LH",8,FALSE
"influenza",2022,"330045","Belford Roxo",0.674847993874215,-2.29120212974696,-2.11421019423869,0.283830145588139,0.0794,0.46184,"LL","ns","ns",4,FALSE
"influenza",2022,"330050","Bom Jardim",0.837748927020233,-2.12830119660094,2.29925270914521,-0.286725784169673,0.2948,0.674517073170732,"LH","ns","ns",4,FALSE
"influenza",2022,"330060","Bom Jesus do Itabapoana",0.720033805419459,-2.24601631820172,-1.79475297301962,0.236191650910286,0.2256,0.589311111111111,"LL","ns","ns",5,FALSE
"influenza",2022,"330070","Cabo Frio",0.995463298448245,-1.97058682517293,0.436024283970638,-0.0503446360418118,0.6372,0.908405479452055,"LH","ns","ns",5,FALSE
"influenza",2022,"330080","Cachoeiras de Macacu",3.27681556478373,0.310765441162558,1.55209689209241,0.0282617141356905,0.3208,0.686362790697674,"HH","ns","ns",7,FALSE
"influenza",2022,"330090","Cambuci",1.21731153761132,-1.74873858600985,-1.73746561851457,0.178027898518845,0.1728,0.551365517241379,"LL","ns","ns",7,FALSE
"influenza",2022,"330093","Carapebus",1.24959514510022,-1.71645497852095,3.85259619531696,-0.387465341412326,0.1738,0.551365517241379,"LH","ns","ns",3,FALSE
"influenza",2022,"330095","Comendador Levy Gasparian",1.51666469029675,-1.44938543332443,-0.851261054734477,0.072292561007589,0.895,0.925168539325843,"LL","ns","ns",2,FALSE
"influenza",2022,"330100","Campos dos Goytacazes",1.67686280356814,-1.28918732005303,-1.74136283041006,0.131538307212076,0.0836,0.46184,"LL","ns","ns",10,FALSE
"influenza",2022,"330110","Cantagalo",6.8395234876118,3.87347336399062,-0.180636914872465,-0.0409971846744207,0.8674,0.922509090909091,"HL","ns","ns",7,FALSE
"influenza",2022,"330115","Cardoso Moreira",1.28911800994316,-1.67693211367802,-1.77057618327044,0.173971077297006,0.4934,0.856467924528302,"LL","ns","ns",3,FALSE
"influenza",2022,"330120","Carmo",10.3944235914926,7.42837346787145,1.18518245255551,0.515852923370556,0.4202,0.78894693877551,"HH","ns","ns",4,FALSE
"influenza",2022,"330130","Casimiro de Abreu",7.12107857938274,4.15502845576156,6.22071219058133,1.51447135734739,0.0096,0.1794,"HH","indicativo","HH",6,FALSE
"influenza",2022,"330140","Conceição de Macabu",0.999459168606629,-1.96659095501455,1.23964194861109,-0.14284243815664,0.4158,0.78894693877551,"LH","ns","ns",6,FALSE
"influenza",2022,"330150","Cordeiro",1.00838774666195,-1.95766237695922,-0.5161335743115,0.0592034285821699,0.991,0.991,"LL","ns","ns",5,FALSE
"influenza",2022,"330160","Duas Barras",1.38670397823454,-1.57934614538664,3.28665164721783,-0.304143089663699,0.0996,0.46184,"LH","ns","ns",6,FALSE
"influenza",2022,"330170","Duque de Caxias",1.86592284141773,-1.10012728220345,-0.908936501647233,0.0585899911589037,0.6778,0.908405479452055,"LL","ns","ns",7,FALSE
"influenza",2022,"330180","Engenheiro Paulo de Frontin",1.32281486866773,-1.64323525495345,2.62902770069069,-0.253128974173151,0.2442,0.6072,"LH","ns","ns",4,FALSE
"influenza",2022,"330185","Guapimirim",0.54205453469309,-2.42399558892809,0.0809653154488034,-0.0114994690987561,0.7578,0.917336842105263,"LH","ns","ns",5,FALSE
"influenza",2022,"330187","Iguaba Grande",3.16311611331623,0.197065989695054,0.111400733977372,0.00128631307487079,0.6922,0.908405479452055,"HH","ns","ns",3,FALSE
"influenza",2022,"330190","Itaboraí",0.569024714699956,-2.39702540892122,-1.1729305084223,0.164737273306441,0.5606,0.893179661016949,"LL","ns","ns",6,FALSE
"influenza",2022,"330200","Itaguaí",1.03214922293101,-1.93390090069017,-0.0562374521398774,0.00637245541099268,0.8672,0.922509090909091,"LL","ns","ns",7,FALSE
"influenza",2022,"330205","Italva",1.23993107737678,-1.7261190462444,-1.98524957606556,0.200785714174682,0.0834,0.46184,"LL","ns","ns",6,FALSE
"influenza",2022,"330210","Itaocara",0.951807777247891,-2.01424234637329,-0.615231078009441,0.0726100842466871,0.8824,0.922509090909091,"LL","ns","ns",6,FALSE
"influenza",2022,"330220","Itaperuna",0.311849188684362,-2.65420093493682,-1.69639427977221,0.263819899313947,0.1396,0.535015384615385,"LL","ns","ns",8,FALSE
"influenza",2022,"330225","Itatiaia",2.95790773419197,-0.00814238942920209,21.4619449240228,-0.0102392441539262,0.01,0.1794,"LH","indicativo","LH",1,TRUE
"influenza",2022,"330227","Japeri",0.325147168773732,-2.64090295484744,-0.564015568184972,0.0872751265674058,0.9726,0.983287912087912,"LL","ns","ns",5,FALSE
"influenza",2022,"330230","Laje do Muriaé",1.61143292348702,-1.35461720013416,-2.37908263182992,0.188830900974215,0.0714,0.46184,"LL","ns","ns",2,FALSE
"influenza",2022,"330240","Macaé",18.4913364446207,15.5252863209995,2.61576201595852,2.37949502090477,0.127,0.531090909090909,"HH","ns","ns",6,FALSE
"influenza",2022,"330245","Macuco",1.76196214745874,-1.20408797616243,-0.252586296178517,0.0178202977985232,0.8562,0.922509090909091,"LL","ns","ns",4,FALSE
"influenza",2022,"330250","Magé",1.79316074370275,-1.17288937991843,0.598492183982471,-0.0411303580452546,0.5728,0.893179661016949,"LH","ns","ns",3,FALSE
"influenza",2022,"330260","Mangaratiba",0.642792706003742,-2.32325741761743,-0.978183172623605,0.133157144411646,0.9382,0.959048888888889,"LL","ns","ns",3,FALSE
"influenza",2022,"330270","Maricá",0.641322544429452,-2.32472757919173,-1.81648936823488,0.24742973001984,0.2236,0.589311111111111,"LL","ns","ns",5,FALSE
"influenza",2022,"330280","Mendes",1.10971593133113,-1.85633419229005,2.45556072785402,-0.267087643428979,0.2306,0.589311111111111,"LH","ns","ns",5,FALSE
"influenza",2022,"330285","Mesquita",0.198785452197443,-2.76726467142373,-2.10723615475904,0.341673157243392,0.0438,0.3358,"LL","indicativo","LL",5,FALSE
"influenza",2022,"330290","Miguel Pereira",0.868262507245456,-2.09778761637572,1.29084920391681,-0.158666039631512,0.3568,0.7404,"LH","ns","ns",8,FALSE
"influenza",2022,"330300","Miracema",0.862085794898151,-2.10396432872303,-1.47447172954455,0.181769819344379,0.548,0.893179661016949,"LL","ns","ns",4,FALSE
"influenza",2022,"330310","Natividade",1.19886469516711,-1.76718542845407,-2.07157561394291,0.214501268542193,0.1004,0.46184,"LL","ns","ns",4,FALSE
"influenza",2022,"330320","Nilópolis",0.841347288141406,-2.12470283547977,-2.32181874393615,0.289050325968583,0.033,0.31832,"LL","indicativo","LL",3,FALSE
"influenza",2022,"330330","Niterói",2.28665181153924,-0.67939831208194,-2.24170470484273,0.0892379982803749,0.1512,0.535015384615385,"LL","ns","ns",2,FALSE
"influenza",2022,"330340","Nova Friburgo",17.242475399946,14.2764252763248,1.64653841849693,1.37733092311236,0.192,0.569806451612903,"HH","ns","ns",9,FALSE
"influenza",2022,"330350","Nova Iguaçu",1.04396587543743,-1.92208424818374,-2.18699062475644,0.246301067421223,0.0022,0.1794,"LL","indicativo","LL",9,FALSE
"influenza",2022,"330360","Paracambi",9.48674722953539,6.52069710591422,-1.78994390102307,-0.683880782835923,0.1458,0.535015384615385,"HL","ns","ns",7,FALSE
"influenza",2022,"330370","Paraíba do Sul",0.63332145456257,-2.33272866905861,1.0296491679239,-0.14073446056291,0.4678,0.827646153846154,"LH","ns","ns",7,FALSE
"influenza",2022,"330380","Paraty",0.599973584439786,-2.36607653918139,-2.21990438533401,0.307758468085572,0.3702,0.7404,"LL","ns","ns",1,TRUE
"influenza",2022,"330385","Paty do Alferes",0.809361460636231,-2.15668866298495,2.20965466078973,-0.279227901914567,0.3006,0.674517073170732,"LH","ns","ns",4,FALSE
"influenza",2022,"330390","Petrópolis",8.28564954670012,5.31959942307895,-1.59253618628251,-0.496381049196518,0.1688,0.551365517241379,"HL","ns","ns",10,FALSE
"influenza",2022,"330395","Pinheiral",3.45354764979234,0.487497526171166,-0.0439422244270882,-0.00125516669527309,0.7464,0.917336842105263,"HL","ns","ns",3,FALSE
"influenza",2022,"330400","Piraí",3.19621402443942,0.230163900818244,0.298226793085724,0.00402189585818779,0.7156,0.908405479452055,"HH","ns","ns",8,FALSE
"influenza",2022,"330410","Porciúncula",1.11703705639783,-1.84901306722335,-1.65212878193192,0.178990850079862,0.7526,0.917336842105263,"LL","ns","ns",2,FALSE
"influenza",2022,"330411","Porto Real",3.83514138113315,0.869091257511977,8.33336035315851,0.424358100154455,0.0156,0.1794,"HH","indicativo","HH",3,FALSE
"influenza",2022,"330412","Quatis",8.19359664754709,5.22754652392592,7.83151900078082,2.39878246587944,0.0122,0.1794,"HH","indicativo","HH",4,FALSE
"influenza",2022,"330414","Queimados",0.232757330164462,-2.73329279345672,-2.3835324972847,0.381728149425137,0.0146,0.1794,"LL","indicativo","LL",3,FALSE
"influenza",2022,"330415","Quissamã",0.965143343587109,-2.00090678003407,-1.65741108452951,0.194313980315869,0.5656,0.893179661016949,"LL","ns","ns",3,FALSE
"influenza",2022,"330420","Resende",24.427995047644,21.4619449240228,1.09977125088387,1.38298793605752,0.3908,0.764970212765957,"HH","ns","ns",4,FALSE
"influenza",2022,"330430","Rio Bonito",4.70747539882696,1.74142527520578,0.178496149883682,0.0182129648560739,0.7128,0.908405479452055,"HH","ns","ns",6,FALSE
"influenza",2022,"330440","Rio Claro",4.18530589177454,1.21925576815336,-1.25315702456215,-0.0895256050509061,0.5494,0.893179661016949,"HL","ns","ns",6,FALSE
"influenza",2022,"330450","Rio das Flores",1.50326210621049,-1.46278801741069,5.43375234883913,-0.465723538092805,0.0918,0.46184,"LH","ns","ns",3,FALSE
"influenza",2022,"330452","Rio das Ostras",5.45462033821955,2.48857021459838,9.84015738838053,1.43482487312606,0.0346,0.31832,"HH","indicativo","HH",2,FALSE
"influenza",2022,"330455","Rio de Janeiro",1.43522313838029,-1.53082698524089,-2.15757925742108,0.193526222977465,0.0132,0.1794,"LL","indicativo","LL",7,FALSE
"influenza",2022,"330460","Santa Maria Madalena",1.42757049029441,-1.53847963332676,-1.69567132606539,0.152855257399403,0.3094,0.677733333333333,"LL","ns","ns",5,FALSE
"influenza",2022,"330470","Santo Antônio de Pádua",2.41230735087141,-0.553742772749767,-0.818500657149898,0.0265566968794793,0.771,0.921194805194805,"LL","ns","ns",6,FALSE
"influenza",2022,"330475","São Francisco de Itabapoana",3.92359562377769,0.95754550015651,-1.77734657967994,-0.0997191333831763,0.643,0.908405479452055,"HL","ns","ns",2,FALSE
"influenza",2022,"330480","São Fidélis",0.669627940107283,-2.29642218351389,-1.62534990000467,0.218698374685343,0.2282,0.589311111111111,"LL","ns","ns",7,FALSE
"influenza",2022,"330490","São Gonçalo",0.807368293127448,-2.15868183049373,-1.80038376673163,0.227719739136934,0.4584,0.826917647058824,"LL","ns","ns",3,FALSE
"influenza",2022,"330500","São João da Barra",0.700544284314328,-2.26550583930685,-0.165820909948261,0.0220115909227949,0.672,0.908405479452055,"LL","ns","ns",2,FALSE
"influenza",2022,"330510","São João de Meriti",0.298685548477346,-2.66736457514383,-1.96282478081896,0.306768571858642,0.1228,0.531090909090909,"LL","ns","ns",5,FALSE
"influenza",2022,"330513","São José de Ubá",1.63072411326373,-1.33532601035745,-1.76516165560487,0.138107971469939,0.3628,0.7404,"LL","ns","ns",4,FALSE
"influenza",2022,"330515","São José do Vale do Rio Preto",0.973257597829097,-1.99279252579208,0.852974979522204,-0.0995967875916449,0.5336,0.893179661016949,"LH","ns","ns",6,FALSE
"influenza",2022,"330520","São Pedro da Aldeia",1.98218524411281,-0.983864879508368,-0.113863438509349,0.00656397178961612,0.803,0.922509090909091,"LL","ns","ns",4,FALSE
"influenza",2022,"330530","São Sebastião do Alto",1.58229986927382,-1.38375025434735,-0.787027448797311,0.0638108524071601,0.7928,0.922509090909091,"LL","ns","ns",6,FALSE
"influenza",2022,"330540","Sapucaia",7.18505136655892,4.21900124293775,1.07334721258733,0.26533640411483,0.4364,0.802976,"HH","ns","ns",4,FALSE
"influenza",2022,"330550","Saquarema",1.30107760223224,-1.66497252138894,0.183266531762928,-0.0178787513531738,0.7182,0.908405479452055,"LH","ns","ns",4,FALSE
"influenza",2022,"330555","Seropédica",0.378439834798277,-2.5876102888229,-0.70671846275079,0.107150020788309,0.8524,0.922509090909091,"LL","ns","ns",6,FALSE
"influenza",2022,"330560","Silva Jardim",6.47189108103321,3.50584095741203,4.79647632955619,0.985284087891182,0.0418,0.3358,"HH","indicativo","HH",5,FALSE
"influenza",2022,"330570","Sumidouro",1.19365147230147,-1.77239865131971,3.44933963629957,-0.358215457956089,0.0878,0.46184,"LH","ns","ns",6,FALSE
"influenza",2022,"330575","Tanguá",0.783681355332601,-2.18236876828858,-0.866906958626709,0.110853032957427,0.787,0.922509090909091,"LL","ns","ns",5,FALSE
"influenza",2022,"330580","Teresópolis",1.31042662546334,-1.65562349815784,2.28626722908774,-0.221786713810433,0.2094,0.589311111111111,"LH","ns","ns",6,FALSE
"influenza",2022,"330590","Trajano de Moraes",1.42364420622307,-1.54240591739811,2.45285490061413,-0.221675396505857,0.136,0.535015384615385,"LH","ns","ns",8,FALSE
"influenza",2022,"330600","Três Rios",3.59625668321083,0.630206559589653,0.356793139807667,0.013174870885862,0.6748,0.908405479452055,"HH","ns","ns",6,FALSE
"influenza",2022,"330610","Valença",13.6505003336829,10.6844502100617,1.84910520110662,1.15760595660534,0.273,0.660947368421053,"HH","ns","ns",5,FALSE
"influenza",2022,"330615","Varre-Sai",1.4289779882114,-1.53707213540977,-1.95407160462638,0.175987441086878,0.2992,0.674517073170732,"LL","ns","ns",3,FALSE
"influenza",2022,"330620","Vassouras",10.9155856291355,7.94953550551431,-0.205558727629374,-0.0957468791885239,0.8796,0.922509090909091,"HL","ns","ns",8,FALSE
"influenza",2022,"330630","Volta Redonda",3.3834171675449,0.417367043923721,-0.106370162270737,-0.00260126698070607,0.842,0.922509090909091,"HL","ns","ns",5,FALSE
"influenza",2023,"330010","Angra dos Reis",9.86753643292519,5.25912357978938,-2.57947553985911,-1.14655751930858,0.0674,0.468658823529412,"HL","ns","ns",3,FALSE
"influenza",2023,"330015","Aperibé",3.01667568729964,-1.59173716583618,-2.29835559201397,0.309200106920399,0.1524,0.5014,"LL","ns","ns",3,FALSE
"influenza",2023,"330020","Araruama",6.20355521843943,1.59514236530361,1.96123653887316,0.264411586615042,0.1322,0.5014,"HH","ns","ns",8,FALSE
"influenza",2023,"330022","Areal",7.39667353865757,2.78826068552176,0.85738466434661,0.202050599445191,0.554,0.840761290322581,"HH","ns","ns",4,FALSE
"influenza",2023,"330023","Armação dos Búzios",3.14664489701592,-1.4617679561199,1.98634184648746,-0.245405044734768,0.4286,0.730207407407407,"LH","ns","ns",1,TRUE
"influenza",2023,"330025","Arraial do Cabo",2.05820500559873,-2.55020784753709,1.37920479388919,-0.29727294983551,0.4188,0.730207407407407,"LH","ns","ns",4,FALSE
"influenza",2023,"330030","Barra do Piraí",7.2573366796043,2.64892382646849,-0.134418165387627,-0.0300939011530098,0.9696,0.980254945054945,"HL","ns","ns",7,FALSE
"influenza",2023,"330040","Barra Mansa",2.07878723649995,-2.52962561663586,2.0454887629569,-0.437325101261262,0.1314,0.5014,"LH","ns","ns",8,FALSE
"influenza",2023,"330045","Belford Roxo",1.18892969125169,-3.41948316188412,-2.488890815648,0.71931210916699,0.0366,0.468658823529412,"LL","indicativo","LL",4,FALSE
"influenza",2023,"330050","Bom Jardim",3.77052331486116,-0.837889538274652,4.80191166955127,-0.34005721346363,0.025,0.46,"LH","indicativo","LH",4,FALSE
"influenza",2023,"330060","Bom Jesus do Itabapoana",1.93098659377551,-2.6774262593603,-1.33986396637499,0.303200059983624,0.4062,0.730207407407407,"LL","ns","ns",5,FALSE
"influenza",2023,"330070","Cabo Frio",6.59475469962327,1.98634184648746,-0.519890194197236,-0.0872803893600165,0.855,0.943219047619048,"HL","ns","ns",5,FALSE
"influenza",2023,"330080","Cachoeiras de Macacu",2.55606821229629,-2.05234464083953,2.03247391271532,-0.352554553660557,0.1528,0.5014,"LH","ns","ns",7,FALSE
"influenza",2023,"330090","Cambuci",2.78909203107511,-1.8193208220607,-1.78727926662735,0.274822802607927,0.114,0.499428571428571,"LL","ns","ns",7,FALSE
"influenza",2023,"330093","Carapebus",4.95437633026359,0.345963477127773,5.93586067996198,0.173566141649294,0.019,0.46,"HH","indicativo","HH",3,FALSE
"influenza",2023,"330095","Comendador Levy Gasparian",7.94952044331913,3.34110759018331,0.374040542382423,0.105623412799343,0.6882,0.867320547945206,"HH","ns","ns",2,FALSE
"influenza",2023,"330100","Campos dos Goytacazes",3.06184574467644,-1.54656710845937,-0.208200392345096,0.0272145633132478,0.9138,0.9729,"LL","ns","ns",10,FALSE
"influenza",2023,"330110","Cantagalo",6.32341776620781,1.71500491307199,-0.516675930261272,-0.0748918666622695,0.7834,0.924425316455696,"HL","ns","ns",7,FALSE
"influenza",2023,"330115","Cardoso Moreira",5.05131159850717,0.44289874537136,-2.03802602083482,-0.0762895813177647,0.285,0.629542857142857,"HL","ns","ns",3,FALSE
"influenza",2023,"330120","Carmo",2.6442892396774,-1.96412361345841,0.150621969206626,-0.0250039254245434,0.8102,0.93173,"LH","ns","ns",4,FALSE
"influenza",2023,"330130","Casimiro de Abreu",1.66300454788257,-2.94540830525325,3.13448484885735,-0.780302033689317,0.0612,0.468658823529412,"LH","ns","ns",6,FALSE
"influenza",2023,"330140","Conceição de Macabu",7.9559924512251,3.34757959808929,2.08011804709749,0.588531823293468,0.1696,0.5014,"HH","ns","ns",6,FALSE
"influenza",2023,"330150","Cordeiro",9.84902857662685,5.24061572349104,0.232168649762096,0.102834051809369,0.7628,0.923389473684211,"HH","ns","ns",5,FALSE
"influenza",2023,"330160","Duas Barras",5.28102727400348,0.67261442086767,2.81646010185124,0.160110876327876,0.0816,0.468658823529412,"HH","ns","ns",6,FALSE
"influenza",2023,"330170","Duque de Caxias",2.80048620382666,-1.80792664930915,-1.20425965558211,0.184014480671017,0.3572,0.665344,"LL","ns","ns",7,FALSE
"influenza",2023,"330180","Engenheiro Paulo de Frontin",2.93595830017695,-1.67245455295886,-0.823349012089049,0.116382947178847,0.7372,0.904298666666667,"LL","ns","ns",4,FALSE
"influenza",2023,"330185","Guapimirim",1.55362317464406,-3.05478967849175,-1.01874815836285,0.26302631951998,0.5556,0.840761290322581,"LL","ns","ns",5,FALSE
"influenza",2023,"330187","Iguaba Grande",3.78095704428106,-0.827455808854753,0.602575096795654,-0.0421412142474361,0.6444,0.846925714285714,"LH","ns","ns",3,FALSE
"influenza",2023,"330190","Itaboraí",2.76975704252736,-1.83865581060845,0.0349450378969942,-0.00543046490245691,0.8892,0.962428235294118,"LH","ns","ns",6,FALSE
"influenza",2023,"330200","Itaguaí",2.82816192405277,-1.78025092908304,-2.26427351189283,0.340691394571669,0.0228,0.46,"LL","indicativo","LL",7,FALSE
"influenza",2023,"330205","Italva",2.8213578639497,-1.78705498918611,-1.39450826557928,0.21062507162169,0.3196,0.665344,"LL","ns","ns",6,FALSE
"influenza",2023,"330210","Itaocara",2.3717826705328,-2.23663018260301,-1.44344540432661,0.272863597201539,0.2874,0.629542857142857,"LL","ns","ns",6,FALSE
"influenza",2023,"330220","Itaperuna",4.62223466902813,0.0138218158923218,-1.83557323415467,-0.00214431151091462,0.0838,0.468658823529412,"HL","ns","ns",8,FALSE
"influenza",2023,"330225","Itatiaia",14.3982008662878,9.78978801315197,10.0068831756085,8.27986344417343,0.051,0.468658823529412,"HH","ns","ns",1,TRUE
"influenza",2023,"330227","Japeri",1.76777932353052,-2.84063352960529,-2.14237899646373,0.514354528361217,0.0866,0.468658823529412,"LL","ns","ns",5,FALSE
"influenza",2023,"330230","Laje do Muriaé",3.29677274706746,-1.31164010606835,-1.19633722906183,0.132623157156671,0.792,0.924425316455696,"LL","ns","ns",2,FALSE
"influenza",2023,"330240","Macaé",10.5355559748914,5.92714312175563,1.85735702787455,0.930447480925675,0.1896,0.528342857142857,"HH","ns","ns",6,FALSE
"influenza",2023,"330245","Macuco",3.46336837928542,-1.1450444738504,1.59168273716532,-0.154038725983092,0.3584,0.665344,"LH","ns","ns",4,FALSE
"influenza",2023,"330250","Magé",1.98507406542876,-2.62333878770705,0.00647880637096643,-0.00143648282562626,0.8534,0.943219047619048,"LH","ns","ns",3,FALSE
"influenza",2023,"330260","Mangaratiba",1.77129028106355,-2.83712257207226,0.501338359533324,-0.120215396010184,0.674,0.861222222222222,"LH","ns","ns",3,FALSE
"influenza",2023,"330270","Maricá",1.40554082119625,-3.20287203193956,2.88946469019002,-0.782182392815705,0.1034,0.499428571428571,"LH","ns","ns",5,FALSE
"influenza",2023,"330280","Mendes",4.59503373945067,-0.0133791136851427,-0.798401286809351,0.000902816793917711,0.7062,0.877978378378378,"LL","ns","ns",5,FALSE
"influenza",2023,"330285","Mesquita",1.62135525039358,-2.98705760274224,-2.22278665427755,0.561167401967076,0.0658,0.468658823529412,"LL","ns","ns",5,FALSE
"influenza",2023,"330290","Miguel Pereira",3.86821709119652,-0.740195761939292,-1.14515779947791,0.0716412222007761,0.3502,0.665344,"LL","ns","ns",8,FALSE
"influenza",2023,"330300","Miracema",2.20191657911984,-2.40649627401597,-1.35667916749388,0.27593920366918,0.4796,0.787914285714286,"LL","ns","ns",4,FALSE
"influenza",2023,"330310","Natividade",2.76211514747055,-1.84629770566526,-1.04767341336707,0.163485300473979,0.6266,0.845333333333333,"LL","ns","ns",4,FALSE
"influenza",2023,"330320","Nilópolis",3.44291536809031,-1.1654974850455,-2.27936215819271,0.224530700553132,0.1686,0.5014,"LL","ns","ns",3,FALSE
"influenza",2023,"330330","Niterói",8.3414536515085,3.73304079837269,-2.53441086740347,-0.799633196294767,0.1652,0.5014,"HL","ns","ns",2,FALSE
"influenza",2023,"330340","Nova Friburgo",17.1466714599863,12.5382586068505,-0.230661611731617,-0.244435118593156,0.981,0.981,"HL","ns","ns",9,FALSE
"influenza",2023,"330350","Nova Iguaçu",1.9304891005136,-2.67792375262222,-2.15536925879933,0.487832745311629,0.015,0.46,"LL","indicativo","LL",9,FALSE
"influenza",2023,"330360","Paracambi",1.76903946609205,-2.83937338704376,-1.59988251039419,0.383938492251221,0.1744,0.5014,"LL","ns","ns",7,FALSE
"influenza",2023,"330370","Paraíba do Sul",4.37313331578686,-0.235279537348949,1.19276451922508,-0.0237186477923007,0.3616,0.665344,"LH","ns","ns",7,FALSE
"influenza",2023,"330380","Paraty",1.68196637773711,-2.9264464753987,5.25912357978938,-1.30078349624736,0.174,0.5014,"LH","ns","ns",1,TRUE
"influenza",2023,"330385","Paty do Alferes",2.10375736762599,-2.50465548550982,1.05155741548439,-0.222603528660991,0.5112,0.810868965517241,"LH","ns","ns",4,FALSE
"influenza",2023,"330390","Petrópolis",9.49056560004961,4.8821527469138,-1.28568140665357,-0.530512697601405,0.2388,0.580084210526316,"HL","ns","ns",10,FALSE
"influenza",2023,"330395","Pinheiral",4.04522418994048,-0.563188663195338,0.661735406990287,-0.0314984609038067,0.6218,0.845333333333333,"LH","ns","ns",3,FALSE
"influenza",2023,"330400","Piraí",2.17975831831119,-2.42865453482462,-0.660851815744253,0.135650340164293,0.634,0.845333333333333,"LL","ns","ns",8,FALSE
"influenza",2023,"330410","Porciúncula",4.61454548759206,0.00613263445624757,-1.6897597750609,-0.000875836626680014,0.6128,0.845333333333333,"HL","ns","ns",2,FALSE
"influenza",2023,"330411","Porto Real",8.06219524229585,3.45378238916003,2.61357394066874,0.762923194795829,0.2262,0.578066666666667,"HH","ns","ns",3,FALSE
"influenza",2023,"330412","Quatis",4.97187711616943,0.363464263033612,3.36511789378031,0.103374413078747,0.092,0.470222222222222,"HH","ns","ns",4,FALSE
"influenza",2023,"330414","Queimados",1.87761992308554,-2.73079293005027,-2.4140554776302,0.557169164311265,0.1096,0.499428571428571,"LL","ns","ns",3,FALSE
"influenza",2023,"330415","Quissamã",13.1412721731768,8.53285932004101,0.715658655585896,0.516121048174491,0.5588,0.840761290322581,"HH","ns","ns",3,FALSE
"influenza",2023,"330420","Resende",14.6152960287443,10.0068831756085,2.76935226217744,2.34222217364024,0.1224,0.5014,"HH","ns","ns",4,FALSE
"influenza",2023,"330430","Rio Bonito",11.3944815929757,6.78606873983985,1.96357706153644,1.12620450791358,0.165,0.5014,"HH","ns","ns",6,FALSE
"influenza",2023,"330440","Rio Claro",2.63355528102945,-1.97485757210637,-0.425265523916569,0.0709818006775838,0.8612,0.943219047619048,"LL","ns","ns",6,FALSE
"influenza",2023,"330450","Rio das Flores",3.16798611417654,-1.44042673895928,0.86456810131721,-0.105254685872409,0.5666,0.840761290322581,"LH","ns","ns",3,FALSE
"influenza",2023,"330452","Rio das Ostras",1.71000371657295,-2.89840913656287,1.49086740825119,-0.365215976472933,0.4574,0.765105454545454,"LH","ns","ns",2,FALSE
"influenza",2023,"330455","Rio de Janeiro",3.24003923921833,-1.36837361391748,-2.08927440391195,0.241630210174445,0.0438,0.468658823529412,"LL","indicativo","LL",7,FALSE
"influenza",2023,"330460","Santa Maria Madalena",3.07356439825984,-1.53484845487598,-0.313666632626158,0.040689736712803,0.9306,0.9729,"LL","ns","ns",5,FALSE
"influenza",2023,"330470","Santo Antônio de Pádua",1.76929708175762,-2.8391157713782,-1.27149368997753,0.305104327993768,0.3606,0.665344,"LL","ns","ns",6,FALSE
"influenza",2023,"330475","São Francisco de Itabapoana",1.68648723998163,-2.92192561315418,-2.13200961493439,0.52651333028082,0.3586,0.665344,"LL","ns","ns",2,FALSE
"influenza",2023,"330480","São Fidélis",1.82795688827684,-2.78045596485897,-1.40379577524449,0.329891411584285,0.2678,0.629542857142857,"LL","ns","ns",7,FALSE
"influenza",2023,"330490","São Gonçalo",2.74246315026843,-1.86594970286739,-0.436162348058443,0.0687858585068148,0.9692,0.980254945054945,"LL","ns","ns",3,FALSE
"influenza",2023,"330500","São João da Barra",1.89096073172642,-2.7174521214094,-2.23424636080678,0.513149626388884,0.3032,0.648706976744186,"LL","ns","ns",2,FALSE
"influenza",2023,"330510","São João de Meriti",2.1257575952174,-2.48265525791841,-2.1496677025797,0.451064663606285,0.0806,0.468658823529412,"LL","ns","ns",5,FALSE
"influenza",2023,"330513","São José de Ubá",3.31863024471451,-1.28978260842131,-1.76277776289064,0.192160949812681,0.2838,0.629542857142857,"LL","ns","ns",4,FALSE
"influenza",2023,"330515","São José do Vale do Rio Preto",2.40771767884361,-2.20069517429221,0.567848049643862,-0.105619251740125,0.6556,0.84950985915493,"LH","ns","ns",6,FALSE
"influenza",2023,"330520","São Pedro da Aldeia",7.37120362575625,2.76279077262044,0.0509551388498083,0.0118983583036671,0.8262,0.9384,"HH","ns","ns",4,FALSE
"influenza",2023,"330530","São Sebastião do Alto",3.26336523823822,-1.3450476148976,-0.87096937268675,0.099012858547505,0.596,0.845333333333333,"LL","ns","ns",6,FALSE
"influenza",2023,"330540","Sapucaia",2.61638687659568,-1.99202597654013,-0.743640911552462,0.125201441403273,0.7938,0.924425316455696,"LL","ns","ns",4,FALSE
"influenza",2023,"330550","Saquarema",15.4277434775087,10.8193306243729,2.19447415372106,2.00669754519433,0.201,0.528342857142857,"HH","ns","ns",4,FALSE
"influenza",2023,"330555","Seropédica",2.88480370247273,-1.72360915066309,-2.37289135705368,0.345674785779699,0.0232,0.46,"LL","indicativo","LL",6,FALSE
"influenza",2023,"330560","Silva Jardim",4.26684514244557,-0.341567710690239,3.18434335318024,-0.0919279880778656,0.0732,0.468658823529412,"LH","ns","ns",5,FALSE
"influenza",2023,"330570","Sumidouro",4.81530737256279,0.206894519426973,0.598745660642398,0.0104698973130021,0.6182,0.845333333333333,"HH","ns","ns",6,FALSE
"influenza",2023,"330575","Tanguá",8.20797039481615,3.59955754168034,2.10230537616504,0.639581625158786,0.1972,0.528342857142857,"HH","ns","ns",5,FALSE
"influenza",2023,"330580","Teresópolis",1.14685855356279,-3.46155429957303,1.71991272992796,-0.503186077548081,0.2396,0.580084210526316,"LH","ns","ns",6,FALSE
"influenza",2023,"330590","Trajano de Moraes",5.36457078013168,0.756157926995865,2.77384587103598,0.177274346035604,0.0488,0.468658823529412,"HH","indicativo","HH",8,FALSE
"influenza",2023,"330600","Três Rios",5.59177347524961,0.983360622113794,1.09725338907293,0.0911949524128565,0.428,0.730207407407407,"HH","ns","ns",6,FALSE
"influenza",2023,"330610","Valença",7.13784448012439,2.52943162698858,-0.131622410356208,-0.0281386877960245,0.9264,0.9729,"HL","ns","ns",5,FALSE
"influenza",2023,"330615","Varre-Sai",3.07519100867927,-1.53322184445654,-1.50586377685644,0.195137951500814,0.5076,0.810868965517241,"LL","ns","ns",3,FALSE
"influenza",2023,"330620","Vassouras",4.90796506744781,0.299552214311998,-0.178504467118034,-0.00451931569632061,0.9566,0.980254945054945,"HL","ns","ns",8,FALSE
"influenza",2023,"330630","Volta Redonda",6.3733497824628,1.76493692932699,-0.96948051205874,-0.144616994206174,0.6268,0.845333333333333,"HL","ns","ns",5,FALSE
"influenza",2024,"330010","Angra dos Reis",11.4809685217125,1.14312904995162,-2.89032178550624,-0.0885389573962751,0.3736,0.670918518518518,"HL","ns","ns",3,FALSE
"influenza",2024,"330015","Aperibé",14.5086682847427,4.17082881298178,10.6004464673396,1.18478478407606,0.0208,0.2392,"HH","indicativo","HH",3,FALSE
"influenza",2024,"330020","Araruama",7.75357138948128,-2.58426808227962,0.49723427776504,-0.0344343246237988,0.7258,0.892635897435897,"LH","ns","ns",8,FALSE
"influenza",2024,"330022","Areal",9.49114494355122,-0.846694528209682,-2.05155291690497,0.046548149699788,0.548,0.808723809523809,"LL","ns","ns",4,FALSE
"influenza",2024,"330023","Armação dos Búzios",6.91348062820366,-3.42435884355725,3.46308088683309,-0.31778606541654,0.325,0.65,"LH","ns","ns",1,TRUE
"influenza",2024,"330025","Arraial do Cabo",6.38305883285561,-3.9547806389053,0.127852303258259,-0.0135495197195062,0.7786,0.89539,"LH","ns","ns",4,FALSE
"influenza",2024,"330030","Barra do Piraí",37.3640531837711,27.0262137120101,-0.703277563274407,-0.509336634956004,0.9726,0.983287912087912,"HL","ns","ns",7,FALSE
"influenza",2024,"330040","Barra Mansa",6.61738776504582,-3.72045170671509,6.62480858522188,-0.660483468184886,0.016,0.233942857142857,"LH","indicativo","LH",8,FALSE
"influenza",2024,"330045","Belford Roxo",4.01409457337912,-6.32374489838178,-4.50934210853547,0.76415326456543,0.0178,0.233942857142857,"LL","indicativo","LL",4,FALSE
"influenza",2024,"330050","Bom Jardim",13.4078488689008,3.0700093971399,2.97578640945869,0.244812960934382,0.3234,0.65,"HH","ns","ns",4,FALSE
"influenza",2024,"330060","Bom Jesus do Itabapoana",4.47786315468844,-5.85997631707247,1.25134140980803,-0.196500935909093,0.5538,0.808723809523809,"LH","ns","ns",5,FALSE
"influenza",2024,"330070","Cabo Frio",13.800920358594,3.46308088683309,-1.10715324825446,-0.102745620610962,0.8472,0.926710588235294,"HL","ns","ns",5,FALSE
"influenza",2024,"330080","Cachoeiras de Macacu",12.254556944029,1.9167174722681,-1.04899288096211,-0.053879503913376,0.7568,0.892635897435897,"HL","ns","ns",7,FALSE
"influenza",2024,"330090","Cambuci",28.870224244974,18.5323847732131,3.92439423078419,1.94893288146452,0.109,0.495485714285714,"HH","ns","ns",7,FALSE
"influenza",2024,"330093","Carapebus",24.8418712053965,14.5040317336356,2.28034530629956,0.886303170794596,0.365,0.670918518518518,"HH","ns","ns",3,FALSE
"influenza",2024,"330095","Comendador Levy Gasparian",10.2674043616865,-0.0704351100743796,-4.97172090778961,0.00938401913158028,0.0608,0.4278,"LL","ns","ns",2,FALSE
"influenza",2024,"330100","Campos dos Goytacazes",4.73722969683358,-5.60060977492732,-0.935419914182501,0.140389578840933,0.6982,0.892635897435897,"LL","ns","ns",10,FALSE
"influenza",2024,"330110","Cantagalo",12.0191381254564,1.68129865369549,1.87123075617529,0.0843072955532266,0.3938,0.670918518518518,"HH","ns","ns",7,FALSE
"influenza",2024,"330115","Cardoso Moreira",13.8455482272524,3.50770875549154,-3.88070199059651,-0.364776427711331,0.1288,0.495485714285714,"HL","ns","ns",3,FALSE
"influenza",2024,"330120","Carmo",10.491917935017,0.154078463256086,0.481628017861996,0.0019885963012486,0.6864,0.892635897435897,"HH","ns","ns",4,FALSE
"influenza",2024,"330130","Casimiro de Abreu",16.5597312845938,6.2218918128329,3.0195274203064,0.503447720492369,0.2454,0.562321951219512,"HH","ns","ns",6,FALSE
"influenza",2024,"330140","Conceição de Macabu",11.6073746635913,1.26953519183037,1.43550424788783,0.0488362346590257,0.5116,0.797749152542373,"HH","ns","ns",6,FALSE
"influenza",2024,"330150","Cordeiro",9.73625606183945,-0.601583409921458,0.902317465495554,-0.0145461533115138,0.612,0.853090909090909,"LH","ns","ns",5,FALSE
"influenza",2024,"330160","Duas Barras",12.1127422160834,1.77490274432246,2.73446537791247,0.130058857800353,0.2784,0.595646511627907,"HH","ns","ns",6,FALSE
"influenza",2024,"330170","Duque de Caxias",6.69475418651645,-3.64308528524446,-2.91707694369173,0.28478044785468,0.1118,0.495485714285714,"LL","ns","ns",7,FALSE
"influenza",2024,"330180","Engenheiro Paulo de Frontin",7.05375702021453,-3.28408245154638,-2.55985077167853,0.225279485941118,0.345,0.670918518518518,"LL","ns","ns",4,FALSE
"influenza",2024,"330185","Guapimirim",4.75434744451238,-5.58349202724853,0.0163569444470422,-0.0024473778480136,0.8118,0.9108,"LH","ns","ns",5,FALSE
"influenza",2024,"330187","Iguaba Grande",11.7646863696035,1.42684689784258,-2.77776640351598,-0.106210154850471,0.387,0.670918518518518,"HL","ns","ns",3,FALSE
"influenza",2024,"330190","Itaboraí",8.1500753111309,-2.18776416063,-2.64167182527367,0.154871788441689,0.2012,0.539908571428571,"LL","ns","ns",6,FALSE
"influenza",2024,"330200","Itaguaí",5.85017008174,-4.4876693900209,-2.71203007898627,0.326143180707285,0.1482,0.495485714285714,"LL","ns","ns",7,FALSE
"influenza",2024,"330205","Italva",9.00465305544296,-1.33318641631794,3.14285139824583,-0.112281362177313,0.232,0.561684210526316,"LH","ns","ns",6,FALSE
"influenza",2024,"330210","Itaocara",14.9312280352598,4.59338856349889,4.32184120809928,0.531979548621374,0.1316,0.495485714285714,"HH","ns","ns",6,FALSE
"influenza",2024,"330220","Itaperuna",23.3237502050753,12.9859107333144,0.887485973534894,0.308835244710984,0.5656,0.81305,"HH","ns","ns",8,FALSE
"influenza",2024,"330225","Itatiaia",7.9887027553666,-2.34913671639431,26.0635079773733,-1.64071862109598,0.0288,0.2576,"LH","indicativo","LH",1,TRUE
"influenza",2024,"330227","Japeri",7.57354974336869,-2.76428972839222,-4.74648780093951,0.351600006770887,0.0056,0.171733333333333,"LL","indicativo","LL",5,FALSE
"influenza",2024,"330230","Laje do Muriaé",8.0045760677164,-2.33326340404451,6.46759467198191,-0.404389164035418,0.184,0.539908571428571,"LH","ns","ns",2,FALSE
"influenza",2024,"330240","Macaé",18.7021628393628,8.36432336760189,5.41463983355144,1.21364964748299,0.0698,0.4278,"HH","ns","ns",6,FALSE
"influenza",2024,"330245","Macuco",11.2608236145823,0.922984142821422,-1.06965341069615,-0.0264563706171487,0.8926,0.943898850574713,"HL","ns","ns",4,FALSE
"influenza",2024,"330250","Magé",8.75930774074763,-1.57853173101328,-2.21260740093483,0.0935945634158872,0.5776,0.817526153846154,"LL","ns","ns",3,FALSE
"influenza",2024,"330260","Mangaratiba",5.44391268280484,-4.89392678895607,-1.0788091219282,0.141479991142649,0.9472,0.974791111111111,"LL","ns","ns",3,FALSE
"influenza",2024,"330270","Maricá",7.02862241380305,-3.30921705795786,-0.717286056360414,0.0636078312879941,0.9536,0.974791111111111,"LL","ns","ns",5,FALSE
"influenza",2024,"330280","Mendes",8.34251379350785,-1.99532567825306,4.09958585783715,-0.219203116128141,0.1854,0.539908571428571,"LH","ns","ns",5,FALSE
"influenza",2024,"330285","Mesquita",6.2298689292915,-4.10797054246941,-3.37981291672682,0.37205995381218,0.0936,0.491688888888889,"LL","ns","ns",5,FALSE
"influenza",2024,"330290","Miguel Pereira",5.17520236700767,-5.16263710475324,-2.29610813076252,0.317655866722383,0.2292,0.561684210526316,"LL","ns","ns",8,FALSE
"influenza",2024,"330300","Miracema",10.2871180824103,-0.0507213893506151,5.60369375795658,-0.00761655320121357,0.1296,0.495485714285714,"LH","ns","ns",4,FALSE
"influenza",2024,"330310","Natividade",10.9965381512902,0.658698679529291,1.17859073277084,0.0208038043365077,0.5488,0.808723809523809,"HH","ns","ns",4,FALSE
"influenza",2024,"330320","Nilópolis",9.70589976789089,-0.631939703870016,-3.22353266077613,0.0545884374191517,0.2694,0.590114285714286,"LL","ns","ns",3,FALSE
"influenza",2024,"330330","Niterói",9.6957698692502,-0.642069602510702,-2.07873999788822,0.0357663998912755,0.732,0.892635897435897,"LL","ns","ns",2,FALSE
"influenza",2024,"330340","Nova Friburgo",24.0052733856962,13.6674339139353,1.292493437903,0.473378223178947,0.428,0.715927272727273,"HH","ns","ns",9,FALSE
"influenza",2024,"330350","Nova Iguaçu",5.95708693023759,-4.38075254152332,-3.9376912506571,0.462256820716304,0.0056,0.171733333333333,"LL","indicativo","LL",9,FALSE
"influenza",2024,"330360","Paracambi",5.44154704503757,-4.89629242672334,-3.2797555354282,0.430330142407608,0.0518,0.397133333333333,"LL","ns","ns",7,FALSE
"influenza",2024,"330370","Paraíba do Sul",5.38227176791249,-4.95556770384841,-1.14018068590746,0.15141191060503,0.7054,0.892635897435897,"LL","ns","ns",7,FALSE
"influenza",2024,"330380","Paraty",6.45268792991356,-3.88515154184735,1.14312904995162,-0.119013484438531,0.5364,0.808723809523809,"LH","ns","ns",1,TRUE
"influenza",2024,"330385","Paty do Alferes",6.53386962638648,-3.80396984537443,-1.42864939397441,0.145631617318003,0.7448,0.892635897435897,"LL","ns","ns",4,FALSE
"influenza",2024,"330390","Petrópolis",12.9265945814494,2.58875510968848,-3.20707692672301,-0.222481186590401,0.0308,0.2576,"HL","indicativo","HL",10,FALSE
"influenza",2024,"330395","Pinheiral",5.46070434012774,-4.87713513163317,10.7801324109425,-1.40890538757213,0.0236,0.241244444444444,"LH","indicativo","LH",3,FALSE
"influenza",2024,"330400","Piraí",10.1750778041907,-0.162761667570194,1.5792996926671,-0.00688826152263945,0.4404,0.722764912280702,"LH","ns","ns",8,FALSE
"influenza",2024,"330410","Porciúncula",8.3803741591606,-1.9574653126003,0.102296253485486,-0.00536595157340825,0.7098,0.892635897435897,"LH","ns","ns",2,FALSE
"influenza",2024,"330411","Porto Real",9.80873271738828,-0.529106754372627,6.27255986415761,-0.0889367113227784,0.1508,0.495485714285714,"LH","ns","ns",3,FALSE
"influenza",2024,"330412","Quatis",6.81246279357556,-3.52537667818535,5.08872086153329,-0.48073650467485,0.162,0.513931034482759,"LH","ns","ns",4,FALSE
"influenza",2024,"330414","Queimados",6.14660526752467,-4.19123420423623,-4.08218833245899,0.458487935771314,0.0962,0.491688888888889,"LL","ns","ns",3,FALSE
"influenza",2024,"330415","Quissamã",7.54501683122731,-2.7928226405336,3.39098571684621,-0.253782845629091,0.318,0.65,"LH","ns","ns",3,FALSE
"influenza",2024,"330420","Resende",36.4013474491342,26.0635079773733,-2.53101796391684,-1.76775079745071,0.3896,0.670918518518518,"HL","ns","ns",4,FALSE
"influenza",2024,"330430","Rio Bonito",7.86464070009386,-2.47319877166705,-1.21993464588542,0.0808515840839902,0.749,0.892635897435897,"LL","ns","ns",6,FALSE
"influenza",2024,"330440","Rio Claro",10.4459524460456,0.108112974284685,-1.10745588582051,-0.00320846419209866,0.7778,0.89539,"HL","ns","ns",6,FALSE
"influenza",2024,"330450","Rio das Flores",7.66194103309396,-2.67589843866695,-1.53326055032844,0.109945772141028,0.806,0.9108,"LL","ns","ns",3,FALSE
"influenza",2024,"330452","Rio das Ostras",10.1003934313369,-0.237446040423999,7.29310759021739,-0.0464056113036134,0.1452,0.495485714285714,"LH","ns","ns",2,FALSE
"influenza",2024,"330455","Rio de Janeiro",10.6807720968066,0.34293262504573,-4.03692860792775,-0.0370981983346759,0.0086,0.1978,"HL","indicativo","HL",7,FALSE
"influenza",2024,"330460","Santa Maria Madalena",7.41354988381283,-2.92428958794808,-2.87954265003997,0.225650780019813,0.2054,0.539908571428571,"LL","ns","ns",5,FALSE
"influenza",2024,"330470","Santo Antônio de Pádua",19.0134055370677,8.67556606530675,5.33562350854804,1.24044052020826,0.0686,0.4278,"HH","ns","ns",6,FALSE
"influenza",2024,"330475","São Francisco de Itabapoana",3.88762137191714,-6.45021809984377,-4.32458037756428,0.747500209559273,0.1262,0.495485714285714,"LL","ns","ns",2,FALSE
"influenza",2024,"330480","São Fidélis",5.62952969121664,-4.70830978054426,2.05066786242186,-0.258733879432416,0.3742,0.670918518518518,"LH","ns","ns",7,FALSE
"influenza",2024,"330490","São Gonçalo",9.48957653394233,-0.848262937818575,-2.04635027369952,0.0465161124730893,0.6396,0.875623529411765,"LL","ns","ns",3,FALSE
"influenza",2024,"330500","São João da Barra",7.28928849155966,-3.04855098020125,-6.02541393738554,0.492235912186996,0.002,0.171733333333333,"LL","indicativo","LL",2,FALSE
"influenza",2024,"330510","São João de Meriti",4.4322794068562,-5.90556006490471,-2.87276156098399,0.454625318023307,0.194,0.539908571428571,"LL","ns","ns",5,FALSE
"influenza",2024,"330513","São José de Ubá",13.4244011090106,3.08656163724966,10.0357850456209,0.830078662870836,0.0178,0.233942857142857,"HH","indicativo","HH",4,FALSE
"influenza",2024,"330515","São José do Vale do Rio Preto",9.48631451003176,-0.851524961729147,-0.905482470816678,0.020661905764045,0.8366,0.926710588235294,"LL","ns","ns",6,FALSE
"influenza",2024,"330520","São Pedro da Aldeia",8.5435889823979,-1.79425048936301,-0.412280234127314,0.0198229613001515,0.887,0.943898850574713,"LL","ns","ns",4,FALSE
"influenza",2024,"330530","São Sebastião do Alto",7.91711819570376,-2.42072127605715,-0.562089269829673,0.0364622133414632,0.9838,0.9838,"LL","ns","ns",6,FALSE
"influenza",2024,"330540","Sapucaia",10.3725948958214,0.0347554240604975,-1.81244134020858,-0.00168802742050731,0.6472,0.875623529411765,"HL","ns","ns",4,FALSE
"influenza",2024,"330550","Saquarema",15.9820835201362,5.64424404837534,-3.47981538528066,-0.526326132226948,0.142,0.495485714285714,"HL","ns","ns",4,FALSE
"influenza",2024,"330555","Seropédica",5.23631674429948,-5.10152272746143,-3.39621761097505,0.464288878969255,0.0744,0.4278,"LL","ns","ns",6,FALSE
"influenza",2024,"330560","Silva Jardim",5.78187994793268,-4.55595952382823,3.34971526901792,-0.408959871525054,0.2506,0.562321951219512,"LH","ns","ns",5,FALSE
"influenza",2024,"330570","Sumidouro",8.77339472113044,-1.56444475063046,2.35370893596118,-0.0986747267175921,0.3528,0.670918518518518,"LH","ns","ns",6,FALSE
"influenza",2024,"330575","Tanguá",4.78526184254278,-5.55257762921813,-0.0818436939222931,0.0121779113237154,0.8562,0.926710588235294,"LL","ns","ns",5,FALSE
"influenza",2024,"330580","Teresópolis",9.68044750368281,-0.657391968078095,1.69557412604729,-0.0298699241735175,0.4478,0.722764912280702,"LH","ns","ns",6,FALSE
"influenza",2024,"330590","Trajano de Moraes",7.40023186125941,-2.9376076105015,2.66846146742527,-0.210062082369622,0.2422,0.562321951219512,"LH","ns","ns",8,FALSE
"influenza",2024,"330600","Três Rios",5.3499653600301,-4.98787411173081,-0.68345196168544,0.0913516558825914,0.913,0.9545,"LL","ns","ns",6,FALSE
"influenza",2024,"330610","Valença",8.87877340160849,-1.45906607015241,3.78386780229166,-0.147946215061751,0.2032,0.539908571428571,"LH","ns","ns",5,FALSE
"influenza",2024,"330615","Varre-Sai",9.88373329920259,-0.454106172558319,-2.38624765004783,0.0290379440869168,0.507,0.797749152542373,"LL","ns","ns",3,FALSE
"influenza",2024,"330620","Vassouras",12.1526915947764,1.81485212301552,0.461208302426908,0.0224301049790285,0.724,0.892635897435897,"HH","ns","ns",8,FALSE
"influenza",2024,"330630","Volta Redonda",15.8147846601485,5.47694518838756,3.67479563607528,0.539342361519291,0.2132,0.544844444444444,"HH","ns","ns",5,FALSE
"influenza",2025,"330010","Angra dos Reis",8.80111591511798,-9.17548199415165,-6.26415228537282,0.257360389796402,0.5034,0.712504615384615,"LL","ns","ns",3,FALSE
"influenza",2025,"330015","Aperibé",7.71856532636074,-10.2580325829089,12.7522557563762,-0.585735571917132,0.1696,0.587437037037037,"LH","ns","ns",3,FALSE
"influenza",2025,"330020","Araruama",8.55155321896857,-9.42504469030106,-5.92377455328172,0.249995649603617,0.218,0.6118,"LL","ns","ns",8,FALSE
"influenza",2025,"330022","Areal",7.44455872863557,-10.5320391806341,2.87369669468603,-0.135520160008701,0.591,0.740906666666667,"LH","ns","ns",4,FALSE
"influenza",2025,"330023","Armação dos Búzios",5.08543665644761,-12.891161252822,-8.05894909964252,0.465179925652324,0.7572,0.849541463414634,"LL","ns","ns",1,TRUE
"influenza",2025,"330025","Arraial do Cabo",13.1194082737413,-4.85718963552832,-6.58264639691418,0.143164749393107,0.3612,0.649207547169811,"LL","ns","ns",4,FALSE
"influenza",2025,"330030","Barra do Piraí",27.2101319387487,9.2335340294791,21.534253833493,0.890324436036983,0.004,0.184,"HH","indicativo","HH",7,FALSE
"influenza",2025,"330040","Barra Mansa",34.1605347219092,16.1839368126395,9.16824207912211,0.664386435860656,0.1202,0.526590476190476,"HH","ns","ns",8,FALSE
"influenza",2025,"330045","Belford Roxo",3.72461019880474,-14.2519877104649,-10.2271672958536,0.652651455081981,0.0348,0.5152,"LL","indicativo","LL",4,FALSE
"influenza",2025,"330050","Bom Jardim",24.009837993339,6.03324008406941,10.6148198333041,0.286756813809665,0.2024,0.6118,"HH","ns","ns",4,FALSE
"influenza",2025,"330060","Bom Jesus do Itabapoana",45.3711383074779,27.3945403982083,-4.13781532532906,-0.507557948841112,0.648,0.774233766233766,"HL","ns","ns",5,FALSE
"influenza",2025,"330070","Cabo Frio",9.91764880962711,-8.05894909964252,-7.10076647511966,0.256232464724431,0.2218,0.6118,"LL","ns","ns",5,FALSE
"influenza",2025,"330080","Cachoeiras de Macacu",9.50734612561737,-8.46925178365227,-0.907981116947388,0.0344328025513613,0.9668,0.9668,"LL","ns","ns",7,FALSE
"influenza",2025,"330090","Cambuci",53.2610338508577,35.2844359415881,-0.770967328044414,-0.121806275640807,0.9068,0.948018181818182,"HL","ns","ns",7,FALSE
"influenza",2025,"330093","Carapebus",54.8380893968659,36.8614914875963,6.16553159203824,1.01763946805861,0.3664,0.649207547169811,"HH","ns","ns",3,FALSE
"influenza",2025,"330095","Comendador Levy Gasparian",18.7965934992285,0.819995589958822,-1.50101672017201,-0.00551121759043868,0.8602,0.920213953488372,"HL","ns","ns",2,FALSE
"influenza",2025,"330100","Campos dos Goytacazes",8.24743187318924,-9.7291660360804,-2.87152997822965,0.125094864451211,0.59,0.740906666666667,"LL","ns","ns",10,FALSE
"influenza",2025,"330110","Cantagalo",18.6085061664454,0.63190825717578,1.37313590438267,0.00388524190889167,0.6874,0.79534,"HH","ns","ns",7,FALSE
"influenza",2025,"330115","Cardoso Moreira",7.083304732977,-10.8932931762926,-7.90367648675054,0.385512850147809,0.2918,0.646,"LL","ns","ns",3,FALSE
"influenza",2025,"330120","Carmo",16.5645259516864,-1.41207195758325,6.20375816156591,-0.039224931986493,0.374,0.649207547169811,"LH","ns","ns",4,FALSE
"influenza",2025,"330130","Casimiro de Abreu",14.6798102755246,-3.296787633745,4.27885917682266,-0.0631639785231475,0.4408,0.68953220338983,"LH","ns","ns",6,FALSE
"influenza",2025,"330140","Conceição de Macabu",17.590083864116,-0.38651404515365,4.34771671482562,-0.0075244893195537,0.437,0.68953220338983,"LH","ns","ns",6,FALSE
"influenza",2025,"330150","Cordeiro",14.6522393856847,-3.32435852358496,3.38007313517763,-0.050313492369158,0.5292,0.713866666666667,"LH","ns","ns",5,FALSE
"influenza",2025,"330160","Duas Barras",39.5361812639956,21.5595833547259,7.8981902822931,0.762462462621255,0.2038,0.6118,"HH","ns","ns",6,FALSE
"influenza",2025,"330170","Duque de Caxias",7.0368110032558,-10.9397869060138,-5.38421981051663,0.263743736977719,0.3118,0.646,"LL","ns","ns",7,FALSE
"influenza",2025,"330180","Engenheiro Paulo de Frontin",15.8964490464841,-2.0801488627855,16.5863412185463,-0.154488274499063,0.067,0.5152,"LH","ns","ns",4,FALSE
"influenza",2025,"330185","Guapimirim",11.8585431612447,-6.11805474802491,-4.28540824422094,0.117396749156443,0.6036,0.740906666666667,"LL","ns","ns",5,FALSE
"influenza",2025,"330187","Iguaba Grande",14.1636552747584,-3.81294263451125,-6.43862782967708,0.109926931445085,0.4682,0.694748387096774,"LL","ns","ns",3,FALSE
"influenza",2025,"330190","Itaboraí",7.85715316738868,-10.119444741881,-5.77519928422104,0.261682192251752,0.3148,0.646,"LL","ns","ns",6,FALSE
"influenza",2025,"330200","Itaguaí",19.0854130086494,1.10881509937978,-6.81190134007102,-0.0338203417543459,0.1658,0.587437037037037,"HL","ns","ns",7,FALSE
"influenza",2025,"330205","Italva",18.6847071755601,0.70810926629051,4.91429050392026,0.0155815843357349,0.3906,0.665466666666667,"HH","ns","ns",6,FALSE
"influenza",2025,"330210","Itaocara",13.7139354574084,-4.26266245186123,1.56094465294214,-0.0297933239667943,0.6916,0.79534,"LH","ns","ns",6,FALSE
"influenza",2025,"330220","Itaperuna",20.0957964958296,2.11919858655994,5.48485521854736,0.0520459973205968,0.3044,0.646,"HH","ns","ns",8,FALSE
"influenza",2025,"330225","Itatiaia",29.2904761743904,11.3138782651207,27.6590854780287,1.40119903391613,0.1166,0.526590476190476,"HH","ns","ns",1,TRUE
"influenza",2025,"330227","Japeri",2.39726802939616,-15.5793298798735,-9.07319626555108,0.632935696503607,0.0586,0.5152,"LL","ns","ns",5,FALSE
"influenza",2025,"330230","Laje do Muriaé",9.34378337219462,-8.63281453707502,-4.46782447614835,0.172702659353939,0.837,0.920213953488372,"LL","ns","ns",2,FALSE
"influenza",2025,"330240","Macaé",43.876486939609,25.8998890303394,8.86970289612754,1.02862597572474,0.1724,0.587437037037037,"HH","ns","ns",6,FALSE
"influenza",2025,"330245","Macuco",16.6307298259923,-1.34586808327738,-5.37715324758921,0.0324045070589571,0.5244,0.713866666666667,"LL","ns","ns",4,FALSE
"influenza",2025,"330250","Magé",8.12580422785397,-9.85079368141567,-3.52940007894197,0.15567634458844,0.8564,0.920213953488372,"LL","ns","ns",3,FALSE
"influenza",2025,"330260","Mangaratiba",12.3427861088144,-5.63381180045527,-3.20010287242513,0.0807266231434257,0.9038,0.948018181818182,"LL","ns","ns",3,FALSE
"influenza",2025,"330270","Maricá",16.8979887489198,-1.07860916034983,-5.43278031065376,0.0262383643863346,0.4596,0.694748387096774,"LL","ns","ns",5,FALSE
"influenza",2025,"330280","Mendes",19.8704352995525,1.89383739028283,13.221791643125,0.11212010785773,0.0942,0.526590476190476,"HH","ns","ns",5,FALSE
"influenza",2025,"330285","Mesquita",7.76015686862553,-10.2164410406441,-8.46105149197261,0.387056604437234,0.1028,0.526590476190476,"LL","ns","ns",5,FALSE
"influenza",2025,"330290","Miguel Pereira",19.8556903030208,1.87909239375117,2.5955795951038,0.0218390125147802,0.5618,0.727966197183099,"HH","ns","ns",8,FALSE
"influenza",2025,"330300","Miracema",6.92175037041301,-11.0548475388566,3.61824315638885,-0.17910224020849,0.5354,0.713866666666667,"LH","ns","ns",4,FALSE
"influenza",2025,"330310","Natividade",14.1335873669048,-3.84301054236482,5.40349847939262,-0.0929816225966987,0.4228,0.68953220338983,"LH","ns","ns",4,FALSE
"influenza",2025,"330320","Nilópolis",11.8588192525713,-6.11777865669831,-7.2119842349367,0.197560010215611,0.3686,0.649207547169811,"LL","ns","ns",3,FALSE
"influenza",2025,"330330","Niterói",24.2117769253464,6.23517901607674,-3.98071326087188,-0.111137425895021,0.94,0.960888888888889,"HL","ns","ns",2,FALSE
"influenza",2025,"330340","Nova Friburgo",52.1791503481507,34.2025524388811,3.42084315489231,0.523892511814381,0.4096,0.685149090909091,"HH","ns","ns",9,FALSE
"influenza",2025,"330350","Nova Iguaçu",7.46061848073578,-10.5159794285339,-8.41772824949631,0.396364855902713,0.0238,0.4784,"LL","indicativo","LL",9,FALSE
"influenza",2025,"330360","Paracambi",6.82436996195508,-11.1522279473146,-4.20604749785599,0.210032412887871,0.49,0.704375,"LL","ns","ns",7,FALSE
"influenza",2025,"330370","Paraíba do Sul",8.53243812030308,-9.44415978896655,8.3343316784967,-0.352439533405101,0.1806,0.5934,"LH","ns","ns",7,FALSE
"influenza",2025,"330380","Paraty",6.35159457610998,-11.6250033331597,-9.17548199415165,0.477608980897944,0.6166,0.74641052631579,"LL","ns","ns",1,TRUE
"influenza",2025,"330385","Paty do Alferes",8.81440323994249,-9.16219466932714,18.1573092648658,-0.744906076498045,0.0538,0.5152,"LH","ns","ns",4,FALSE
"influenza",2025,"330390","Petrópolis",24.4462393264825,6.46964141721284,-3.91558238615018,-0.113429779491295,0.4422,0.68953220338983,"HL","ns","ns",10,FALSE
"influenza",2025,"330395","Pinheiral",43.9192742116148,25.9426763023452,17.7523425452318,2.06215334700313,0.1112,0.526590476190476,"HH","ns","ns",3,FALSE
"influenza",2025,"330400","Piraí",14.3597358680499,-3.61686204121971,11.164660701468,-0.180812305632958,0.0696,0.5152,"LH","ns","ns",8,FALSE
"influenza",2025,"330410","Porciúncula",20.0210607431224,2.0444628338528,-6.89360922170768,-0.0631068339182961,0.557,0.727966197183099,"HL","ns","ns",2,FALSE
"influenza",2025,"330411","Porto Real",17.9673511971013,-0.00924671216832706,16.2815215196972,-0.000674113210341508,0.1142,0.526590476190476,"LH","ns","ns",3,FALSE
"influenza",2025,"330412","Quatis",22.978140177693,5.00154226842332,8.20123631600031,0.183668120057609,0.2576,0.633347368421053,"HH","ns","ns",4,FALSE
"influenza",2025,"330414","Queimados",5.44746814813849,-12.5291297611311,-13.0476819643114,0.731989380801491,0.0026,0.184,"LL","indicativo","LL",3,FALSE
"influenza",2025,"330415","Quissamã",10.9598177001987,-7.01678020907097,8.91527046878741,-0.280106319771265,0.2778,0.646,"LH","ns","ns",3,FALSE
"influenza",2025,"330420","Resende",45.6356833872984,27.6590854780287,8.12252765850381,1.00595725368016,0.2394,0.6118,"HH","ns","ns",4,FALSE
"influenza",2025,"330430","Rio Bonito",15.3390695287064,-2.63752838056324,-9.52863756103966,0.112532627900258,0.026,0.4784,"LL","indicativo","LL",6,FALSE
"influenza",2025,"330440","Rio Claro",16.4429561867661,-1.53364172250352,7.75115862060477,-0.0532281106007434,0.2266,0.6118,"LH","ns","ns",6,FALSE
"influenza",2025,"330450","Rio das Flores",8.55472711544765,-9.42187079382198,17.7505576446669,-0.748858315634293,0.104,0.526590476190476,"LH","ns","ns",3,FALSE
"influenza",2025,"330452","Rio das Ostras",13.7925709752618,-4.18402693400788,11.3015506982972,-0.211730303672705,0.3064,0.646,"LH","ns","ns",2,FALSE
"influenza",2025,"330455","Rio de Janeiro",15.7935480533264,-2.18304985594323,-8.42362418932287,0.0823404333659986,0.0546,0.5152,"LL","ns","ns",7,FALSE
"influenza",2025,"330460","Santa Maria Madalena",8.02596186224468,-9.95063604702495,-8.72436309912869,0.388718388172006,0.0768,0.5152,"LL","ns","ns",5,FALSE
"influenza",2025,"330470","Santo Antônio de Pádua",25.2115916886713,7.23499377940163,4.01539940363434,0.13008206526475,0.461,0.694748387096774,"HH","ns","ns",6,FALSE
"influenza",2025,"330475","São Francisco de Itabapoana",6.38124138189631,-11.5953565273733,-7.06688068702917,0.36691238955769,0.5112,0.712581818181818,"LL","ns","ns",2,FALSE
"influenza",2025,"330480","São Fidélis",3.28662521880791,-14.6899726904617,-1.09726818436038,0.0721745835256558,0.9364,0.960888888888889,"LL","ns","ns",7,FALSE
"influenza",2025,"330490","São Gonçalo",11.0937805478757,-6.88281736139394,-1.65429162871802,0.0509834040291501,0.9628,0.9668,"LL","ns","ns",3,FALSE
"influenza",2025,"330500","São João da Barra",13.5720025712917,-4.40459533797795,-10.6622612817269,0.210283814702446,0.1378,0.576254545454545,"LL","ns","ns",2,FALSE
"influenza",2025,"330510","São João de Meriti",8.74013610104688,-9.23646180822276,-8.74180883395288,0.361540916936412,0.0784,0.5152,"LL","ns","ns",5,FALSE
"influenza",2025,"330513","São José de Ubá",31.7281927059385,13.7515947966689,8.39594519217326,0.51697932254594,0.2616,0.633347368421053,"HH","ns","ns",4,FALSE
"influenza",2025,"330515","São José do Vale do Rio Preto",26.0037767111449,8.0271788018753,0.924346198032434,0.033223708469251,0.7566,0.849541463414634,"HH","ns","ns",6,FALSE
"influenza",2025,"330520","São Pedro da Aldeia",12.9429487460678,-5.03364916320187,-6.53853151499579,0.147371558125706,0.369,0.649207547169811,"LL","ns","ns",4,FALSE
"influenza",2025,"330530","São Sebastião do Alto",9.13893312212756,-8.83766478714208,-6.59928815870918,0.26114705240105,0.2386,0.6118,"LL","ns","ns",6,FALSE
"influenza",2025,"330540","Sapucaia",9.34226754883101,-8.63433036043863,6.07877614692878,-0.235014859761761,0.3634,0.649207547169811,"LH","ns","ns",4,FALSE
"influenza",2025,"330550","Saquarema",11.0447137145411,-6.93188419472857,-5.65152912563905,0.175415425016367,0.4786,0.698907936507936,"LL","ns","ns",4,FALSE
"influenza",2025,"330555","Seropédica",4.92886132474262,-13.047736584527,-8.47515029556941,0.495145800653797,0.0632,0.5152,"LL","ns","ns",6,FALSE
"influenza",2025,"330560","Silva Jardim",5.21533222493662,-12.761265684333,2.07478799012391,-0.118554484715528,0.6572,0.775158974358974,"LH","ns","ns",5,FALSE
"influenza",2025,"330570","Sumidouro",29.2344693040702,11.2578713948005,9.04761997434864,0.456080122966044,0.166,0.587437037037037,"HH","ns","ns",6,FALSE
"influenza",2025,"330575","Tanguá",8.51166363792756,-9.46493427134207,-5.84734365223497,0.247814510248961,0.367,0.649207547169811,"LL","ns","ns",5,FALSE
"influenza",2025,"330580","Teresópolis",18.519405477901,0.542807568631378,7.56165625351544,0.0183786385507019,0.224,0.6118,"HH","ns","ns",6,FALSE
"influenza",2025,"330590","Trajano de Moraes",7.99809997246405,-9.97849793680559,5.28633000838836,-0.236194594559536,0.323,0.646,"LH","ns","ns",8,FALSE
"influenza",2025,"330600","Três Rios",24.4187242578922,6.44212634862253,-2.21561892016538,-0.0639108825344218,0.8412,0.920213953488372,"HL","ns","ns",6,FALSE
"influenza",2025,"330610","Valença",6.94776759477096,-11.0288303144987,18.9443610708372,-0.935534760523265,0.026,0.4784,"LH","indicativo","LH",5,FALSE
"influenza",2025,"330615","Varre-Sai",8.03239000821909,-9.94420790105054,8.53199756323209,-0.379901868327692,0.3206,0.646,"LH","ns","ns",3,FALSE
"influenza",2025,"330620","Vassouras",91.7012609467355,73.7246630374659,-3.51634257698584,-1.16079221493377,0.604,0.740906666666667,"HL","ns","ns",8,FALSE
"influenza",2025,"330630","Volta Redonda",65.6169535567056,47.6403556474359,9.24192867614812,1.97146067578219,0.1684,0.587437037037037,"HH","ns","ns",5,FALSE
"sarscov2",2022,"330010","Angra dos Reis",86.8810624944148,-13.9136635530991,-20.3056574007568,0.0489772653429746,0.7574,0.904945454545454,"LL","ns","ns",3,FALSE
"sarscov2",2022,"330015","Aperibé",35.3391356415161,-65.4555904059978,66.6217721912387,-0.755960156469093,0.1812,0.564464516129032,"LH","ns","ns",3,FALSE
"sarscov2",2022,"330020","Araruama",52.0059415146033,-48.7887845329106,-8.33073149034334,0.0704594284915875,0.8218,0.922019512195122,"LL","ns","ns",8,FALSE
"sarscov2",2022,"330022","Areal",115.586229403031,14.7915033555175,31.9042471891093,0.0818081927246315,0.389,0.688230769230769,"HH","ns","ns",4,FALSE
"sarscov2",2022,"330023","Armação dos Búzios",41.7940368463587,-59.0006892011552,10.7388229407246,-0.109837274373769,0.6808,0.874,"LH","ns","ns",1,TRUE
"sarscov2",2022,"330025","Arraial do Cabo",23.3408945759485,-77.4538314715654,-2.95745978463446,0.0397098031962245,0.9658,0.9896,"LL","ns","ns",4,FALSE
"sarscov2",2022,"330030","Barra do Piraí",220.449778821139,119.655052773625,68.6261478394873,1.42349729036359,0.0362,0.4163,"HH","indicativo","HH",7,FALSE
"sarscov2",2022,"330040","Barra Mansa",71.1648116664901,-29.6299143810238,104.643782281504,-0.537501654896852,0.0024,0.2208,"LH","indicativo","LH",8,FALSE
"sarscov2",2022,"330045","Belford Roxo",34.1413806872348,-66.6533453602791,-50.5939353441426,0.584596746170779,0.1082,0.49772,"LL","ns","ns",4,FALSE
"sarscov2",2022,"330050","Bom Jardim",90.2916357918466,-10.5030902556673,55.7787039027739,-0.101559720439001,0.1822,0.564464516129032,"LH","ns","ns",4,FALSE
"sarscov2",2022,"330060","Bom Jesus do Itabapoana",39.2113857019953,-61.5833403455186,-47.0617214146498,0.502420129478242,0.0916,0.473288888888889,"LL","ns","ns",5,FALSE
"sarscov2",2022,"330070","Cabo Frio",111.533548988239,10.7388229407246,-46.9883786742922,-0.0874748331028944,0.1004,0.486147368421053,"HL","ns","ns",5,FALSE
"sarscov2",2022,"330080","Cachoeiras de Macacu",55.0583645557087,-45.7363614918052,55.4449788565177,-0.439602156915514,0.0834,0.473288888888889,"LH","ns","ns",7,FALSE
"sarscov2",2022,"330090","Cambuci",396.042937244987,295.248211197474,-53.4448900843428,-2.7354541759697,0.0152,0.31648,"HL","indicativo","HL",7,FALSE
"sarscov2",2022,"330093","Carapebus",89.5160468985266,-11.2786791489873,10.3476980765042,-0.0202319606329862,0.6596,0.866902857142857,"LH","ns","ns",3,FALSE
"sarscov2",2022,"330095","Comendador Levy Gasparian",33.692256051845,-67.1024699956689,61.4910834849379,-0.715297377252771,0.255,0.57219512195122,"LH","ns","ns",2,FALSE
"sarscov2",2022,"330100","Campos dos Goytacazes",94.9753337741817,-5.81939227333223,-48.0707813129059,0.0484947578003045,0.0158,0.31648,"LL","indicativo","LL",10,FALSE
"sarscov2",2022,"330110","Cantagalo",188.938472018347,88.1437459708334,6.2042521549731,0.0948018744131628,0.7172,0.882473684210526,"HH","ns","ns",7,FALSE
"sarscov2",2022,"330115","Cardoso Moreira",31.0178033884817,-69.7769226590322,-40.4457386184113,0.48923842970476,0.3458,0.649257142857143,"LL","ns","ns",3,FALSE
"sarscov2",2022,"330120","Carmo",134.575869356806,33.7811433092921,24.1008561649297,0.14113762188825,0.4612,0.74439298245614,"HH","ns","ns",4,FALSE
"sarscov2",2022,"330130","Casimiro de Abreu",106.124917746493,5.33019169897878,41.4172113993106,0.0382701058946526,0.2054,0.57219512195122,"HH","ns","ns",6,FALSE
"sarscov2",2022,"330140","Conceição de Macabu",91.6258344915044,-9.16889155600946,-16.0127431193391,0.0254518030219965,0.684,0.874,"LL","ns","ns",6,FALSE
"sarscov2",2022,"330150","Cordeiro",105.608167040931,4.81344099341719,23.1498532268895,0.0193170086729956,0.4596,0.74439298245614,"HH","ns","ns",5,FALSE
"sarscov2",2022,"330160","Duas Barras",86.3641847598041,-14.4305412877098,62.8371619358586,-0.157193710015985,0.0752,0.473288888888889,"LH","ns","ns",6,FALSE
"sarscov2",2022,"330170","Duque de Caxias",55.2299752593341,-45.5647507881798,-30.4508301337377,0.240527156190757,0.2542,0.57219512195122,"LL","ns","ns",7,FALSE
"sarscov2",2022,"330180","Engenheiro Paulo de Frontin",65.7896421338535,-35.0050839136604,-22.4311791647356,0.136119143562302,0.599,0.834969696969697,"LL","ns","ns",4,FALSE
"sarscov2",2022,"330185","Guapimirim",53.018629428264,-47.7760966192499,9.62773853930885,-0.0797390271137557,0.6948,0.875638356164383,"LH","ns","ns",5,FALSE
"sarscov2",2022,"330187","Iguaba Grande",182.043628365971,81.2489023184567,-60.4237986230948,-0.851062602781113,0.0758,0.473288888888889,"HL","ns","ns",3,FALSE
"sarscov2",2022,"330190","Itaboraí",117.546107992749,16.7513819452347,14.972309848584,0.0434785876197069,0.5718,0.809316923076923,"HH","ns","ns",6,FALSE
"sarscov2",2022,"330200","Itaguaí",80.9920541412039,-19.80267190631,-12.2496047708864,0.0420515346005051,0.7288,0.882473684210526,"LL","ns","ns",7,FALSE
"sarscov2",2022,"330205","Italva",40.835220473611,-59.9595055739029,11.0228067147899,-0.114574037020297,0.6482,0.8648,"LH","ns","ns",6,FALSE
"sarscov2",2022,"330210","Itaocara",38.4523444681545,-62.3423815793594,41.8180676524244,-0.451942652821888,0.219,0.57219512195122,"LH","ns","ns",6,FALSE
"sarscov2",2022,"330220","Itaperuna",64.4213284246614,-36.3733976228526,-2.69788643370632,0.0170115354739457,0.983,0.9896,"LL","ns","ns",8,FALSE
"sarscov2",2022,"330225","Itatiaia",145.113906201773,44.3191801542593,170.287227862017,1.30830732858634,0.0778,0.473288888888889,"HH","ns","ns",1,TRUE
"sarscov2",2022,"330227","Japeri",28.1434871487185,-72.6512388987954,-56.93291492922,0.717038417943138,0.0232,0.328571428571429,"LL","indicativo","LL",5,FALSE
"sarscov2",2022,"330230","Laje do Muriaé",38.3735169168289,-62.421209130685,-19.8936336910458,0.215269387136654,0.8352,0.925763855421687,"LL","ns","ns",2,FALSE
"sarscov2",2022,"330240","Macaé",154.868081797896,54.0733557503816,39.4448331655767,0.369751059013197,0.223,0.57219512195122,"HH","ns","ns",6,FALSE
"sarscov2",2022,"330245","Macuco",193.872472536449,93.0777464889354,18.4973655967351,0.298463839150238,0.5282,0.795873015873016,"HH","ns","ns",4,FALSE
"sarscov2",2022,"330250","Magé",40.2248248066194,-60.5699012408945,-5.1973753720483,0.0545728871297472,0.96,0.9896,"LL","ns","ns",3,FALSE
"sarscov2",2022,"330260","Mangaratiba",61.0971351295061,-39.6975909180078,2.87435245904802,-0.0197806315641681,0.7858,0.90896,"LH","ns","ns",3,FALSE
"sarscov2",2022,"330270","Maricá",137.903545110096,37.1088190625823,23.988948210142,0.154320748543309,0.4412,0.738007272727273,"HH","ns","ns",5,FALSE
"sarscov2",2022,"330280","Mendes",68.449967558105,-32.3447584894089,29.0369695256446,-0.162813788557647,0.383,0.688230769230769,"LH","ns","ns",5,FALSE
"sarscov2",2022,"330285","Mesquita",45.8381068674543,-54.9566191800596,-40.6565951092205,0.387335224073203,0.1734,0.564464516129032,"LL","ns","ns",5,FALSE
"sarscov2",2022,"330290","Miguel Pereira",37.0608761535987,-63.7338498939152,-25.0515639248378,0.276783997298268,0.3376,0.648983333333333,"LL","ns","ns",8,FALSE
"sarscov2",2022,"330300","Miracema",97.3808562882749,-3.41386975923901,-48.3049110384565,0.0285873708638064,0.1348,0.531392,"LL","ns","ns",4,FALSE
"sarscov2",2022,"330310","Natividade",38.5452648189579,-62.249461228556,-46.3815584615387,0.500514789520293,0.1444,0.531392,"LL","ns","ns",4,FALSE
"sarscov2",2022,"330320","Nilópolis",64.112531594051,-36.6821944534629,-34.3885952735956,0.218678318225863,0.4382,0.738007272727273,"LL","ns","ns",3,FALSE
"sarscov2",2022,"330330","Niterói",233.812503721937,133.017777674423,18.7885074346112,0.433249379519875,0.5404,0.795873015873016,"HH","ns","ns",2,FALSE
"sarscov2",2022,"330340","Nova Friburgo",374.065236734847,273.270510687333,-7.13200731209478,-0.337862918166038,0.9586,0.9896,"HL","ns","ns",9,FALSE
"sarscov2",2022,"330350","Nova Iguaçu",49.0564569558811,-51.7382690916328,-49.830107422652,0.44693019740478,0.0102,0.31648,"LL","indicativo","LL",9,FALSE
"sarscov2",2022,"330360","Paracambi",58.6176968392612,-42.1770292082527,-31.4168965418464,0.229707538966736,0.2426,0.57219512195122,"LL","ns","ns",7,FALSE
"sarscov2",2022,"330370","Paraíba do Sul",202.68088241936,101.886156371846,2.28499301323256,0.0403585947433165,0.809,0.918864197530864,"HH","ns","ns",7,FALSE
"sarscov2",2022,"330380","Paraty",37.2359519266982,-63.5587741208157,-13.9136635530991,0.153303824818464,0.9648,0.9896,"LL","ns","ns",1,TRUE
"sarscov2",2022,"330385","Paty do Alferes",21.2389443254134,-79.5557817221005,41.1079871754624,-0.566935876348597,0.3058,0.625191111111111,"LH","ns","ns",4,FALSE
"sarscov2",2022,"330390","Petrópolis",178.543447338799,77.7487212912849,-17.2595757250946,-0.232626588296724,0.532,0.795873015873016,"HL","ns","ns",10,FALSE
"sarscov2",2022,"330395","Pinheiral",150.99416136492,50.1994353174065,106.171329792828,0.923936383492926,0.0454,0.464088888888889,"HH","indicativo","HH",3,FALSE
"sarscov2",2022,"330400","Piraí",154.975713091391,54.1809870438769,29.1146820629462,0.273460715056808,0.2718,0.595371428571429,"HH","ns","ns",8,FALSE
"sarscov2",2022,"330410","Porciúncula",84.1320805443358,-16.6626455031781,-66.5781558015807,0.192314352309506,0.0692,0.473288888888889,"LL","ns","ns",2,FALSE
"sarscov2",2022,"330411","Porto Real",142.03711966294,41.2423936154264,53.5520510495331,0.382874067833487,0.2374,0.57219512195122,"HH","ns","ns",3,FALSE
"sarscov2",2022,"330412","Quatis",120.79356571512,19.9988396676063,106.667030497091,0.369803471888802,0.025,0.328571428571429,"HH","indicativo","HH",4,FALSE
"sarscov2",2022,"330414","Queimados",24.3409593299265,-76.4537667175874,-58.3170559083801,0.77291272692422,0.0838,0.473288888888889,"LL","ns","ns",3,FALSE
"sarscov2",2022,"330415","Quissamã",86.9333560826543,-13.8613699648596,-8.75565432610966,0.0210392736827361,0.9896,0.9896,"LL","ns","ns",3,FALSE
"sarscov2",2022,"330420","Resende",271.081953909531,170.287227862017,18.982624764067,0.560369280482881,0.4908,0.765315254237288,"HH","ns","ns",4,FALSE
"sarscov2",2022,"330430","Rio Bonito",203.007654901587,102.212928854073,-27.9852461664705,-0.49587355165925,0.4022,0.698158490566038,"HL","ns","ns",6,FALSE
"sarscov2",2022,"330440","Rio Claro",143.134118884067,42.3393928365531,15.9691826410695,0.117209629838396,0.545,0.795873015873016,"HH","ns","ns",6,FALSE
"sarscov2",2022,"330450","Rio das Flores",101.280772680444,0.486046632930453,131.728497398809,0.0110992506112058,0.0172,0.31648,"HH","indicativo","HH",3,FALSE
"sarscov2",2022,"330452","Rio das Ostras",119.849188141604,19.0544620940901,29.7017737246802,0.0981104028612318,0.471,0.747103448275862,"HH","ns","ns",2,FALSE
"sarscov2",2022,"330455","Rio de Janeiro",102.701661723485,1.90693567597077,-44.2031810672936,-0.0146125344752702,0.0724,0.473288888888889,"HL","ns","ns",7,FALSE
"sarscov2",2022,"330460","Santa Maria Madalena",22.1429477502213,-78.6517782972926,-17.9028652829301,0.244099601631214,0.6486,0.8648,"LL","ns","ns",5,FALSE
"sarscov2",2022,"330470","Santo Antônio de Pádua",67.7542130031157,-33.0405130443982,31.7992651779701,-0.182137699670946,0.3164,0.6328,"LH","ns","ns",6,FALSE
"sarscov2",2022,"330475","São Francisco de Itabapoana",60.3748231774261,-40.4199028700878,-30.5868892524182,0.21432190300876,0.6372,0.8648,"LL","ns","ns",2,FALSE
"sarscov2",2022,"330480","São Fidélis",45.2364080395151,-55.5583180079988,5.75272871702695,-0.0554062764082583,0.7706,0.908912820512821,"LH","ns","ns",7,FALSE
"sarscov2",2022,"330490","São Gonçalo",101.262921854154,0.468195806640082,62.2926595607466,0.00505592209683721,0.2042,0.57219512195122,"HH","ns","ns",3,FALSE
"sarscov2",2022,"330500","São João da Barra",45.4403398160098,-55.3543862315041,-23.11964757171,0.221855004548864,0.7904,0.90896,"LL","ns","ns",2,FALSE
"sarscov2",2022,"330510","São João de Meriti",50.6786237308158,-50.1161023166981,-40.3899948212021,0.350902987200121,0.1864,0.564464516129032,"LL","ns","ns",5,FALSE
"sarscov2",2022,"330513","São José de Ubá",39.4102016916236,-61.3845243558903,55.605107692746,-0.591710889498981,0.1902,0.564464516129032,"LH","ns","ns",4,FALSE
"sarscov2",2022,"330515","São José do Vale do Rio Preto",27.6808265427905,-73.1138995047233,32.7118845690254,-0.414611642512927,0.3012,0.625191111111111,"LH","ns","ns",6,FALSE
"sarscov2",2022,"330520","São Pedro da Aldeia",45.7659461827054,-55.0287798648085,-8.56372268632367,0.0816936799194296,0.9446,0.9896,"LL","ns","ns",4,FALSE
"sarscov2",2022,"330530","São Sebastião do Alto",122.365596252148,21.5708702046344,-9.31159670113771,-0.0348199228104967,0.8708,0.953733333333333,"HL","ns","ns",6,FALSE
"sarscov2",2022,"330540","Sapucaia",135.967725114166,35.172999066652,-7.67988117186442,-0.0468273823651563,0.981,0.9896,"HL","ns","ns",4,FALSE
"sarscov2",2022,"330550","Saquarema",26.9457381926625,-73.8489878548514,33.5223342157521,-0.42915559580233,0.3856,0.688230769230769,"LH","ns","ns",4,FALSE
"sarscov2",2022,"330555","Seropédica",50.233066312802,-50.5616597347119,-43.4860066911013,0.381159572002479,0.0926,0.473288888888889,"LL","ns","ns",6,FALSE
"sarscov2",2022,"330560","Silva Jardim",40.9496275037595,-59.8450985437544,57.2576970431337,-0.594016410879947,0.1358,0.531392,"LH","ns","ns",5,FALSE
"sarscov2",2022,"330570","Sumidouro",88.3119469574573,-12.4827790900566,52.437510743928,-0.113472162775779,0.122,0.531392,"LH","ns","ns",6,FALSE
"sarscov2",2022,"330575","Tanguá",144.351099526778,43.5563734792638,7.29755610304665,0.0551017175413615,0.729,0.882473684210526,"HH","ns","ns",5,FALSE
"sarscov2",2022,"330580","Teresópolis",160.739578240238,59.9448521927244,28.6516825454637,0.297740562790255,0.3386,0.648983333333333,"HH","ns","ns",6,FALSE
"sarscov2",2022,"330590","Trajano de Moraes",60.2561312655695,-40.5385947819444,43.5602705019665,-0.306122491237881,0.141,0.531392,"LH","ns","ns",8,FALSE
"sarscov2",2022,"330600","Três Rios",121.890736645544,21.0960105980302,14.897168430818,0.0544803694006383,0.561,0.8064375,"HH","ns","ns",6,FALSE
"sarscov2",2022,"330610","Valença",345.56314093946,244.768414891946,31.8081891251545,1.34967841056411,0.2824,0.604204651162791,"HH","ns","ns",5,FALSE
"sarscov2",2022,"330615","Varre-Sai",29.8878756729085,-70.9068503746054,-46.8318156924176,0.575658830888416,0.2274,0.57219512195122,"LL","ns","ns",3,FALSE
"sarscov2",2022,"330620","Vassouras",149.325646980148,48.5309209326344,32.0195245814077,0.269382508403584,0.2392,0.57219512195122,"HH","ns","ns",8,FALSE
"sarscov2",2022,"330630","Volta Redonda",245.472675608494,144.677949560981,47.3489907180876,1.18754220103,0.187,0.564464516129032,"HH","ns","ns",5,FALSE
"sarscov2",2023,"330010","Angra dos Reis",18.116662651179,-5.61253206041867,-0.822614476630527,0.00957535541396034,0.8546,0.955368888888889,"LL","ns","ns",3,FALSE
"sarscov2",2023,"330015","Aperibé",13.9780242707296,-9.75117044086805,11.8322073941528,-0.239288727864557,0.3316,0.6664,"LH","ns","ns",3,FALSE
"sarscov2",2023,"330020","Araruama",8.87021898361469,-14.858975727983,-1.94207950470844,0.0598488208517259,0.9074,0.955368888888889,"LL","ns","ns",8,FALSE
"sarscov2",2023,"330022","Areal",24.7973152316045,1.06812052000678,4.08102302637936,0.00904042866551752,0.5844,0.840075,"HH","ns","ns",4,FALSE
"sarscov2",2023,"330023","Armação dos Búzios",2.84609642861216,-20.8830982829855,0.641987022249946,-0.0278048720743231,0.6426,0.882376119402985,"LH","ns","ns",1,TRUE
"sarscov2",2023,"330025","Arraial do Cabo",14.2897742264337,-9.43942048516394,-8.49222188038483,0.166251811101797,0.4558,0.748814285714286,"LL","ns","ns",4,FALSE
"sarscov2",2023,"330030","Barra do Piraí",44.8832470378557,21.154052326258,19.5814029551573,0.859086904415493,0.0478,0.379621052631579,"HH","indicativo","HH",7,FALSE
"sarscov2",2023,"330040","Barra Mansa",17.3125942071823,-6.41660050441535,29.3711102052625,-0.390863470550956,0.005,0.379621052631579,"LH","indicativo","LH",8,FALSE
"sarscov2",2023,"330045","Belford Roxo",4.41842432564092,-19.3107703859568,-14.9468061770076,0.598615175876341,0.0364,0.379621052631579,"LL","indicativo","LL",4,FALSE
"sarscov2",2023,"330050","Bom Jardim",27.1859848727349,3.45679016113727,25.530492879393,0.183034069752099,0.0624,0.379621052631579,"HH","ns","ns",4,FALSE
"sarscov2",2023,"330060","Bom Jesus do Itabapoana",3.19139974334237,-20.5377949682553,-9.34355894652166,0.397984230060844,0.2932,0.657912195121951,"LL","ns","ns",5,FALSE
"sarscov2",2023,"330070","Cabo Frio",24.3711817338476,0.641987022249946,-15.0516371690944,-0.0200405533855469,0.0218,0.379621052631579,"HL","indicativo","HL",5,FALSE
"sarscov2",2023,"330080","Cachoeiras de Macacu",13.0611295002997,-10.668065211298,19.1926941604385,-0.424640413923382,0.052,0.379621052631579,"LH","ns","ns",7,FALSE
"sarscov2",2023,"330090","Cambuci",70.7265989058608,46.9974041942631,-10.7525427668227,-1.04805667853947,0.1364,0.522866666666667,"HL","ns","ns",7,FALSE
"sarscov2",2023,"330093","Carapebus",17.058668242593,-6.67052646900467,14.5042891368796,-0.200657908149739,0.2454,0.64262,"LH","ns","ns",3,FALSE
"sarscov2",2023,"330095","Comendador Levy Gasparian",9.26730293383815,-14.4618917777595,-13.6982837372604,0.410857278327491,0.2684,0.64262,"LL","ns","ns",2,FALSE
"sarscov2",2023,"330100","Campos dos Goytacazes",27.7385814649212,4.00938675332349,-10.5864397575548,-0.0880293715976862,0.0688,0.379621052631579,"HL","ns","ns",10,FALSE
"sarscov2",2023,"330110","Cantagalo",21.2179144738583,-2.51128023773937,0.273586289080207,-0.00142491588392345,0.856,0.955368888888889,"LH","ns","ns",7,FALSE
"sarscov2",2023,"330115","Cardoso Moreira",7.13197013251413,-16.5972245790835,-8.10948286508399,0.279144034422578,0.607,0.846121212121212,"LL","ns","ns",3,FALSE
"sarscov2",2023,"330120","Carmo",53.8736526027738,30.1444578911762,0.785526856169457,0.0491098079338101,0.7442,0.912252631578947,"HH","ns","ns",4,FALSE
"sarscov2",2023,"330130","Casimiro de Abreu",8.20836164433192,-15.5208330672658,19.0557670296923,-0.61339634309929,0.0782,0.379621052631579,"LH","ns","ns",6,FALSE
"sarscov2",2023,"330140","Conceição de Macabu",27.2915834562091,3.56238874461142,2.14156561722303,0.0158224020416929,0.705,0.912252631578947,"HH","ns","ns",6,FALSE
"sarscov2",2023,"330150","Cordeiro",8.77061867431577,-14.9585760372819,0.76719214274289,-0.0238009405563788,0.808,0.953025641025641,"LH","ns","ns",5,FALSE
"sarscov2",2023,"330160","Duas Barras",38.1533651870837,14.424170475486,20.0159613779738,0.59877963455649,0.0618,0.379621052631579,"HH","ns","ns",6,FALSE
"sarscov2",2023,"330170","Duque de Caxias",9.66617346508879,-14.0630212465089,-2.27101012641406,0.0662365072840792,0.8814,0.955368888888889,"LL","ns","ns",7,FALSE
"sarscov2",2023,"330180","Engenheiro Paulo de Frontin",18.6242640891109,-5.10493062248673,-3.99965500957444,0.0423459711302466,0.8344,0.955368888888889,"LL","ns","ns",4,FALSE
"sarscov2",2023,"330185","Guapimirim",10.8395445610955,-12.8896501505022,5.72198313046247,-0.152963362897042,0.4776,0.757572413793103,"LH","ns","ns",5,FALSE
"sarscov2",2023,"330187","Iguaba Grande",18.5331541778651,-5.19604053373261,-12.9514181650735,0.139569195777612,0.21,0.64262,"LL","ns","ns",3,FALSE
"sarscov2",2023,"330190","Itaboraí",17.8428534483612,-5.88634126323647,6.39450850941847,-0.0780642742516434,0.4306,0.744859259259259,"LH","ns","ns",6,FALSE
"sarscov2",2023,"330200","Itaguaí",8.21680025587266,-15.512394455725,-3.43289188695046,0.1104431248309,0.7536,0.912252631578947,"LL","ns","ns",7,FALSE
"sarscov2",2023,"330205","Italva",11.8026772859284,-11.9265174256692,-2.50072367250654,0.0618556068905592,0.8976,0.955368888888889,"LL","ns","ns",6,FALSE
"sarscov2",2023,"330210","Itaocara",18.5662739928343,-5.16292071876342,-0.294504658255683,0.00315346013106524,0.9096,0.955368888888889,"LL","ns","ns",6,FALSE
"sarscov2",2023,"330220","Itaperuna",11.264399199217,-12.4647955123807,-3.70193379830603,0.09570035001512,0.6886,0.912252631578947,"LL","ns","ns",8,FALSE
"sarscov2",2023,"330225","Itatiaia",35.8394894915319,12.1102947799343,21.1576234147526,0.531399715254834,0.2794,0.64262,"HH","ns","ns",1,TRUE
"sarscov2",2023,"330227","Japeri",6.05316489018838,-17.6760298214093,-13.4625046667568,0.493526312791223,0.0604,0.379621052631579,"LL","ns","ns",5,FALSE
"sarscov2",2023,"330230","Laje do Muriaé",25.8301236156981,2.10092890410039,-16.0899252791432,-0.0701076005069595,0.1076,0.449963636363636,"HL","ns","ns",2,FALSE
"sarscov2",2023,"330240","Macaé",54.2973751285278,30.5681804169301,11.7741722806184,0.746448232585296,0.2006,0.64262,"HH","ns","ns",6,FALSE
"sarscov2",2023,"330245","Macuco",21.2878306668258,-2.44136404477186,-10.0787535411653,0.0510315887827342,0.3332,0.6664,"LL","ns","ns",4,FALSE
"sarscov2",2023,"330250","Magé",7.59887283932227,-16.1303218722754,11.9117177086007,-0.398489742060687,0.3266,0.6664,"LH","ns","ns",3,FALSE
"sarscov2",2023,"330260","Mangaratiba",13.237244494298,-10.4919502172997,1.4023565719178,-0.0305150717412185,0.7132,0.912252631578947,"LH","ns","ns",3,FALSE
"sarscov2",2023,"330270","Maricá",45.9313221414796,22.202127429882,5.06110116037885,0.233044752836132,0.4988,0.764826666666667,"HH","ns","ns",5,FALSE
"sarscov2",2023,"330280","Mendes",18.6582743965516,-5.07092031504609,3.92446653108798,-0.0412731043672597,0.5962,0.843852307692308,"LH","ns","ns",5,FALSE
"sarscov2",2023,"330285","Mesquita",9.7271297501063,-14.0020649614914,-12.9177372286102,0.375126939703641,0.0784,0.379621052631579,"LL","ns","ns",5,FALSE
"sarscov2",2023,"330290","Miguel Pereira",13.2134362226096,-10.5157584889881,-0.883997470745329,0.0192793037450471,0.973,0.973,"LL","ns","ns",8,FALSE
"sarscov2",2023,"330300","Miracema",4.01413966569206,-19.7150550459056,-7.47873598886283,0.305791856911506,0.5222,0.787580327868852,"LL","ns","ns",4,FALSE
"sarscov2",2023,"330310","Natividade",6.39858796742242,-17.3306067441752,-8.46097289117894,0.30411216371607,0.4526,0.748814285714286,"LL","ns","ns",4,FALSE
"sarscov2",2023,"330320","Nilópolis",11.0793236149945,-12.6498710966031,-10.4566833750491,0.274334089723448,0.4002,0.737104,"LL","ns","ns",3,FALSE
"sarscov2",2023,"330330","Niterói",54.0482224413825,30.3190277297848,9.38625921438363,0.590211318715965,0.3756,0.7199,"HH","ns","ns",2,FALSE
"sarscov2",2023,"330340","Nova Friburgo",135.477927431363,111.748732719766,0.40082230365283,0.092895399430733,0.728,0.912252631578947,"HH","ns","ns",9,FALSE
"sarscov2",2023,"330350","Nova Iguaçu",8.46913521476224,-15.2600594968354,-13.203059017961,0.417859722426356,0.0086,0.379621052631579,"LL","indicativo","LL",9,FALSE
"sarscov2",2023,"330360","Paracambi",9.03407500474556,-14.6951197068521,-8.84131965182245,0.269457291848846,0.2348,0.64262,"LL","ns","ns",7,FALSE
"sarscov2",2023,"330370","Paraíba do Sul",6.83907156574123,-16.8901231458564,7.95027189231241,-0.278493149963532,0.3178,0.6664,"LH","ns","ns",7,FALSE
"sarscov2",2023,"330380","Paraty",6.4213052671087,-17.307889444489,-5.61253206041867,0.201466419087773,0.9346,0.955368888888889,"LL","ns","ns",1,TRUE
"sarscov2",2023,"330385","Paty do Alferes",6.48537284432596,-17.2438218672717,12.3912803401393,-0.443148649751108,0.2698,0.64262,"LH","ns","ns",4,FALSE
"sarscov2",2023,"330390","Petrópolis",86.4170192344107,62.687824522813,-11.7531366046526,-1.52804696460729,0.0316,0.379621052631579,"HL","indicativo","HL",10,FALSE
"sarscov2",2023,"330395","Pinheiral",30.9870485237815,7.25785381218381,29.6438287326471,0.446213013276488,0.0672,0.379621052631579,"HH","ns","ns",3,FALSE
"sarscov2",2023,"330400","Piraí",27.7143468975299,3.98515218593221,9.48014363425644,0.078353707023423,0.235,0.64262,"HH","ns","ns",8,FALSE
"sarscov2",2023,"330410","Porciúncula",31.8931554312245,8.16396071962685,-13.1679342739409,-0.222955544320844,0.3492,0.683540425531915,"HL","ns","ns",2,FALSE
"sarscov2",2023,"330411","Porto Real",39.5246752471956,15.7954805355979,13.0848142743804,0.428647332393849,0.2788,0.64262,"HH","ns","ns",3,FALSE
"sarscov2",2023,"330412","Quatis",48.2426146244016,24.5134199128039,22.4438446987605,1.14104002732784,0.088,0.38552380952381,"HH","ns","ns",4,FALSE
"sarscov2",2023,"330414","Queimados",8.88196511552355,-14.8472295960741,-14.976815121093,0.461173785987264,0.0858,0.38552380952381,"LL","ns","ns",3,FALSE
"sarscov2",2023,"330415","Quissamã",33.1114929606949,9.3822982490972,0.300416342976745,0.00584564596736217,0.787,0.940311688311688,"HH","ns","ns",3,FALSE
"sarscov2",2023,"330420","Resende",44.8868181263503,21.1576234147526,11.5006486809802,0.50464844542388,0.2694,0.64262,"HH","ns","ns",4,FALSE
"sarscov2",2023,"330430","Rio Bonito",57.6123440167038,33.8831493051061,-4.5823172524779,-0.322009469444904,0.7422,0.912252631578947,"HL","ns","ns",6,FALSE
"sarscov2",2023,"330440","Rio Claro",49.0611909434948,25.3319962318971,4.95732610563745,0.260445359382444,0.4874,0.760013559322034,"HH","ns","ns",6,FALSE
"sarscov2",2023,"330450","Rio das Flores",43.5541324160718,19.8249377044741,18.8773102252796,0.77616072734098,0.1726,0.588118518518518,"HH","ns","ns",3,FALSE
"sarscov2",2023,"330452","Rio das Ostras",10.346822107599,-13.3823726039986,7.52367367483218,-0.208815526854602,0.4772,0.757572413793103,"LH","ns","ns",2,FALSE
"sarscov2",2023,"330455","Rio de Janeiro",22.8232885511366,-0.905906160461075,-14.2776923293418,0.0268250754444107,0.013,0.379621052631579,"LL","indicativo","LL",7,FALSE
"sarscov2",2023,"330460","Santa Maria Madalena",8.38160510498731,-15.3475896066104,-6.33694006292225,0.20170631583975,0.5614,0.833045161290323,"LL","ns","ns",5,FALSE
"sarscov2",2023,"330470","Santo Antônio de Pádua",17.3913334185565,-6.33786129304118,-0.559373050523864,0.00735265162644381,0.927,0.955368888888889,"LL","ns","ns",6,FALSE
"sarscov2",2023,"330475","São Francisco de Itabapoana",14.2022413767571,-9.52695333484062,-5.99375223309369,0.11842749531077,0.8686,0.955368888888889,"LL","ns","ns",2,FALSE
"sarscov2",2023,"330480","São Fidélis",7.31787678869143,-16.4113179229062,-1.68289480454033,0.0572796226749344,0.9326,0.955368888888889,"LL","ns","ns",7,FALSE
"sarscov2",2023,"330490","São Gonçalo",20.299585710483,-3.4296090011147,15.5449379654768,-0.110568985172159,0.2272,0.64262,"LH","ns","ns",3,FALSE
"sarscov2",2023,"330500","São João da Barra",7.73230349208681,-15.9968912195109,-2.75878329075856,0.0915277736240181,0.91,0.955368888888889,"LL","ns","ns",2,FALSE
"sarscov2",2023,"330510","São João de Meriti",7.26711570840291,-16.4620790031948,-12.1863267702042,0.416061203406139,0.1214,0.4856,"LL","ns","ns",5,FALSE
"sarscov2",2023,"330513","São José de Ubá",10.5159786574679,-13.2132160541298,2.11992308573389,-0.0580936094358581,0.7146,0.912252631578947,"LH","ns","ns",4,FALSE
"sarscov2",2023,"330515","São José do Vale do Rio Preto",4.76202976882285,-18.9671649427748,7.18092289623265,-0.282476552689815,0.4006,0.737104,"LH","ns","ns",6,FALSE
"sarscov2",2023,"330520","São Pedro da Aldeia",9.17333642952403,-14.5558582820736,-7.2131124311574,0.217751041126835,0.5788,0.840075,"LL","ns","ns",4,FALSE
"sarscov2",2023,"330530","São Sebastião do Alto",9.97639246235533,-13.7528022492423,-8.4944713618648,0.24228541688594,0.319,0.6664,"LL","ns","ns",6,FALSE
"sarscov2",2023,"330540","Sapucaia",22.7427681277441,-0.986426583853557,-1.77837690236956,0.00363821447066594,0.9514,0.961854945054945,"LL","ns","ns",4,FALSE
"sarscov2",2023,"330550","Saquarema",18.7625243636206,-4.96667034797706,12.6238499228607,-0.130033986895763,0.2644,0.64262,"LH","ns","ns",4,FALSE
"sarscov2",2023,"330555","Seropédica",11.7348386665635,-11.9943560450342,-13.1494565395595,0.327102949693172,0.0498,0.379621052631579,"LL","indicativo","LL",6,FALSE
"sarscov2",2023,"330560","Silva Jardim",23.3462450627871,-0.382949648810534,20.916801603665,-0.0166125642146017,0.0744,0.379621052631579,"LH","ns","ns",5,FALSE
"sarscov2",2023,"330570","Sumidouro",15.9448384823824,-7.78435622921523,22.4950981726848,-0.363170291654065,0.0408,0.379621052631579,"LH","indicativo","LH",6,FALSE
"sarscov2",2023,"330575","Tanguá",32.9982933960354,9.26909868443768,6.9128399824953,0.132890437108204,0.429,0.744859259259259,"HH","ns","ns",5,FALSE
"sarscov2",2023,"330580","Teresópolis",22.3360141879069,-1.3931805236908,20.6878867847981,-0.0597755038272505,0.0602,0.379621052631579,"LH","ns","ns",6,FALSE
"sarscov2",2023,"330590","Trajano de Moraes",14.6368390712001,-9.09235564039757,12.8544700130672,-0.242398713159414,0.1508,0.541384615384615,"LH","ns","ns",8,FALSE
"sarscov2",2023,"330600","Três Rios",13.2227503829333,-10.5064443286644,2.07505643209591,-0.0452152978079454,0.6956,0.912252631578947,"LH","ns","ns",6,FALSE
"sarscov2",2023,"330610","Valença",82.9680700607043,59.2388753491067,14.6717975823418,1.80256050608301,0.153,0.541384615384615,"HH","ns","ns",5,FALSE
"sarscov2",2023,"330615","Varre-Sai",14.7239329078911,-9.00526180370658,-9.90148033093457,0.184925240566646,0.4372,0.744859259259259,"LL","ns","ns",3,FALSE
"sarscov2",2023,"330620","Vassouras",38.0123731841862,14.2831784725885,5.67403886752372,0.168080328909527,0.4156,0.744859259259259,"HH","ns","ns",8,FALSE
"sarscov2",2023,"330630","Volta Redonda",87.5214763973489,63.7922816857512,10.2624908103712,1.35775258161891,0.2602,0.64262,"HH","ns","ns",5,FALSE
"sarscov2",2024,"330010","Angra dos Reis",11.8381429750741,-1.38432556186159,-0.575947414077595,0.00596326868217548,0.817,0.94047,"LL","ns","ns",3,FALSE
"sarscov2",2024,"330015","Aperibé",7.44543094466549,-5.7770375922702,18.7199630253148,-0.808860237558481,0.0552,0.564266666666667,"LH","ns","ns",3,FALSE
"sarscov2",2024,"330020","Araruama",4.55476355190353,-8.66770498503216,-0.224660208873423,0.0145644331325964,0.8938,0.9462,"LL","ns","ns",8,FALSE
"sarscov2",2024,"330022","Areal",14.6445342901286,1.42206575319291,-2.89130104306438,-0.0307522075431367,0.7422,0.939145945945946,"HL","ns","ns",4,FALSE
"sarscov2",2024,"330023","Armação dos Búzios",8.65340844678477,-4.56906009015092,-1.38035110638027,0.0471715062254324,0.7554,0.939145945945946,"LL","ns","ns",1,TRUE
"sarscov2",2024,"330025","Arraial do Cabo",6.2002841628854,-7.02218437405029,-3.85015793964629,0.202215331567473,0.5156,0.777626229508197,"LL","ns","ns",4,FALSE
"sarscov2",2024,"330030","Barra do Piraí",18.5021342169449,5.27966568000924,3.6319915453132,0.143421598381355,0.386,0.65762962962963,"HH","ns","ns",7,FALSE
"sarscov2",2024,"330040","Barra Mansa",11.1741539495723,-2.04831458736339,10.9038607665512,-0.167047608143574,0.0336,0.564266666666667,"LH","indicativo","LH",8,FALSE
"sarscov2",2024,"330045","Belford Roxo",2.61646871476374,-10.605999822172,-6.61759476894876,0.524946556694778,0.0894,0.587485714285714,"LL","ns","ns",4,FALSE
"sarscov2",2024,"330050","Bom Jardim",20.1291284740477,6.906659937112,8.50332515233607,0.439258491401836,0.1808,0.588302702702703,"HH","ns","ns",4,FALSE
"sarscov2",2024,"330060","Bom Jesus do Itabapoana",3.74921969242319,-9.4732488445125,-4.1053875422548,0.290881708316994,0.373,0.651637735849057,"LL","ns","ns",5,FALSE
"sarscov2",2024,"330070","Cabo Frio",11.8421174305554,-1.38035110638027,-6.83153143386568,0.0705295227472458,0.0466,0.564266666666667,"LL","indicativo","LL",5,FALSE
"sarscov2",2024,"330080","Cachoeiras de Macacu",7.97555520270431,-5.24691333423138,9.02512011319176,-0.354176863632725,0.0848,0.587485714285714,"LH","ns","ns",7,FALSE
"sarscov2",2024,"330090","Cambuci",77.0703045333519,63.8478359964163,-4.67984899008217,-2.23481371584847,0.2302,0.588302702702703,"HL","ns","ns",7,FALSE
"sarscov2",2024,"330093","Carapebus",6.70028036443056,-6.52218817250513,11.4937127555572,-0.560682460151693,0.1368,0.588302702702703,"LH","ns","ns",3,FALSE
"sarscov2",2024,"330095","Comendador Levy Gasparian",8.19043443250662,-5.03203410442907,-6.12325481555052,0.230456634333895,0.3522,0.65136,"LL","ns","ns",2,FALSE
"sarscov2",2024,"330100","Campos dos Goytacazes",15.5411149384495,2.31864640151385,-1.60704517422713,-0.0278692906135787,0.7916,0.94047,"HL","ns","ns",10,FALSE
"sarscov2",2024,"330110","Cantagalo",8.48724015149745,-4.73522838543824,-3.0572950934455,0.108278341764906,0.5252,0.779329032258064,"LL","ns","ns",7,FALSE
"sarscov2",2024,"330115","Cardoso Moreira",6.92009209349042,-6.30237644344527,-0.592958621362215,0.0279506578873239,0.8178,0.94047,"LL","ns","ns",3,FALSE
"sarscov2",2024,"330120","Carmo",21.4074065808908,8.18493804395506,-4.51574371640954,-0.276444522421159,0.434,0.676745762711864,"HL","ns","ns",4,FALSE
"sarscov2",2024,"330130","Casimiro de Abreu",9.3968367992551,-3.82563173768059,3.5099555398347,-0.100431068561953,0.4064,0.673186206896552,"LH","ns","ns",6,FALSE
"sarscov2",2024,"330140","Conceição de Macabu",10.8165898909073,-2.40587864602842,5.5725657493293,-0.100274897155962,0.266,0.593079069767442,"LH","ns","ns",6,FALSE
"sarscov2",2024,"330150","Cordeiro",5.38062681093389,-7.8418417260018,-0.189704576113649,0.0111265157291041,0.8412,0.943785365853659,"LL","ns","ns",5,FALSE
"sarscov2",2024,"330160","Duas Barras",7.46429075910859,-5.7581777778271,7.26737993331658,-0.312986957901232,0.1718,0.588302702702703,"LH","ns","ns",6,FALSE
"sarscov2",2024,"330170","Duque de Caxias",7.93882052435405,-5.28364801258164,-4.73911056029517,0.18728113168886,0.18,0.588302702702703,"LL","ns","ns",7,FALSE
"sarscov2",2024,"330180","Engenheiro Paulo de Frontin",7.1111268292414,-6.11134170769429,-4.60073879804882,0.210294275721665,0.3754,0.651637735849057,"LL","ns","ns",4,FALSE
"sarscov2",2024,"330185","Guapimirim",14.4125432051067,1.19007466817104,0.494600674601918,0.00440242759215628,0.7216,0.935030985915493,"HH","ns","ns",5,FALSE
"sarscov2",2024,"330187","Iguaba Grande",17.9429688521774,4.72050031524173,-8.5876551138323,-0.303197720565845,0.0156,0.4784,"HL","indicativo","HL",3,FALSE
"sarscov2",2024,"330190","Itaboraí",10.1847807520332,-3.03768778490249,5.58670866723007,-0.126929469766002,0.2582,0.593079069767442,"LH","ns","ns",6,FALSE
"sarscov2",2024,"330200","Itaguaí",6.44992765555111,-6.77254088138458,-1.37496871628034,0.069647857103809,0.8846,0.9462,"LL","ns","ns",7,FALSE
"sarscov2",2024,"330205","Italva",13.5012725886274,0.278804051691674,5.86781868611425,0.0122359888638231,0.2318,0.588302702702703,"HH","ns","ns",6,FALSE
"sarscov2",2024,"330210","Itaocara",10.2879512011532,-2.93451733578252,6.59180389698181,-0.144678589048794,0.2042,0.588302702702703,"LH","ns","ns",6,FALSE
"sarscov2",2024,"330220","Itaperuna",2.41484986094107,-10.8076186759946,4.0728633521881,-0.329225267311531,0.325,0.636170212765957,"LH","ns","ns",8,FALSE
"sarscov2",2024,"330225","Itatiaia",23.0926710158964,9.87020247896069,21.5380144490699,1.5899923411329,0.0998,0.588302702702703,"HH","ns","ns",1,TRUE
"sarscov2",2024,"330227","Japeri",3.37598109877158,-9.84648743816411,-6.40031826085265,0.471352926424184,0.068,0.568727272727273,"LL","ns","ns",5,FALSE
"sarscov2",2024,"330230","Laje do Muriaé",8.72702246106999,-4.4954460758657,-9.75948794160206,0.328142989831948,0.0138,0.4784,"LL","indicativo","LL",2,FALSE
"sarscov2",2024,"330240","Macaé",13.2495105142491,0.0270419773133632,4.96877593215931,0.00100496552373877,0.293,0.599022222222222,"HH","ns","ns",6,FALSE
"sarscov2",2024,"330245","Macuco",9.57942199799832,-3.64304653893737,-2.73769774043828,0.0745956535446894,0.7476,0.939145945945946,"LL","ns","ns",4,FALSE
"sarscov2",2024,"330250","Magé",5.00200112087602,-8.22046741605967,1.54133072649118,-0.0947666775510328,0.5844,0.827150769230769,"LH","ns","ns",3,FALSE
"sarscov2",2024,"330260","Mangaratiba",10.1925628990549,-3.02990563788075,-1.05742524778678,0.0239630495271148,0.8818,0.9462,"LL","ns","ns",3,FALSE
"sarscov2",2024,"330270","Maricá",29.0906635224817,15.868194985546,3.32640823803728,0.394790217129049,0.4126,0.673186206896552,"HH","ns","ns",5,FALSE
"sarscov2",2024,"330280","Mendes",5.93839936832066,-7.28406916861503,-0.591026310574336,0.032199133320361,0.9096,0.9462,"LL","ns","ns",5,FALSE
"sarscov2",2024,"330285","Mesquita",8.75683027791819,-4.4656382590175,-6.23632760706375,0.208293524122761,0.088,0.587485714285714,"LL","ns","ns",5,FALSE
"sarscov2",2024,"330290","Miguel Pereira",6.87657112806076,-6.34589740887492,-4.37222546176003,0.207519495181887,0.2082,0.588302702702703,"LL","ns","ns",8,FALSE
"sarscov2",2024,"330300","Miracema",4.5111113297262,-8.71135720720949,-6.11132795319691,0.398184837648878,0.1412,0.588302702702703,"LL","ns","ns",4,FALSE
"sarscov2",2024,"330310","Natividade",6.42895850864448,-6.79351002829121,-7.49370361903665,0.380762386100978,0.0316,0.564266666666667,"LL","indicativo","LL",4,FALSE
"sarscov2",2024,"330320","Nilópolis",9.36580512263269,-3.856663414303,-4.16750261587119,0.120212858862394,0.56,0.807875,"LL","ns","ns",3,FALSE
"sarscov2",2024,"330330","Niterói",20.5006538399081,7.27818530297245,9.47092823089824,0.515559697976663,0.2122,0.588302702702703,"HH","ns","ns",2,FALSE
"sarscov2",2024,"330340","Nova Friburgo",54.5545187655864,41.3320502286507,0.355346658178798,0.109850614438989,0.6582,0.890505882352941,"HH","ns","ns",9,FALSE
"sarscov2",2024,"330350","Nova Iguaçu",4.54036332668799,-8.6821052102477,-6.55219655482738,0.425476196076833,0.0082,0.4784,"LL","indicativo","LL",9,FALSE
"sarscov2",2024,"330360","Paracambi",11.9005550283989,-1.3219135085368,-5.41970028103828,0.0535848003615184,0.1066,0.588302702702703,"LL","ns","ns",7,FALSE
"sarscov2",2024,"330370","Paraíba do Sul",4.97706334468164,-8.24540519225405,-1.75398651433011,0.108168687177859,0.8052,0.94047,"LL","ns","ns",7,FALSE
"sarscov2",2024,"330380","Paraty",9.53994123269783,-3.68252730423786,-1.38432556186159,0.0381283068694517,0.7758,0.94047,"LL","ns","ns",1,TRUE
"sarscov2",2024,"330385","Paty do Alferes",4.22367030236437,-8.99879823457132,-2.33120304585334,0.156901798856495,0.8114,0.94047,"LL","ns","ns",4,FALSE
"sarscov2",2024,"330390","Petrópolis",21.9400340608198,8.71756552388413,-3.62589339625463,-0.236414199831288,0.31,0.62,"HL","ns","ns",10,FALSE
"sarscov2",2024,"330395","Pinheiral",19.968786327269,6.74631779033333,12.0333960883815,0.607181196452186,0.1292,0.588302702702703,"HH","ns","ns",3,FALSE
"sarscov2",2024,"330400","Piraí",15.8720016264544,2.64953308951867,3.46934068999314,0.0687510925169463,0.3504,0.65136,"HH","ns","ns",8,FALSE
"sarscov2",2024,"330410","Porciúncula",9.05178104148987,-4.17068749544582,-6.15838474424244,0.192104604402359,0.354,0.65136,"LL","ns","ns",2,FALSE
"sarscov2",2024,"330411","Porto Real",19.417819304589,6.19535076765333,12.4206275028305,0.575536331268588,0.1162,0.588302702702703,"HH","ns","ns",3,FALSE
"sarscov2",2024,"330412","Quatis",30.9946511837208,17.7721826467851,6.58140248330766,0.874827698477863,0.2348,0.588302702702703,"HH","ns","ns",4,FALSE
"sarscov2",2024,"330414","Queimados",1.79789181238561,-11.4245767245501,-7.58523036682185,0.648145037321873,0.0516,0.564266666666667,"LL","ns","ns",3,FALSE
"sarscov2",2024,"330415","Quissamã",50.0824434723223,36.8599749353866,-2.20314013900657,-0.607379968855051,0.9404,0.9462,"HL","ns","ns",3,FALSE
"sarscov2",2024,"330420","Resende",34.7604829860056,21.5380144490699,7.94735532650893,1.28024061596977,0.1902,0.588302702702703,"HH","ns","ns",4,FALSE
"sarscov2",2024,"330430","Rio Bonito",28.3750436057432,15.1525750688076,-2.13979346997339,-0.242505508790767,0.8318,0.943785365853659,"HL","ns","ns",6,FALSE
"sarscov2",2024,"330440","Rio Claro",18.2070592368215,4.98459069988582,2.93090598610748,0.10926842852745,0.4428,0.67896,"HH","ns","ns",6,FALSE
"sarscov2",2024,"330450","Rio das Flores",12.2879435435637,-0.934524993371957,-3.68530699818391,0.0257589347587632,0.6484,0.890340298507463,"LL","ns","ns",3,FALSE
"sarscov2",2024,"330452","Rio das Ostras",8.17550257293249,-5.0469659640032,-1.89929488018361,0.0716945395528066,0.939,0.9462,"LL","ns","ns",2,FALSE
"sarscov2",2024,"330455","Rio de Janeiro",13.2245865422878,0.00211800535210926,-5.90381168907662,-9.35239532672719e-05,0.0638,0.568727272727273,"HL","ns","ns",7,FALSE
"sarscov2",2024,"330460","Santa Maria Madalena",7.69311800668034,-5.52935053025535,-0.567455882423963,0.0234676461666361,0.9044,0.9462,"LL","ns","ns",5,FALSE
"sarscov2",2024,"330470","Santo Antônio de Pádua",8.46903895224643,-4.75342958468926,6.21681299991295,-0.221023359287378,0.2366,0.588302702702703,"LH","ns","ns",6,FALSE
"sarscov2",2024,"330475","São Francisco de Itabapoana",4.74444501601902,-8.47802352091667,-1.75888067469535,0.111530667333223,0.9462,0.9462,"LL","ns","ns",2,FALSE
"sarscov2",2024,"330480","São Fidélis",8.84614221964352,-4.37632631729217,6.71772162932901,-0.219884697922363,0.1726,0.588302702702703,"LH","ns","ns",7,FALSE
"sarscov2",2024,"330490","São Gonçalo",16.2961300131862,3.07366147625049,6.70289750120532,0.154092648123122,0.2772,0.593079069767442,"HH","ns","ns",3,FALSE
"sarscov2",2024,"330500","São João da Barra",7.38606078603113,-5.83640775090455,-3.07968855970141,0.134436046337048,0.8806,0.9462,"LL","ns","ns",2,FALSE
"sarscov2",2024,"330510","São João de Meriti",5.18348094298749,-8.0389875939482,-4.84196630054439,0.291129642692126,0.2668,0.593079069767442,"LL","ns","ns",5,FALSE
"sarscov2",2024,"330513","São José de Ubá",8.83365106069762,-4.38881747623807,9.89385763213072,-0.324770431884061,0.1514,0.588302702702703,"LH","ns","ns",4,FALSE
"sarscov2",2024,"330515","São José do Vale do Rio Preto",5.18620847189507,-8.03626006504062,1.47157742002937,-0.0884505228598625,0.6114,0.852254545454546,"LH","ns","ns",6,FALSE
"sarscov2",2024,"330520","São Pedro da Aldeia",3.14939255452124,-10.0730759824145,-3.08743503755525,0.232607248859947,0.6692,0.892266666666667,"LL","ns","ns",4,FALSE
"sarscov2",2024,"330530","São Sebastião do Alto",8.56747780210016,-4.65499073483553,-2.48953320386387,0.0866762373877276,0.6906,0.907645714285714,"LL","ns","ns",6,FALSE
"sarscov2",2024,"330540","Sapucaia",5.89519833294117,-7.32727020399452,-1.02368123957771,0.056100955459201,0.9242,0.9462,"LL","ns","ns",4,FALSE
"sarscov2",2024,"330550","Saquarema",19.0576915939649,5.8352230570292,6.45893105203953,0.281891134189779,0.2612,0.593079069767442,"HH","ns","ns",4,FALSE
"sarscov2",2024,"330555","Seropédica",8.99537008488196,-4.22709845205373,-6.34091762625519,0.200473873042653,0.0528,0.564266666666667,"LL","ns","ns",6,FALSE
"sarscov2",2024,"330560","Silva Jardim",8.01813162539542,-5.20433691154027,7.74887504810283,-0.301625022908209,0.181,0.588302702702703,"LH","ns","ns",5,FALSE
"sarscov2",2024,"330570","Sumidouro",12.9801700385574,-0.242298498378306,6.44263110167709,-0.0116755485447287,0.2096,0.588302702702703,"LH","ns","ns",6,FALSE
"sarscov2",2024,"330575","Tanguá",16.7051276757724,3.48265913883676,5.71427839844977,0.148845487292031,0.276,0.593079069767442,"HH","ns","ns",5,FALSE
"sarscov2",2024,"330580","Teresópolis",23.4829749212547,10.260506384319,6.28570308717593,0.482376302343531,0.2176,0.588302702702703,"HH","ns","ns",6,FALSE
"sarscov2",2024,"330590","Trajano de Moraes",19.5037384214581,6.28126988452246,3.0238304958772,0.142058820038823,0.4188,0.673186206896552,"HH","ns","ns",8,FALSE
"sarscov2",2024,"330600","Três Rios",9.2213640980887,-4.00110443884699,-3.0835563814402,0.0922773444316071,0.562,0.807875,"LL","ns","ns",6,FALSE
"sarscov2",2024,"330610","Valença",13.8630278408065,0.640559303870836,3.32358672797809,0.0159231749215522,0.4244,0.673186206896552,"HH","ns","ns",5,FALSE
"sarscov2",2024,"330615","Varre-Sai",7.69920907674201,-5.52325946019368,-6.81248212274984,0.281425941148069,0.1342,0.588302702702703,"LL","ns","ns",3,FALSE
"sarscov2",2024,"330620","Vassouras",9.77139343076718,-3.45107510616851,-3.99997646518769,0.103246456081699,0.2856,0.597163636363636,"LL","ns","ns",8,FALSE
"sarscov2",2024,"330630","Volta Redonda",41.3934580325522,28.1709894956165,3.52235853447674,0.742162434246906,0.3652,0.651637735849057,"HH","ns","ns",5,FALSE
"sarscov2",2025,"330010","Angra dos Reis",7.04980418886483,0.85206596701325,0.125068032082996,0.0122542630581907,0.6718,0.798512820512821,"HH","ns","ns",3,FALSE
"sarscov2",2025,"330015","Aperibé",5.16556502748797,-1.03217319436361,-0.0936680744394022,0.0111176201596301,0.8198,0.887312941176471,"LL","ns","ns",3,FALSE
"sarscov2",2025,"330020","Araruama",2.23645819646741,-3.96128002538418,0.670296934978615,-0.305330677211352,0.4734,0.691314285714286,"LH","ns","ns",8,FALSE
"sarscov2",2025,"330022","Areal",5.09916188020616,-1.09857634164542,-0.496642990772505,0.0627396679711084,0.8922,0.932754545454545,"LL","ns","ns",4,FALSE
"sarscov2",2025,"330023","Armação dos Búzios",7.72453541941353,1.52679719756195,1.48077274378724,0.259978497438526,0.3998,0.623416949152542,"HH","ns","ns",1,TRUE
"sarscov2",2025,"330025","Arraial do Cabo",3.84710730559416,-2.35063091625742,-1.2917312927549,0.349159841689018,0.2892,0.540828571428571,"LL","ns","ns",4,FALSE
"sarscov2",2025,"330030","Barra do Piraí",8.17659718361167,1.97885896176008,3.45454773283134,0.786092591540874,0.0188,0.247085714285714,"HH","indicativo","HH",7,FALSE
"sarscov2",2025,"330040","Barra Mansa",9.55154262639005,3.35380440453846,2.77072052864759,1.06855804061326,0.0316,0.307781818181818,"HH","indicativo","HH",8,FALSE
"sarscov2",2025,"330045","Belford Roxo",3.55203820347628,-2.6457000183753,-1.48882173049498,0.452950728787568,0.1924,0.510263414634146,"LL","ns","ns",4,FALSE
"sarscov2",2025,"330050","Bom Jardim",3.99305939512094,-2.20467882673065,1.36975989320539,-0.34726214258616,0.3292,0.540828571428571,"LH","ns","ns",4,FALSE
"sarscov2",2025,"330060","Bom Jesus do Itabapoana",7.0592450088533,0.861506787001718,-1.93247715484833,-0.191443548312391,0.0356,0.307781818181818,"HL","indicativo","HL",5,FALSE
"sarscov2",2025,"330070","Cabo Frio",7.67851096563882,1.48077274378724,-0.891489774297867,-0.151800234093871,0.5292,0.7208,"HL","ns","ns",5,FALSE
"sarscov2",2025,"330080","Cachoeiras de Macacu",4.71281921958988,-1.4849190022617,2.80684429607801,-0.479279385746334,0.042,0.321386666666667,"LH","indicativo","LH",7,FALSE
"sarscov2",2025,"330090","Cambuci",7.90766771479614,1.70992949294456,-1.19948041760363,-0.235851709632342,0.2232,0.510263414634146,"HL","ns","ns",7,FALSE
"sarscov2",2025,"330093","Carapebus",6.46663785058714,0.268899628735561,3.64842618563276,0.112814112217858,0.103,0.412,"HH","ns","ns",3,FALSE
"sarscov2",2025,"330095","Comendador Levy Gasparian",5.37011271327032,-0.827625508581261,-2.02589039966094,0.19280463832174,0.173,0.510263414634146,"LL","ns","ns",2,FALSE
"sarscov2",2025,"330100","Campos dos Goytacazes",3.02051595475263,-3.17722226709895,-1.26722746377714,0.462988109417158,0.0818,0.366247619047619,"LL","ns","ns",10,FALSE
"sarscov2",2025,"330110","Cantagalo",4.54213274877242,-1.65560547307917,-1.07184497058238,0.204059346393541,0.2836,0.540828571428571,"LL","ns","ns",7,FALSE
"sarscov2",2025,"330115","Cardoso Moreira",5.0066974963153,-1.19104072553629,-1.66166808901343,0.227582338017659,0.2104,0.510263414634146,"LL","ns","ns",3,FALSE
"sarscov2",2025,"330120","Carmo",4.69105717886725,-1.50668104298434,-0.300747391118791,0.0521063744485092,0.9862,0.997037362637363,"LL","ns","ns",4,FALSE
"sarscov2",2025,"330130","Casimiro de Abreu",8.25454599162382,2.05680776977223,3.22766272790762,0.763395357970946,0.0368,0.307781818181818,"HH","indicativo","HH",6,FALSE
"sarscov2",2025,"330140","Conceição de Macabu",4.43134910848775,-1.76638911336383,1.31243896534402,-0.266583434341684,0.3116,0.540828571428571,"LH","ns","ns",6,FALSE
"sarscov2",2025,"330150","Cordeiro",4.45104316269461,-1.74669505915698,-1.27095795007701,0.255279498040771,0.2414,0.527181395348837,"LL","ns","ns",5,FALSE
"sarscov2",2025,"330160","Duas Barras",5.17144627808799,-1.02629194376359,0.373753096856493,-0.0441086111160187,0.607,0.754648648648649,"LH","ns","ns",6,FALSE
"sarscov2",2025,"330170","Duque de Caxias",4.27645349590528,-1.9212847259463,-1.20413486414593,0.266032395176333,0.1984,0.510263414634146,"LL","ns","ns",7,FALSE
"sarscov2",2025,"330180","Engenheiro Paulo de Frontin",8.20894624748862,2.01120802563704,-0.52952423983863,-0.12246458135849,0.8792,0.929728735632184,"HL","ns","ns",4,FALSE
"sarscov2",2025,"330185","Guapimirim",5.91070063884084,-0.287037583010743,-0.5388385668695,0.0177854599188613,0.8106,0.887312941176471,"LL","ns","ns",5,FALSE
"sarscov2",2025,"330187","Iguaba Grande",5.24046322961084,-0.95727499224074,-2.68035127960784,0.295050321506762,0.007,0.247085714285714,"LL","indicativo","LL",3,FALSE
"sarscov2",2025,"330190","Itaboraí",5.57304373067725,-0.624694491174338,2.42649010116456,-0.174306612776746,0.091,0.380545454545455,"LH","ns","ns",6,FALSE
"sarscov2",2025,"330200","Itaguaí",5.84193978227763,-0.355798439573954,-0.866855155224449,0.0354664923546975,0.4348,0.655763934426229,"LL","ns","ns",7,FALSE
"sarscov2",2025,"330205","Italva",4.92180461653651,-1.27593360531507,-0.87096897923606,0.127790457996087,0.4704,0.691314285714286,"LL","ns","ns",6,FALSE
"sarscov2",2025,"330210","Itaocara",6.99921349617332,0.801475274321739,-0.838950667912663,-0.0773204221241195,0.517,0.720666666666667,"HL","ns","ns",6,FALSE
"sarscov2",2025,"330220","Itaperuna",3.30059945375045,-2.89713876810113,-0.628277674330641,0.209309330488071,0.5686,0.734739726027397,"LL","ns","ns",8,FALSE
"sarscov2",2025,"330225","Itatiaia",5.04660164954703,-1.15113657230456,0.280684458723826,-0.0371546249778392,0.6186,0.758816,"LH","ns","ns",1,TRUE
"sarscov2",2025,"330227","Japeri",4.71674032080317,-1.48099790104841,-2.10922013307964,0.359206357517186,0.0158,0.247085714285714,"LL","indicativo","LL",5,FALSE
"sarscov2",2025,"330230","Laje do Muriaé",7.21110235055939,1.01336412870781,-2.51717287160461,-0.293323077525425,0.05,0.321386666666667,"HL","ns","ns",2,FALSE
"sarscov2",2025,"330240","Macaé",19.4091204529037,13.2113822310521,1.43995371595114,2.18758256820599,0.18,0.510263414634146,"HH","ns","ns",6,FALSE
"sarscov2",2025,"330245","Macuco",5.69702263770955,-0.500715584142029,-1.27534897566819,0.0734324147140814,0.323,0.540828571428571,"LL","ns","ns",4,FALSE
"sarscov2",2025,"330250","Magé",3.46434653089016,-2.73339169096143,0.110401847594638,-0.0347013103766199,0.7404,0.85146,"LH","ns","ns",3,FALSE
"sarscov2",2025,"330260","Mangaratiba",5.51937221155458,-0.678366010297002,0.141833068229083,-0.0110639254478925,0.6948,0.80913417721519,"LH","ns","ns",3,FALSE
"sarscov2",2025,"330270","Maricá",8.05575947733053,1.85802125547895,1.26984635039304,0.271312320880234,0.319,0.540828571428571,"HH","ns","ns",5,FALSE
"sarscov2",2025,"330280","Mendes",4.67020141032228,-1.52753681152931,1.17005371510835,-0.20552523252908,0.3622,0.574524137931035,"LH","ns","ns",5,FALSE
"sarscov2",2025,"330285","Mesquita",5.31899572142701,-0.878742500424578,-1.76220105194199,0.178067536787802,0.0648,0.357176470588235,"LL","ns","ns",5,FALSE
"sarscov2",2025,"330290","Miguel Pereira",4.07458844125452,-2.12314978059707,-0.1067375970763,0.0260594783624836,0.9456,0.976426666666667,"LL","ns","ns",8,FALSE
"sarscov2",2025,"330300","Miracema",4.06053124674349,-2.1372069751081,-1.3361297186336,0.328369544190922,0.2724,0.540828571428571,"LL","ns","ns",4,FALSE
"sarscov2",2025,"330310","Natividade",4.84541451063106,-1.35232371122052,-1.12707046195252,0.175266693808415,0.4116,0.63112,"LL","ns","ns",4,FALSE
"sarscov2",2025,"330320","Nilópolis",3.49866339134558,-2.69907483050601,-1.0309494600298,0.319977885555082,0.5344,0.7208,"LL","ns","ns",3,FALSE
"sarscov2",2025,"330330","Niterói",8.49341167851507,2.29567345666348,2.09363176350377,0.552685505068611,0.2088,0.510263414634146,"HH","ns","ns",2,FALSE
"sarscov2",2025,"330340","Nova Friburgo",15.4172627202633,9.21952449841176,0.990882308127133,1.05050533029088,0.258,0.527466666666667,"HH","ns","ns",9,FALSE
"sarscov2",2025,"330350","Nova Iguaçu",4.94561369068777,-1.25212453116382,-1.68381164027967,0.242442467271643,0.0176,0.247085714285714,"LL","indicativo","LL",9,FALSE
"sarscov2",2025,"330360","Paracambi",4.46457254954606,-1.73316567230552,-0.785552248849261,0.156560723021442,0.4854,0.6977625,"LL","ns","ns",7,FALSE
"sarscov2",2025,"330370","Paraíba do Sul",4.42473536656166,-1.77300285528993,-0.218521958774966,0.0445525106985494,0.9974,0.9974,"LL","ns","ns",7,FALSE
"sarscov2",2025,"330380","Paraty",7.32207665114962,1.12433842929804,0.85206596701325,0.110163553784135,0.5406,0.7208,"HH","ns","ns",1,TRUE
"sarscov2",2025,"330385","Paty do Alferes",3.91491909324986,-2.28281912860172,0.477282630232835,-0.125289534527647,0.5544,0.72864,"LH","ns","ns",4,FALSE
"sarscov2",2025,"330390","Petrópolis",8.73726607359254,2.53952785174096,-1.53630745672847,-0.448640816251487,0.0328,0.307781818181818,"HL","indicativo","HL",10,FALSE
"sarscov2",2025,"330395","Pinheiral",8.17980343673951,1.98206521488793,5.37256928104404,1.22452491986405,0.0182,0.247085714285714,"HH","indicativo","HH",3,FALSE
"sarscov2",2025,"330400","Piraí",6.52535017722435,0.327611955372764,2.17983703262811,0.0821204710148062,0.07,0.357777777777778,"HH","ns","ns",8,FALSE
"sarscov2",2025,"330410","Porciúncula",4.68485577764691,-1.51288244420467,-1.15604556686325,0.201116544851492,0.583,0.734739726027397,"LL","ns","ns",2,FALSE
"sarscov2",2025,"330411","Porto Real",7.24736141128639,1.0496231894348,1.81803626281047,0.219433849484293,0.2578,0.527466666666667,"HH","ns","ns",3,FALSE
"sarscov2",2025,"330412","Quatis",8.0173581470207,1.81961992516912,1.91325229704249,0.400332262121773,0.2274,0.510263414634146,"HH","ns","ns",4,FALSE
"sarscov2",2025,"330414","Queimados",3.11028033072568,-3.0874578911259,-1.69444174080604,0.601582712790589,0.177,0.510263414634146,"LL","ns","ns",3,FALSE
"sarscov2",2025,"330415","Quissamã",5.69802366106162,-0.499714560789962,-1.55823725057574,0.0895412699844186,0.2464,0.527181395348837,"LL","ns","ns",3,FALSE
"sarscov2",2025,"330420","Resende",6.47842268057541,0.280684458723826,1.26797773670946,0.0409258453090178,0.3268,0.540828571428571,"HH","ns","ns",4,FALSE
"sarscov2",2025,"330430","Rio Bonito",14.7323719405997,8.5346337187481,-0.689113919852438,-0.676306518289089,0.677,0.798512820512821,"HL","ns","ns",6,FALSE
"sarscov2",2025,"330440","Rio Claro",6.12696989909954,-0.0707683227520466,2.88509246717547,-0.0234782813665692,0.0524,0.321386666666667,"LH","ns","ns",6,FALSE
"sarscov2",2025,"330450","Rio das Flores",5.35060027646885,-0.847137945382734,1.48721652842011,-0.144875851685565,0.2962,0.540828571428571,"LH","ns","ns",3,FALSE
"sarscov2",2025,"330452","Rio das Ostras",6.02611565667231,-0.171622565179273,7.63409500041216,-0.150660572165531,0.0178,0.247085714285714,"LH","indicativo","LH",2,FALSE
"sarscov2",2025,"330455","Rio de Janeiro",5.88676750663196,-0.310970715219626,-1.62290899746654,0.0580338421206044,0.0518,0.321386666666667,"LL","ns","ns",7,FALSE
"sarscov2",2025,"330460","Santa Maria Madalena",5.23652490468662,-0.961213317164966,-1.43491102910513,0.158603371923725,0.1754,0.510263414634146,"LL","ns","ns",5,FALSE
"sarscov2",2025,"330470","Santo Antônio de Pádua",3.40532923126708,-2.7924089905845,-0.496986019973524,0.159584557371977,0.7744,0.879565432098765,"LL","ns","ns",6,FALSE
"sarscov2",2025,"330475","São Francisco de Itabapoana",3.27728599046654,-2.92045223138505,-2.33363648779474,0.783702039683424,0.066,0.357176470588235,"LL","ns","ns",2,FALSE
"sarscov2",2025,"330480","São Fidélis",5.66588982722532,-0.531848394626262,-0.689371799373711,0.042160818104902,0.582,0.734739726027397,"LL","ns","ns",7,FALSE
"sarscov2",2025,"330490","São Gonçalo",8.52698049338017,2.32924227152859,1.17633340698936,0.315074138460132,0.3386,0.546512280701754,"HH","ns","ns",3,FALSE
"sarscov2",2025,"330500","São João da Barra",4.70768751336105,-1.49005070849053,-3.048837249242,0.522399741665668,0.0068,0.247085714285714,"LL","indicativo","LL",2,FALSE
"sarscov2",2025,"330510","São João de Meriti",4.29460305740638,-1.90313516444521,-1.69115455809436,0.370101289035753,0.0836,0.366247619047619,"LL","ns","ns",5,FALSE
"sarscov2",2025,"330513","São José de Ubá",5.52940297729502,-0.668335244556566,-1.52920631021229,0.117524417961482,0.1734,0.510263414634146,"LL","ns","ns",4,FALSE
"sarscov2",2025,"330515","São José do Vale do Rio Preto",5.72341920634249,-0.474319015509094,0.0417276527900295,-0.00227594705724297,0.8026,0.887312941176471,"LH","ns","ns",6,FALSE
"sarscov2",2025,"330520","São Pedro da Aldeia",4.46859532466967,-1.72914289718191,-1.44710329752378,0.287738570452999,0.2242,0.510263414634146,"LL","ns","ns",4,FALSE
"sarscov2",2025,"330530","São Sebastião do Alto",5.46614077408459,-0.731597447766992,-0.635900902893385,0.0534969825550709,0.6764,0.798512820512821,"LL","ns","ns",6,FALSE
"sarscov2",2025,"330540","Sapucaia",7.53999158954085,1.34225336768926,-1.03078087946177,-0.159099391875293,0.497,0.703446153846154,"HL","ns","ns",4,FALSE
"sarscov2",2025,"330550","Saquarema",4.93774879029489,-1.25998943155669,2.51009372383676,-0.363684258405147,0.1624,0.510263414634146,"LH","ns","ns",4,FALSE
"sarscov2",2025,"330555","Seropédica",3.84753543164569,-2.35020279020589,-1.37008585840621,0.37027192558973,0.1452,0.510263414634146,"LL","ns","ns",6,FALSE
"sarscov2",2025,"330560","Silva Jardim",5.7849377066097,-0.41280051524188,2.87295339185724,-0.136375537263497,0.0744,0.360252631578947,"LH","ns","ns",5,FALSE
"sarscov2",2025,"330570","Sumidouro",6.33439270652991,0.136654484678325,1.1939617270255,0.0187621220896078,0.3182,0.540828571428571,"HH","ns","ns",6,FALSE
"sarscov2",2025,"330575","Tanguá",9.80673816835574,3.60899994650416,1.40461040984686,0.58292196706137,0.3062,0.540828571428571,"HH","ns","ns",5,FALSE
"sarscov2",2025,"330580","Teresópolis",5.80702272016059,-0.390715501690989,1.60823853900825,-0.0722568077351236,0.2206,0.510263414634146,"LH","ns","ns",6,FALSE
"sarscov2",2025,"330590","Trajano de Moraes",5.23024029918195,-0.967497922669629,1.8149521726423,-0.201921651513032,0.1242,0.4761,"LH","ns","ns",8,FALSE
"sarscov2",2025,"330600","Três Rios",3.91896027781963,-2.27877794403195,-0.0486237502659143,0.0127414285420409,0.8536,0.913153488372093,"LL","ns","ns",6,FALSE
"sarscov2",2025,"330610","Valença",9.16663535732445,2.96889713547287,1.91418013023246,0.653500039087089,0.192,0.510263414634146,"HH","ns","ns",5,FALSE
"sarscov2",2025,"330615","Varre-Sai",5.2379707993456,-0.959767422505982,-0.667899789474491,0.073713150697912,0.793,0.887312941176471,"LL","ns","ns",3,FALSE
"sarscov2",2025,"330620","Vassouras",9.46349352692896,3.26575530507738,-0.199335299816347,-0.0748575343218807,0.9552,0.976426666666667,"HL","ns","ns",8,FALSE
"sarscov2",2025,"330630","Volta Redonda",20.0089751478509,13.8112369259993,1.51431444276144,2.40500677045084,0.1874,0.510263414634146,"HH","ns","ns",5,FALSE
"vsr",2022,"330010","Angra dos Reis",3.096878676817,-2.05937352928371,-0.318104511185786,0.0426095556220029,0.8084,0.965880519480519,"LL","ns","ns",3,FALSE
"vsr",2022,"330015","Aperibé",5.23997219235523,0.0837199862545166,-1.22669005655186,-0.0066798397530572,0.5596,0.924271428571429,"HL","ns","ns",3,FALSE
"vsr",2022,"330020","Araruama",3.83706706915215,-1.31918513694857,-0.613563338815981,0.052646220977142,0.7966,0.965880519480519,"LL","ns","ns",8,FALSE
"vsr",2022,"330022","Areal",5.13635725605755,-0.0198949500431658,2.04193996999316,-0.00264233497938456,0.2608,0.733955555555555,"LH","ns","ns",4,FALSE
"vsr",2022,"330023","Armação dos Búzios",4.48172432697615,-0.674527879124558,1.25623821921905,-0.0551155260795364,0.2546,0.733955555555555,"LH","ns","ns",1,TRUE
"vsr",2022,"330025","Arraial do Cabo",5.16329399580857,0.00704178970785474,-0.909813272261939,-0.000416713307972608,0.7336,0.965880519480519,"HL","ns","ns",4,FALSE
"vsr",2022,"330030","Barra do Piraí",2.52658532317536,-2.62966688292536,2.44031108317357,-0.417395709123343,0.1662,0.733955555555555,"LH","ns","ns",7,FALSE
"vsr",2022,"330040","Barra Mansa",1.54497390105189,-3.61127830504883,2.11559893654241,-0.496931296904413,0.1944,0.733955555555555,"LH","ns","ns",8,FALSE
"vsr",2022,"330045","Belford Roxo",2.74972461668303,-2.40652758941768,-0.520559067727399,0.0814822310173987,0.985,0.9984,"LL","ns","ns",4,FALSE
"vsr",2022,"330050","Bom Jardim",3.65501271010603,-1.50123949599468,-1.10893471522419,0.108282434584431,0.5626,0.924271428571429,"LL","ns","ns",4,FALSE
"vsr",2022,"330060","Bom Jesus do Itabapoana",3.24800380238389,-1.90824840371683,-0.501591476704192,0.0622568447901738,0.9984,0.9984,"LL","ns","ns",5,FALSE
"vsr",2022,"330070","Cabo Frio",6.41249042531976,1.25623821921905,-1.02312195031219,-0.0835990717065157,0.6026,0.929652459016393,"HL","ns","ns",5,FALSE
"vsr",2022,"330080","Cachoeiras de Macacu",2.41875550956538,-2.73749669653533,-0.751267192035047,0.133767335981047,0.6824,0.965880519480519,"LL","ns","ns",7,FALSE
"vsr",2022,"330090","Cambuci",4.80287916305972,-0.353373043040996,-1.21676899801154,0.027966853212196,0.3314,0.7751,"LL","ns","ns",7,FALSE
"vsr",2022,"330093","Carapebus",4.89045718206627,-0.265795024034441,-1.55301722494155,0.0268488179163974,0.352,0.789853658536585,"LL","ns","ns",3,FALSE
"vsr",2022,"330095","Comendador Levy Gasparian",5.56412324357615,0.407871037475441,-2.25576409841916,-0.0598437222625032,0.1734,0.733955555555555,"HL","ns","ns",2,FALSE
"vsr",2022,"330100","Campos dos Goytacazes",4.11483694802491,-1.0414152580758,-0.977430130806341,0.0662081891618401,0.414,0.793883333333333,"LL","ns","ns",10,FALSE
"vsr",2022,"330110","Cantagalo",4.32234809591151,-0.833904110189202,-0.4715711179169,0.0255779281675531,0.9488,0.9984,"LL","ns","ns",7,FALSE
"vsr",2022,"330115","Cardoso Moreira",4.99576754278262,-0.160484663318093,-1.14145901250042,0.011915051056795,0.6164,0.929652459016393,"LL","ns","ns",3,FALSE
"vsr",2022,"330120","Carmo",4.53047171485928,-0.62578049124143,-0.459867184735089,0.018717872764988,0.9082,0.994695238095238,"LL","ns","ns",4,FALSE
"vsr",2022,"330130","Casimiro de Abreu",4.11420722686699,-1.04204497923373,-1.00595314999542,0.0681814559699028,0.5314,0.924271428571429,"LL","ns","ns",6,FALSE
"vsr",2022,"330140","Conceição de Macabu",4.17246891090053,-0.983783295200188,-0.767791650038384,0.0491297867832311,0.7548,0.965880519480519,"LL","ns","ns",6,FALSE
"vsr",2022,"330150","Cordeiro",4.19974225779808,-0.956509948302636,-0.220970612167049,0.013747573836183,0.821,0.968358974358974,"LL","ns","ns",5,FALSE
"vsr",2022,"330160","Duas Barras",5.24717108377383,0.0909188776731202,-1.34817791786329,-0.00797266151531294,0.2872,0.733955555555555,"HL","ns","ns",6,FALSE
"vsr",2022,"330170","Duque de Caxias",10.2885592918438,5.13230708574307,1.70011505388051,0.56753545464102,0.2588,0.733955555555555,"HH","ns","ns",7,FALSE
"vsr",2022,"330180","Engenheiro Paulo de Frontin",5.08394007711841,-0.0723121289823077,-0.807396970772644,0.00379752213922303,0.7984,0.965880519480519,"LL","ns","ns",4,FALSE
"vsr",2022,"330185","Guapimirim",6.32632870547806,1.17007649937735,1.92082213574242,0.146185217901416,0.258,0.733955555555555,"HH","ns","ns",5,FALSE
"vsr",2022,"330187","Iguaba Grande",3.66683958074445,-1.48941262535626,-1.13301229773423,0.109761922553559,0.615,0.929652459016393,"LL","ns","ns",3,FALSE
"vsr",2022,"330190","Itaboraí",5.56723803414019,0.410985828039473,1.22167445229252,0.0326576093082142,0.371,0.793883333333333,"HH","ns","ns",6,FALSE
"vsr",2022,"330200","Itaguaí",2.1096035263952,-3.04664867970551,-0.0259362379224687,0.00513962471929747,0.7546,0.965880519480519,"LL","ns","ns",7,FALSE
"vsr",2022,"330205","Italva",4.86438941144231,-0.2918627946584,-1.51943529642456,0.0288444988736606,0.1802,0.733955555555555,"LL","ns","ns",6,FALSE
"vsr",2022,"330210","Itaocara",4.02468758153465,-1.13156462456606,-0.804845279633649,0.0592371033824398,0.7134,0.965880519480519,"LL","ns","ns",6,FALSE
"vsr",2022,"330220","Itaperuna",1.59426078047211,-3.5619914256286,-0.515215852008803,0.119366961019066,0.8504,0.990339240506329,"LL","ns","ns",8,FALSE
"vsr",2022,"330225","Itatiaia",5.17009309762101,0.0138408915202941,-3.217233170821,-0.00289633407253906,0.1404,0.733955555555555,"HL","ns","ns",1,TRUE
"vsr",2022,"330227","Japeri",3.26000076497138,-1.89625144112933,-1.77232318746354,0.218595337266941,0.1166,0.733955555555555,"LL","ns","ns",5,FALSE
"vsr",2022,"330230","Laje do Muriaé",5.78333774353019,0.627085537429473,-2.49119682565427,-0.101610099645686,0.1112,0.733955555555555,"HL","ns","ns",2,FALSE
"vsr",2022,"330240","Macaé",2.57080882276819,-2.58544338333252,-0.748553527925217,0.125880930405571,0.7518,0.965880519480519,"LL","ns","ns",6,FALSE
"vsr",2022,"330245","Macuco",6.11260609317857,0.956353887077853,-0.261669825476196,-0.0162769984778781,0.7882,0.965880519480519,"HL","ns","ns",4,FALSE
"vsr",2022,"330250","Magé",7.43311893036692,2.27686672426621,6.6820819272981,0.989581247627814,0.0698,0.733955555555555,"HH","ns","ns",3,FALSE
"vsr",2022,"330260","Mangaratiba",5.84139130509178,0.685139098991066,-1.91730510043096,-0.0854421229405349,0.1716,0.733955555555555,"HL","ns","ns",3,FALSE
"vsr",2022,"330270","Maricá",12.4388701976682,7.2826179915675,2.42296274426775,1.1477209704642,0.1884,0.733955555555555,"HH","ns","ns",5,FALSE
"vsr",2022,"330280","Mendes",4.50041873176724,-0.655833474333478,-1.06715576662033,0.045522221324665,0.5408,0.924271428571429,"LL","ns","ns",5,FALSE
"vsr",2022,"330285","Mesquita",3.61337534181278,-1.54287686428793,-0.882767639646177,0.0885889842174095,0.6896,0.965880519480519,"LL","ns","ns",5,FALSE
"vsr",2022,"330290","Miguel Pereira",3.75619350651854,-1.40005869958217,1.46130773972029,-0.133073009813959,0.286,0.733955555555555,"LH","ns","ns",8,FALSE
"vsr",2022,"330300","Miracema",3.73584998042077,-1.42040222567994,-1.11487275772857,0.103000349498079,0.577,0.929652459016393,"LL","ns","ns",4,FALSE
"vsr",2022,"330310","Natividade",4.75219421843943,-0.404057987661287,-0.828397311212519,0.0217713032921251,0.7722,0.965880519480519,"LL","ns","ns",4,FALSE
"vsr",2022,"330320","Nilópolis",3.46227885216414,-1.69397335393657,0.196768661725964,-0.021680263548793,0.555,0.924271428571429,"LH","ns","ns",3,FALSE
"vsr",2022,"330330","Niterói",19.8132580275619,14.6570058214611,3.44475684432418,3.28402067626563,0.1094,0.733955555555555,"HH","ns","ns",2,FALSE
"vsr",2022,"330340","Nova Friburgo",1.40308663523581,-3.7531655708649,-1.45616401227493,0.355475822808906,0.1008,0.733955555555555,"LL","ns","ns",9,FALSE
"vsr",2022,"330350","Nova Iguaçu",2.70973210175825,-2.44652010434246,-0.609879239880673,0.0970498101202904,0.7612,0.965880519480519,"LL","ns","ns",9,FALSE
"vsr",2022,"330360","Paracambi",5.82840128074224,0.672149074641523,-1.55369461480924,-0.0679255738716242,0.138,0.733955555555555,"HL","ns","ns",7,FALSE
"vsr",2022,"330370","Paraíba do Sul",2.9300735007391,-2.22617870536161,2.02066080229575,-0.292587313829863,0.2098,0.733955555555555,"LH","ns","ns",7,FALSE
"vsr",2022,"330380","Paraty",4.16269266585594,-0.993559540244768,-2.05937352928371,0.133085602389039,0.4492,0.843395918367347,"LL","ns","ns",1,TRUE
"vsr",2022,"330385","Paty do Alferes",3.55932422497508,-1.59692798112563,2.06794500200341,-0.214796087101261,0.253,0.733955555555555,"LH","ns","ns",4,FALSE
"vsr",2022,"330390","Petrópolis",18.9001144028746,13.7438621967739,-0.41038410119977,-0.366860851794349,0.9704,0.9984,"HL","ns","ns",10,FALSE
"vsr",2022,"330395","Pinheiral",5.81950053729678,0.663248331196065,-1.69498817737063,-0.0731214660125634,0.2786,0.733955555555555,"HL","ns","ns",3,FALSE
"vsr",2022,"330400","Piraí",3.69614809408164,-1.46010411201907,-1.28113957070584,0.121669667241161,0.2446,0.733955555555555,"LL","ns","ns",8,FALSE
"vsr",2022,"330410","Porciúncula",4.52153270809293,-0.634719498007779,1.19365604742092,-0.0492791369308793,0.337,0.7751,"LH","ns","ns",2,FALSE
"vsr",2022,"330411","Porto Real",6.28853713114609,1.13228492504538,-2.35836585891452,-0.173687656374887,0.0616,0.733955555555555,"HL","ns","ns",3,FALSE
"vsr",2022,"330412","Quatis",4.90966610522698,-0.246586100873736,4.82273922814494,-0.0773507312660916,0.0966,0.733955555555555,"LH","ns","ns",4,FALSE
"vsr",2022,"330414","Queimados",1.8137197659789,-3.34253244012181,-2.22914177112819,0.484635665412855,0.0762,0.733955555555555,"LL","ns","ns",3,FALSE
"vsr",2022,"330415","Quissamã",4.06642720980877,-1.08982499629194,-0.763664525770144,0.0541329172877936,0.8898,0.994695238095238,"LL","ns","ns",3,FALSE
"vsr",2022,"330420","Resende",1.93901903527971,-3.217233170821,-0.677934647339223,0.141864071050939,0.9052,0.994695238095238,"LL","ns","ns",4,FALSE
"vsr",2022,"330430","Rio Bonito",7.16585432001797,2.00960211391726,-1.20173042998617,-0.157079383488507,0.3804,0.793883333333333,"HL","ns","ns",6,FALSE
"vsr",2022,"330440","Rio Claro",4.51035911379706,-0.645893092303655,-1.74790984403892,0.0734313848831678,0.0964,0.733955555555555,"LL","ns","ns",6,FALSE
"vsr",2022,"330450","Rio das Flores",10.8971617943836,5.74090958828292,6.97171999140871,2.6032908630545,0.0628,0.733955555555555,"HH","ns","ns",3,FALSE
"vsr",2022,"330452","Rio das Ostras",6.52670212728499,1.37044992118428,-1.81374418128312,-0.161674398234981,0.3294,0.7751,"HL","ns","ns",2,FALSE
"vsr",2022,"330455","Rio de Janeiro",10.5145814435888,5.35832923748809,-1.30964458178064,-0.456441260642547,0.2828,0.733955555555555,"HL","ns","ns",7,FALSE
"vsr",2022,"330460","Santa Maria Madalena",5.34896318700744,0.192710980906731,-0.674512556291202,-0.00845470680038883,0.8804,0.994695238095238,"HL","ns","ns",5,FALSE
"vsr",2022,"330470","Santo Antônio de Pádua",2.96111970405218,-2.19513250204853,-0.497496109648054,0.0710317443399482,0.9702,0.9984,"LL","ns","ns",6,FALSE
"vsr",2022,"330475","São Francisco de Itabapoana",4.17312990896449,-0.983122297136226,0.030994656835698,-0.00198196704513103,0.6124,0.929652459016393,"LH","ns","ns",2,FALSE
"vsr",2022,"330480","São Fidélis",3.06515322133364,-2.09109898476707,-0.317896060966177,0.0432376208153271,0.932,0.9984,"LL","ns","ns",7,FALSE
"vsr",2022,"330490","São Gonçalo",4.76314790318157,-0.393104302919143,7.45020321368937,-0.19049253760887,0.0522,0.733955555555555,"LH","ns","ns",3,FALSE
"vsr",2022,"330500","São João da Barra",6.25965677784791,1.1034045717472,-1.01226877760602,-0.0726495069910971,0.7994,0.965880519480519,"HL","ns","ns",2,FALSE
"vsr",2022,"330510","São João de Meriti",1.93110581807844,-3.22514638802227,0.969451703117796,-0.20336567874581,0.4028,0.793883333333333,"LH","ns","ns",5,FALSE
"vsr",2022,"330513","São José de Ubá",5.82679956543407,0.670547359333361,-1.88272479909952,-0.0821142159438812,0.13,0.733955555555555,"HL","ns","ns",4,FALSE
"vsr",2022,"330515","São José do Vale do Rio Preto",4.0916780861378,-1.06457411996291,1.04200447916627,-0.0721518615781555,0.4142,0.793883333333333,"LH","ns","ns",6,FALSE
"vsr",2022,"330520","São Pedro da Aldeia",3.06935866013874,-2.08689354596198,-0.386329438344481,0.0524396940684899,0.8924,0.994695238095238,"LL","ns","ns",4,FALSE
"vsr",2022,"330530","São Sebastião do Alto",5.7169691820901,0.560716975989385,-0.454080845156681,-0.0165607094456863,0.9896,0.9984,"HL","ns","ns",6,FALSE
"vsr",2022,"330540","Sapucaia",4.47823659026333,-0.678015615837381,-1.09854299831699,0.048446098479107,0.5508,0.924271428571429,"LL","ns","ns",4,FALSE
"vsr",2022,"330550","Saquarema",2.59782747251053,-2.55842473359018,1.99284651922092,-0.33162598132908,0.2762,0.733955555555555,"LH","ns","ns",4,FALSE
"vsr",2022,"330555","Seropédica",2.81159843818794,-2.34465376791278,-0.783579058861584,0.119498813102568,0.7282,0.965880519480519,"LL","ns","ns",6,FALSE
"vsr",2022,"330560","Silva Jardim",4.15163925687085,-1.00461294922986,-1.36845805393305,0.0894195155145313,0.3132,0.7751,"LL","ns","ns",5,FALSE
"vsr",2022,"330570","Sumidouro",4.73778431551382,-0.418467890586893,-1.68678738234427,0.0459118226624946,0.1162,0.733955555555555,"LL","ns","ns",6,FALSE
"vsr",2022,"330575","Tanguá",5.15460331444818,-0.00164889165253435,0.881456900679745,-9.45355711142763e-05,0.4118,0.793883333333333,"LH","ns","ns",5,FALSE
"vsr",2022,"330580","Teresópolis",1.0661448322686,-4.09010737383212,1.15670573636687,-0.30772278151297,0.3846,0.793883333333333,"LH","ns","ns",6,FALSE
"vsr",2022,"330590","Trajano de Moraes",5.33926998669838,0.183017780597668,-1.00879498121512,-0.0120087622897436,0.4628,0.851552,"HL","ns","ns",8,FALSE
"vsr",2022,"330600","Três Rios",2.870902714624,-2.28534949147671,1.69384497384071,-0.251784119767395,0.2632,0.733955555555555,"LH","ns","ns",6,FALSE
"vsr",2022,"330610","Valença",30.1434356695049,24.9871834634042,-0.518493296876291,-0.842679642698114,0.9516,0.9984,"HL","ns","ns",5,FALSE
"vsr",2022,"330615","Varre-Sai",7.94762228860384,2.79137008250313,-0.982341963128631,-0.178353717771337,0.7714,0.965880519480519,"HL","ns","ns",3,FALSE
"vsr",2022,"330620","Vassouras",3.31040742228426,-1.84584478381645,2.76838939742207,-0.332371981808407,0.1036,0.733955555555555,"LH","ns","ns",8,FALSE
"vsr",2022,"330630","Volta Redonda",4.16105866893324,-0.995193537167469,-1.53673881222017,0.0994740173809644,0.2206,0.733955555555555,"LL","ns","ns",5,FALSE
"vsr",2023,"330010","Angra dos Reis",6.8221360962163,2.850818958582,-0.571038918934576,-0.0694594702646462,0.9178,0.986725274725275,"HL","ns","ns",3,FALSE
"vsr",2023,"330015","Aperibé",3.20976517411637,-0.761551963517936,-1.22400581663023,0.0397721568934125,0.6194,0.934177049180328,"LL","ns","ns",3,FALSE
"vsr",2023,"330020","Araruama",3.25934084235599,-0.711976295278314,-0.736885751384108,0.0223852430142071,0.7758,0.986725274725275,"LL","ns","ns",8,FALSE
"vsr",2023,"330022","Areal",6.75929088588485,2.78797374825054,9.41846619842616,1.12037906124507,0.0416,0.504466666666667,"HH","indicativo","HH",4,FALSE
"vsr",2023,"330023","Armação dos Búzios",1.51100653645218,-2.46031060118212,-1.58363258238824,0.166241897224648,0.6584,0.958751515151515,"LL","ns","ns",1,TRUE
"vsr",2023,"330025","Arraial do Cabo",1.80888726190534,-2.16242987572896,-1.69679771382717,0.156555461709926,0.2186,0.6256,"LL","ns","ns",4,FALSE
"vsr",2023,"330030","Barra do Piraí",6.17653254302517,2.20521540539087,-0.847777946507668,-0.0797681009397771,0.7238,0.968461971830986,"HL","ns","ns",7,FALSE
"vsr",2023,"330040","Barra Mansa",0.97153480148675,-2.99978233614755,-0.431902141695674,0.0552804056470792,0.9598,0.986725274725275,"LL","ns","ns",8,FALSE
"vsr",2023,"330045","Belford Roxo",2.68877717538323,-1.28253996225107,-1.63303740384894,0.0893641148986038,0.2572,0.639524324324324,"LL","ns","ns",4,FALSE
"vsr",2023,"330050","Bom Jardim",6.44430944476953,2.47299230713523,-0.71058943240172,-0.0749786523151674,0.9548,0.986725274725275,"HL","ns","ns",4,FALSE
"vsr",2023,"330060","Bom Jesus do Itabapoana",1.65876902811935,-2.31254810951495,-0.79790693944282,0.0787297982816579,0.8146,0.986725274725275,"LL","ns","ns",5,FALSE
"vsr",2023,"330070","Cabo Frio",2.38768455524606,-1.58363258238824,-1.76104734578878,0.11899304572589,0.1284,0.504466666666667,"LL","ns","ns",5,FALSE
"vsr",2023,"330080","Cachoeiras de Macacu",13.3635701434212,9.39225300578692,0.413599306649948,0.165747010930264,0.3748,0.783672727272727,"HH","ns","ns",7,FALSE
"vsr",2023,"330090","Cambuci",2.82624624176225,-1.14507089587205,-1.4650383175912,0.0715776573202997,0.1884,0.591866666666667,"LL","ns","ns",7,FALSE
"vsr",2023,"330093","Carapebus",2.89887419741286,-1.07244294022144,0.0493813449551196,-0.00225960865215476,0.6006,0.934177049180328,"LH","ns","ns",3,FALSE
"vsr",2023,"330095","Comendador Levy Gasparian",3.51769770366314,-0.45361943397116,-2.7951669990632,0.0540997841880621,0.02,0.504466666666667,"LL","indicativo","LL",2,FALSE
"vsr",2023,"330100","Campos dos Goytacazes",6.17481859502819,2.20350145739389,-0.795909322500695,-0.0748295362674346,0.6848,0.958751515151515,"HL","ns","ns",10,FALSE
"vsr",2023,"330110","Cantagalo",2.43605637258149,-1.53526076505281,-0.923844229996772,0.0605169486407916,0.6092,0.934177049180328,"LL","ns","ns",7,FALSE
"vsr",2023,"330115","Cardoso Moreira",2.99063051061098,-0.980686627023324,-0.439559829587787,0.0183926526687203,0.85,0.986725274725275,"LL","ns","ns",3,FALSE
"vsr",2023,"330120","Carmo",2.60068865507978,-1.37062848255452,-1.22563286678105,0.0716764143131683,0.5434,0.925792592592593,"LL","ns","ns",4,FALSE
"vsr",2023,"330130","Casimiro de Abreu",2.95856754477759,-1.01274959285671,-1.41371060765821,0.0610883948853183,0.2754,0.666757894736842,"LL","ns","ns",6,FALSE
"vsr",2023,"330140","Conceição de Macabu",5.03510706964081,1.0637899320065,0.460015621745273,0.0208797154626074,0.4482,0.841518367346939,"HH","ns","ns",6,FALSE
"vsr",2023,"330150","Cordeiro",2.3414019411443,-1.62991519649,-0.0740731408496762,0.00515135985341768,0.673,0.958751515151515,"LL","ns","ns",5,FALSE
"vsr",2023,"330160","Duas Barras",3.21701073932404,-0.754306398310263,-0.508773522258662,0.0163745137873034,0.9726,0.986725274725275,"LL","ns","ns",6,FALSE
"vsr",2023,"330170","Duque de Caxias",3.15442620858704,-0.816890929047259,4.72567563086302,-0.164711568225307,0.1124,0.504466666666667,"LH","ns","ns",7,FALSE
"vsr",2023,"330180","Engenheiro Paulo de Frontin",6.65908254684815,2.68776540921384,-1.53598530826971,-0.176146712502286,0.3322,0.77372,"HL","ns","ns",4,FALSE
"vsr",2023,"330185","Guapimirim",1.25084576289862,-2.72047137473568,9.40884617102708,-1.09213581348839,0.0082,0.4692,"LH","indicativo","LH",5,FALSE
"vsr",2023,"330187","Iguaba Grande",1.93750552388994,-2.03381161374436,-1.77739217830168,0.154237546345642,0.2544,0.639524324324324,"LL","ns","ns",3,FALSE
"vsr",2023,"330190","Itaboraí",6.00897442620422,2.03765728856992,2.81915328556009,0.245101490773846,0.1428,0.518738461538462,"HH","ns","ns",6,FALSE
"vsr",2023,"330200","Itaguaí",4.31571198544551,0.344394847811204,-0.521383642052613,-0.00766143581019157,0.9922,0.9922,"HL","ns","ns",7,FALSE
"vsr",2023,"330205","Italva",2.87838182149137,-1.09293531614293,-1.31989429111419,0.0615502370859547,0.3364,0.77372,"LL","ns","ns",6,FALSE
"vsr",2023,"330210","Itaocara",2.21030804290718,-1.76100909472712,-1.15618083374078,0.0868727330296699,0.4422,0.841518367346939,"LL","ns","ns",6,FALSE
"vsr",2023,"330220","Itaperuna",0.71600119597993,-3.25531594165437,-0.742768720776275,0.103167491695283,0.7412,0.968461971830986,"LL","ns","ns",8,FALSE
"vsr",2023,"330225","Itatiaia",1.81229940080234,-2.15901773683196,-2.72505197592869,0.251030863764203,0.1208,0.504466666666667,"LL","ns","ns",1,TRUE
"vsr",2023,"330227","Japeri",3.3666777620819,-0.604639375552407,-1.93850609640739,0.0500103296555636,0.0658,0.504466666666667,"LL","ns","ns",5,FALSE
"vsr",2023,"330230","Laje do Muriaé",3.73790140927838,-0.233415728355917,-2.61980063817786,0.0260912256411254,0.0464,0.504466666666667,"LL","indicativo","LL",2,FALSE
"vsr",2023,"330240","Macaé",2.16629348559717,-1.80502365203713,-0.73424315167211,0.0565482177502548,0.8098,0.986725274725275,"LL","ns","ns",6,FALSE
"vsr",2023,"330245","Macuco",4.08622244772637,0.114905310092063,-1.03347260208786,-0.00506681662593401,0.6994,0.960370149253731,"HL","ns","ns",4,FALSE
"vsr",2023,"330250","Magé",2.33115017965989,-1.64016695797441,12.0513300235851,-0.843371961246119,0.0584,0.504466666666667,"LH","ns","ns",3,FALSE
"vsr",2023,"330260","Mangaratiba",3.21009438290269,-0.761222754731615,1.6103084658881,-0.0523018388392322,0.2312,0.6256,"LH","ns","ns",3,FALSE
"vsr",2023,"330270","Maricá",5.85074703500298,1.87942989736868,3.50582794094878,0.281133661734746,0.114,0.504466666666667,"HH","ns","ns",5,FALSE
"vsr",2023,"330280","Mendes",2.57670749665113,-1.39460964098317,0.47857056959373,-0.0284770351166024,0.4368,0.841518367346939,"LH","ns","ns",5,FALSE
"vsr",2023,"330285","Mesquita",2.58084222288137,-1.39047491475293,-1.05123360111987,0.0623675253710521,0.605,0.934177049180328,"LL","ns","ns",5,FALSE
"vsr",2023,"330290","Miguel Pereira",2.00070057473296,-1.97061656290134,4.28193741667083,-0.360029895407731,0.1,0.504466666666667,"LH","ns","ns",8,FALSE
"vsr",2023,"330300","Miracema",1.98703180293295,-1.98428533470136,-1.11098548677301,0.0940607913836854,0.6112,0.934177049180328,"LL","ns","ns",4,FALSE
"vsr",2023,"330310","Natividade",2.78319411640761,-1.18812302122669,-1.90058314182577,0.096348377102232,0.1186,0.504466666666667,"LL","ns","ns",4,FALSE
"vsr",2023,"330320","Nilópolis",1.71598856965647,-2.25532856797783,-0.430793058533905,0.0414547822252428,0.882,0.986725274725275,"LL","ns","ns",3,FALSE
"vsr",2023,"330330","Niterói",16.9025826955003,12.931265557866,1.38627652585865,0.764868930460369,0.2072,0.614916129032258,"HH","ns","ns",2,FALSE
"vsr",2023,"330340","Nova Friburgo",4.18187716094028,0.210560023305979,0.257882741169669,0.00231683079969045,0.52,0.902641509433962,"HH","ns","ns",9,FALSE
"vsr",2023,"330350","Nova Iguaçu",2.15492192311266,-1.81639521452165,-0.725076272441283,0.0561940278736009,0.7474,0.968461971830986,"LL","ns","ns",9,FALSE
"vsr",2023,"330360","Paracambi",1.4772022845232,-2.4941148531111,-0.536836268844574,0.0571287100673593,0.9624,0.986725274725275,"LL","ns","ns",7,FALSE
"vsr",2023,"330370","Paraíba do Sul",1.45838196018305,-2.51293517745125,5.15316104621139,-0.552523966876503,0.0694,0.504466666666667,"LH","ns","ns",7,FALSE
"vsr",2023,"330380","Paraty",1.3837115442911,-2.5876055933432,2.850818958582,-0.314748623618851,0.1466,0.518738461538462,"LH","ns","ns",1,TRUE
"vsr",2023,"330385","Paty do Alferes",1.86433923556432,-2.10697790206998,8.73080011452564,-0.784892440569897,0.0668,0.504466666666667,"LH","ns","ns",4,FALSE
"vsr",2023,"330390","Petrópolis",43.6626695121727,39.6913523745384,-1.09215024150973,-1.84958546060546,0.3858,0.788746666666667,"HL","ns","ns",10,FALSE
"vsr",2023,"330395","Pinheiral",4.6266056811461,0.655288543511802,0.303868739275849,0.00849600421732045,0.4728,0.843923076923077,"HH","ns","ns",3,FALSE
"vsr",2023,"330400","Piraí",4.24990420019258,0.278587062558273,-0.452511586547307,-0.00537881699031517,0.9662,0.986725274725275,"HL","ns","ns",8,FALSE
"vsr",2023,"330410","Porciúncula",2.59351049708456,-1.37780664054975,-0.922392448405343,0.0542250713861218,0.925,0.986725274725275,"LL","ns","ns",2,FALSE
"vsr",2023,"330411","Porto Real",2.36700354811968,-1.60431358951463,-2.26029028700292,0.15472112021356,0.0538,0.504466666666667,"LL","ns","ns",3,FALSE
"vsr",2023,"330412","Quatis",2.91528058870179,-1.05603654893251,-1.98657018246977,0.0895115302941162,0.0912,0.504466666666667,"LL","ns","ns",4,FALSE
"vsr",2023,"330414","Queimados",3.65864890818986,-0.312668229444441,-1.83992340404416,0.0245459371676742,0.2286,0.6256,"LL","ns","ns",3,FALSE
"vsr",2023,"330415","Quissamã",4.86069489253029,0.889377754895989,0.731616149726317,0.0277629535410953,0.365,0.780930232558139,"HH","ns","ns",3,FALSE
"vsr",2023,"330420","Resende",1.24626516170561,-2.72505197592869,-1.95478755285666,0.227284843240412,0.093,0.504466666666667,"LL","ns","ns",4,FALSE
"vsr",2023,"330430","Rio Bonito",9.38385229242076,5.41253515478646,1.78645945627346,0.412562751251031,0.193,0.591866666666667,"HH","ns","ns",6,FALSE
"vsr",2023,"330440","Rio Claro",5.60702872890539,1.63571159127109,-0.309900078674881,-0.0216284072192473,0.8172,0.986725274725275,"HL","ns","ns",6,FALSE
"vsr",2023,"330450","Rio das Flores",3.4867146711246,-0.484602466509702,-1.13822272727423,0.0235347177075874,0.6878,0.958751515151515,"LL","ns","ns",3,FALSE
"vsr",2023,"330452","Rio das Ostras",1.04539696347992,-2.92592017415439,-1.40888662244692,0.175887363486471,0.6054,0.934177049180328,"LL","ns","ns",2,FALSE
"vsr",2023,"330455","Rio de Janeiro",6.57780143385942,2.60648429622512,-1.64883127966011,-0.183369647688971,0.1132,0.504466666666667,"HL","ns","ns",7,FALSE
"vsr",2023,"330460","Santa Maria Madalena",7.18469440618724,3.21337726855293,-0.0261337374845119,-0.00358310356878752,0.5978,0.934177049180328,"HL","ns","ns",5,FALSE
"vsr",2023,"330470","Santo Antônio de Pádua",3.20537967834277,-0.765937459291532,-1.22940847861024,0.0401777520129583,0.4096,0.8192,"LL","ns","ns",6,FALSE
"vsr",2023,"330475","São Francisco de Itabapoana",1.38849746508106,-2.58281967255324,0.865707286917327,-0.0954028346551443,0.359,0.780930232558139,"LH","ns","ns",2,FALSE
"vsr",2023,"330480","São Fidélis",1.54207150761998,-2.42924563001432,0.0195940719264813,-0.00203091734266151,0.6588,0.958751515151515,"LH","ns","ns",7,FALSE
"vsr",2023,"330490","São Gonçalo",4.86444029198292,0.893123154348619,5.61611758126819,0.214014727519696,0.062,0.504466666666667,"HH","ns","ns",3,FALSE
"vsr",2023,"330500","São João da Barra",3.49923025407507,-0.472086883559233,-0.189659107579678,0.0038202497589429,0.7272,0.968461971830986,"LL","ns","ns",2,FALSE
"vsr",2023,"330510","São João de Meriti",1.46292858056039,-2.50838855707391,-0.627750015560795,0.0671858263576923,0.9448,0.986725274725275,"LL","ns","ns",5,FALSE
"vsr",2023,"330513","São José de Ubá",3.7820443198441,-0.189272817790199,-1.78765240787983,0.0144366838533021,0.1748,0.591866666666667,"LL","ns","ns",4,FALSE
"vsr",2023,"330515","São José do Vale do Rio Preto",7.54416355492695,3.57284641729265,5.72534969042787,0.872795474138033,0.0912,0.504466666666667,"HH","ns","ns",6,FALSE
"vsr",2023,"330520","São Pedro da Aldeia",1.51354677373653,-2.45777036389777,-1.62296259178497,0.170194661325884,0.241,0.633485714285714,"LL","ns","ns",4,FALSE
"vsr",2023,"330530","São Sebastião do Alto",3.67129884893827,-0.300018288696031,-0.510988178210308,0.00654115894693848,0.976,0.986725274725275,"LL","ns","ns",6,FALSE
"vsr",2023,"330540","Sapucaia",2.55874185376901,-1.41257528386529,-0.518892476458219,0.0312741199073618,0.9448,0.986725274725275,"LL","ns","ns",4,FALSE
"vsr",2023,"330550","Saquarema",3.58036096578817,-0.390956171846135,2.15950965817059,-0.036022955729248,0.183,0.591866666666667,"LH","ns","ns",4,FALSE
"vsr",2023,"330555","Seropédica",0.872581515575885,-3.09873562205842,-0.379489754765545,0.0501742281584241,0.8952,0.986725274725275,"LL","ns","ns",6,FALSE
"vsr",2023,"330560","Silva Jardim",2.30504617223716,-1.66627096539714,2.65812445914887,-0.188980528261273,0.1316,0.504466666666667,"LH","ns","ns",5,FALSE
"vsr",2023,"330570","Sumidouro",2.77092811773845,-1.20038901989585,-0.365161429986145,0.0187026451284094,0.8712,0.986725274725275,"LL","ns","ns",6,FALSE
"vsr",2023,"330575","Tanguá",6.02936701343983,2.05804987580553,3.66618383493317,0.321933561203955,0.1156,0.504466666666667,"HH","ns","ns",5,FALSE
"vsr",2023,"330580","Teresópolis",1.53445228184888,-2.43686485578543,8.15769190438207,-0.848193351264694,0.0102,0.4692,"LH","indicativo","LH",6,FALSE
"vsr",2023,"330590","Trajano de Moraes",3.3026209795217,-0.668696158112599,0.417583462983693,-0.0119142919981269,0.4614,0.843923076923077,"LH","ns","ns",8,FALSE
"vsr",2023,"330600","Três Rios",0.893918316959148,-3.07739882067515,6.94550710746565,-0.911976952983344,0.0274,0.504466666666667,"LH","indicativo","LH",6,FALSE
"vsr",2023,"330610","Valença",3.3541843093461,-0.617132828288205,-0.523961224456426,0.0137966585997349,0.9508,0.986725274725275,"LL","ns","ns",5,FALSE
"vsr",2023,"330615","Varre-Sai",3.3146552620503,-0.656661875583998,-1.62615925709713,0.0455618131484002,0.3504,0.780930232558139,"LL","ns","ns",3,FALSE
"vsr",2023,"330620","Vassouras",3.68671696155107,-0.28460017608323,-0.524236720449868,0.00636588402996868,0.9718,0.986725274725275,"LL","ns","ns",8,FALSE
"vsr",2023,"330630","Volta Redonda",2.39912088751271,-1.57219625012159,0.355004053316896,-0.0238142104872017,0.477,0.843923076923077,"LH","ns","ns",5,FALSE
"vsr",2024,"330010","Angra dos Reis",14.5400190804613,4.63606576461684,-3.02551815292506,-0.553349616112552,0.1976,0.767433333333333,"HL","ns","ns",3,FALSE
"vsr",2024,"330015","Aperibé",8.93589350212705,-0.968059813717451,-2.59716845177172,0.099186501643073,0.3114,0.839244444444444,"LL","ns","ns",3,FALSE
"vsr",2024,"330020","Araruama",8.18995564845452,-1.71399766738998,4.99242659449461,-0.337576477016151,0.0206,0.210577777777778,"LH","indicativo","LH",8,FALSE
"vsr",2024,"330022","Areal",8.78239336991379,-1.1215599459307,0.723954906377626,-0.0320320157067082,0.6836,0.942605714285714,"LH","ns","ns",4,FALSE
"vsr",2024,"330023","Armação dos Búzios",5.36861131396279,-4.53534200188171,0.764804194935147,-0.136839212233029,0.4658,0.889442857142857,"LH","ns","ns",1,TRUE
"vsr",2024,"330025","Arraial do Cabo",9.06819006174849,-0.835763254096006,-1.10853839683964,0.0365497385901542,0.8148,0.963876923076923,"LL","ns","ns",4,FALSE
"vsr",2024,"330030","Barra do Piraí",24.798105081818,14.8941517659735,-0.775058262083333,-0.455407718494298,0.8482,0.963876923076923,"HL","ns","ns",7,FALSE
"vsr",2024,"330040","Barra Mansa",4.68848053255004,-5.21547278329446,1.45874684625654,-0.30013999813894,0.4032,0.883618181818182,"LH","ns","ns",8,FALSE
"vsr",2024,"330045","Belford Roxo",8.16069575295238,-1.74325756289212,-2.7829136070156,0.191386607508607,0.1836,0.767433333333333,"LL","ns","ns",4,FALSE
"vsr",2024,"330050","Bom Jardim",6.41800541280261,-3.48594790304188,1.21899129656441,-0.167637725286504,0.566,0.904772413793103,"LH","ns","ns",4,FALSE
"vsr",2024,"330060","Bom Jesus do Itabapoana",5.75918340995835,-4.14476990588614,-1.80808591918078,0.295644464582753,0.4584,0.889442857142857,"LL","ns","ns",5,FALSE
"vsr",2024,"330070","Cabo Frio",10.6687575107796,0.764804194935147,-0.805243529523157,-0.0242956077380659,0.8664,0.963876923076923,"HL","ns","ns",5,FALSE
"vsr",2024,"330080","Cachoeiras de Macacu",19.1074181349341,9.20346481908957,5.1507474820738,1.87013034593154,0.0244,0.22448,"HH","indicativo","HH",7,FALSE
"vsr",2024,"330090","Cambuci",8.28793815839451,-1.61601515744999,-2.29772186537104,0.146484997830681,0.1786,0.767433333333333,"LL","ns","ns",7,FALSE
"vsr",2024,"330093","Carapebus",10.4289064605051,0.524953144660648,-1.93366318188286,-0.0400453073923208,0.606,0.932065573770492,"HL","ns","ns",3,FALSE
"vsr",2024,"330095","Comendador Levy Gasparian",9.41504697131958,-0.488906344524914,-5.08826990381741,0.0981400048746608,0.0024,0.04416,"LL","confirmado","LL",2,FALSE
"vsr",2024,"330100","Campos dos Goytacazes",9.05175756719402,-0.852195748650479,-2.53090626683457,0.085087484885171,0.056,0.368,"LL","ns","ns",10,FALSE
"vsr",2024,"330110","Cantagalo",7.54917050914665,-2.35478280669785,-1.14560849341237,0.106423452282237,0.6114,0.932065573770492,"LL","ns","ns",7,FALSE
"vsr",2024,"330115","Cardoso Moreira",8.57181003233254,-1.33214328351196,-1.83875644855067,0.0966329883666087,0.618,0.932065573770492,"LL","ns","ns",3,FALSE
"vsr",2024,"330120","Carmo",9.75701714902425,-0.146936166820243,-0.804080587496712,0.00466099401557908,0.9508,0.963876923076923,"LL","ns","ns",4,FALSE
"vsr",2024,"330130","Casimiro de Abreu",14.5197550632038,4.61580174735933,1.16813252381418,0.212710792270029,0.4988,0.889442857142857,"HH","ns","ns",6,FALSE
"vsr",2024,"330140","Conceição de Macabu",7.31449904490914,-2.58945427093535,-0.497294331526645,0.0508009713969587,0.9078,0.963876923076923,"LL","ns","ns",6,FALSE
"vsr",2024,"330150","Cordeiro",9.11974913316677,-0.784204182677728,-1.02654084131561,0.0317581831488745,0.7732,0.963876923076923,"LL","ns","ns",5,FALSE
"vsr",2024,"330160","Duas Barras",8.94854383679488,-0.955409479049614,0.115432136102309,-0.00435077415730706,0.8572,0.963876923076923,"LH","ns","ns",6,FALSE
"vsr",2024,"330170","Duque de Caxias",5.45376339758852,-4.45018991825597,1.06497245269681,-0.186967956629368,0.5414,0.889442857142857,"LH","ns","ns",7,FALSE
"vsr",2024,"330180","Engenheiro Paulo de Frontin",8.70687714978892,-1.19707616605558,-3.12107057899726,0.147392585045448,0.1076,0.6187,"LL","ns","ns",4,FALSE
"vsr",2024,"330185","Guapimirim",5.77433083351811,-4.12962248232639,3.64624728232359,-0.594027747912445,0.144,0.736,"LH","ns","ns",5,FALSE
"vsr",2024,"330187","Iguaba Grande",7.97590967254819,-1.9280436432963,-1.36889246436447,0.104120550379499,0.8028,0.963876923076923,"LL","ns","ns",3,FALSE
"vsr",2024,"330190","Itaboraí",13.1387535293086,3.23480021346414,9.28878679578759,1.1853776098931,0.0012,0.04416,"HH","confirmado","HH",6,FALSE
"vsr",2024,"330200","Itaguaí",8.27136423348698,-1.63258908235752,-1.63812187955044,0.105505077513592,0.4178,0.883618181818182,"LL","ns","ns",7,FALSE
"vsr",2024,"330205","Italva",8.38000079708394,-1.52395251876056,-2.54250976148205,0.152856646358666,0.143,0.736,"LL","ns","ns",6,FALSE
"vsr",2024,"330210","Itaocara",7.08181506641207,-2.82213824943243,-1.94897256273548,0.216987278159601,0.3284,0.839244444444444,"LL","ns","ns",6,FALSE
"vsr",2024,"330220","Itaperuna",5.7341399206917,-4.1698133951528,-1.48599586614369,0.24444687148808,0.4014,0.883618181818182,"LL","ns","ns",8,FALSE
"vsr",2024,"330225","Itatiaia",6.13866122438498,-3.76529209145951,-5.17700961027015,0.76900277196882,0.0534,0.368,"LL","ns","ns",1,TRUE
"vsr",2024,"330227","Japeri",5.21911123621215,-4.68484207963235,-2.19748966118653,0.406136534171876,0.3038,0.839244444444444,"LL","ns","ns",5,FALSE
"vsr",2024,"330230","Laje do Muriaé",9.73583356743138,-0.168119748413121,-2.97590536352924,0.0197373166904483,0.3148,0.839244444444444,"LL","ns","ns",2,FALSE
"vsr",2024,"330240","Macaé",7.73931579011201,-2.16463752573249,1.61227750786737,-0.137681389526931,0.405,0.883618181818182,"LH","ns","ns",6,FALSE
"vsr",2024,"330245","Macuco",10.2082384602446,0.304285144400071,-0.510335180859562,-0.0061261343969214,0.9798,0.9798,"HL","ns","ns",4,FALSE
"vsr",2024,"330250","Magé",5.7889292716485,-4.115024044196,1.82985530556843,-0.297056724994013,0.4954,0.889442857142857,"LH","ns","ns",3,FALSE
"vsr",2024,"330260","Mangaratiba",6.55574946051751,-3.34820385532698,0.312977664908345,-0.0413404785962077,0.7466,0.953988888888889,"LH","ns","ns",3,FALSE
"vsr",2024,"330270","Maricá",18.2695123747485,8.36555905890403,9.55716541341885,3.15409183609194,0.0022,0.04416,"HH","confirmado","HH",5,FALSE
"vsr",2024,"330280","Mendes",7.82485294404264,-2.07910037180186,0.634759954102855,-0.0520637250961327,0.6942,0.942605714285714,"LH","ns","ns",5,FALSE
"vsr",2024,"330285","Mesquita",6.15307870355739,-3.75087461228711,-0.122163196630453,0.0180768684144249,0.9334,0.963876923076923,"LL","ns","ns",5,FALSE
"vsr",2024,"330290","Miguel Pereira",8.15885659883343,-1.74509671701107,-1.22440237890402,0.0842934692150196,0.54,0.889442857142857,"LL","ns","ns",8,FALSE
"vsr",2024,"330300","Miracema",8.12195598393881,-1.78199733190569,-1.94947528646475,0.137048739482977,0.48,0.889442857142857,"LL","ns","ns",4,FALSE
"vsr",2024,"330310","Natividade",8.20965285162127,-1.69430046422323,-2.79046829003805,0.186516726002182,0.1774,0.767433333333333,"LL","ns","ns",4,FALSE
"vsr",2024,"330320","Nilópolis",10.0475877198952,0.143634404050673,-0.510212494550331,-0.00289107813112609,0.9092,0.963876923076923,"HL","ns","ns",3,FALSE
"vsr",2024,"330330","Niterói",21.7707887588422,11.8668354429977,9.5816407317469,4.48564670247498,0.0442,0.338866666666667,"HH","indicativo","HH",2,FALSE
"vsr",2024,"330340","Nova Friburgo",15.1603813260182,5.25642801017375,1.21983200231672,0.252953682210164,0.4226,0.883618181818182,"HH","ns","ns",9,FALSE
"vsr",2024,"330350","Nova Iguaçu",8.67252336289756,-1.23142995294694,-1.94227243656505,0.0943561304222905,0.2266,0.833888,"LL","ns","ns",9,FALSE
"vsr",2024,"330360","Paracambi",5.28603070972768,-4.61792260611682,-2.20897922071357,0.402428326528751,0.1944,0.767433333333333,"LL","ns","ns",7,FALSE
"vsr",2024,"330370","Paraíba do Sul",5.23226468015489,-4.67168863568961,0.140162790911029,-0.0258319319670537,0.8568,0.963876923076923,"LH","ns","ns",7,FALSE
"vsr",2024,"330380","Paraty",6.24014639993057,-3.66380691591392,4.63606576461684,-0.670088906414734,0.2534,0.839244444444444,"LH","ns","ns",1,TRUE
"vsr",2024,"330385","Paty do Alferes",6.26297931139162,-3.64097400445287,0.902607585881916,-0.129648297871468,0.6318,0.9340875,"LH","ns","ns",4,FALSE
"vsr",2024,"330390","Petrópolis",23.9733316331321,14.0693783172876,-3.45374086979776,-1.91696824845165,0.0024,0.04416,"HL","confirmado","HL",10,FALSE
"vsr",2024,"330395","Pinheiral",11.8834602251634,1.9795069093189,2.96428105555024,0.231487029736307,0.3014,0.839244444444444,"HH","ns","ns",3,FALSE
"vsr",2024,"330400","Piraí",8.04076271361695,-1.86319060222754,-0.359260981613472,0.0264069108434708,0.9278,0.963876923076923,"LL","ns","ns",8,FALSE
"vsr",2024,"330410","Porciúncula",7.85683092584807,-2.04712238999643,-1.24723396667003,0.100726095630811,0.9414,0.963876923076923,"LL","ns","ns",2,FALSE
"vsr",2024,"330411","Porto Real",7.40604257042732,-2.49791074541718,-2.60300545950585,0.25650879305886,0.3124,0.839244444444444,"LL","ns","ns",3,FALSE
"vsr",2024,"330412","Quatis",12.4874193308916,2.58346601504707,-0.739315876851399,-0.0753499637374818,0.9534,0.963876923076923,"HL","ns","ns",4,FALSE
"vsr",2024,"330414","Queimados",8.7719138118957,-1.13203950394879,-2.72574385282944,0.121729793609242,0.2788,0.839244444444444,"LL","ns","ns",3,FALSE
"vsr",2024,"330415","Quissamã",8.85705556686377,-1.04689774898073,-0.972232291641728,0.0401536075101051,0.9364,0.963876923076923,"LL","ns","ns",3,FALSE
"vsr",2024,"330420","Resende",4.72694370557434,-5.17700961027015,-2.22380240128102,0.454177304006486,0.342,0.843569230769231,"LL","ns","ns",4,FALSE
"vsr",2024,"330430","Rio Bonito",31.9685761150065,22.064622799162,6.16169148732839,5.3634806614564,0.0064,0.0841142857142857,"HH","indicativo","HH",6,FALSE
"vsr",2024,"330440","Rio Claro",7.83940962831021,-2.06454368753429,-1.92691809261415,0.156941425812812,0.3576,0.843569230769231,"LL","ns","ns",6,FALSE
"vsr",2024,"330450","Rio das Flores",11.6141686228471,1.71021530700256,0.406426124942425,0.0274209607840182,0.7094,0.942605714285714,"HH","ns","ns",3,FALSE
"vsr",2024,"330452","Rio das Ostras",10.4107388939792,0.506785578134654,1.22558211081342,0.0245028681213535,0.529,0.889442857142857,"HH","ns","ns",2,FALSE
"vsr",2024,"330455","Rio de Janeiro",13.823350389053,3.9193970732085,-2.12593837603976,-0.328715511056219,0.2456,0.839244444444444,"HL","ns","ns",7,FALSE
"vsr",2024,"330460","Santa Maria Madalena",9.09981436757645,-0.804138948268044,-1.09682496637789,0.0347951479151587,0.7402,0.953988888888889,"LL","ns","ns",5,FALSE
"vsr",2024,"330470","Santo Antônio de Pádua",6.55060136741176,-3.35335194843273,-1.60826823551062,0.212758971992278,0.4788,0.889442857142857,"LL","ns","ns",6,FALSE
"vsr",2024,"330475","São Francisco de Itabapoana",6.25872302441851,-3.64523029142598,-1.88236848791682,0.270694777098542,0.7016,0.942605714285714,"LL","ns","ns",2,FALSE
"vsr",2024,"330480","São Fidélis",6.76383223760354,-3.14012107824096,-1.31601263970676,0.16302594134999,0.5256,0.889442857142857,"LL","ns","ns",7,FALSE
"vsr",2024,"330490","São Gonçalo",20.7016757204343,10.7977224045898,7.82239823845529,3.33213311171415,0.0282,0.235854545454545,"HH","indicativo","HH",3,FALSE
"vsr",2024,"330500","São João da Barra",6.99141208866133,-2.91254122718316,-2.24871302003823,0.258378503181914,0.5704,0.904772413793103,"LL","ns","ns",2,FALSE
"vsr",2024,"330510","São João de Meriti",8.20479337127212,-1.69915994457238,-1.17625812323521,0.0788473604705943,0.7172,0.942605714285714,"LL","ns","ns",5,FALSE
"vsr",2024,"330513","São José de Ubá",9.79733726198415,-0.106616053860343,-2.7302944582353,0.0114837136232,0.2002,0.767433333333333,"LL","ns","ns",4,FALSE
"vsr",2024,"330515","São José do Vale do Rio Preto",8.90693443170216,-0.997018884142333,0.562575706857488,-0.0221276157231521,0.7066,0.942605714285714,"LH","ns","ns",6,FALSE
"vsr",2024,"330520","São Pedro da Aldeia",8.34703684423708,-1.55691647160742,-0.928250092461784,0.0570138772651356,0.889,0.963876923076923,"LL","ns","ns",4,FALSE
"vsr",2024,"330530","São Sebastião do Alto",9.6424487439706,-0.261504571873896,-1.242957516738,0.012822887530002,0.6486,0.9340875,"LL","ns","ns",6,FALSE
"vsr",2024,"330540","Sapucaia",7.78978738592731,-2.11416592991719,-1.11019258930749,0.0925950255459038,0.8088,0.963876923076923,"LL","ns","ns",4,FALSE
"vsr",2024,"330550","Saquarema",22.3594481465806,12.4554948307361,9.53678959149564,4.68612046579601,0.004,0.0613333333333333,"HH","indicativo","HH",4,FALSE
"vsr",2024,"330555","Seropédica",7.64299378993545,-2.26095952590904,-1.56323769196565,0.13943380146269,0.503,0.889442857142857,"LL","ns","ns",6,FALSE
"vsr",2024,"330560","Silva Jardim",14.2633658686085,4.35941255276399,7.88526394167894,1.35610859125091,0.0074,0.0851,"HH","indicativo","HH",5,FALSE
"vsr",2024,"330570","Sumidouro",12.1119891815223,2.20803586567781,-0.519747557297176,-0.0452739974828693,0.9244,0.963876923076923,"HL","ns","ns",6,FALSE
"vsr",2024,"330575","Tanguá",19.334927491151,9.4309741753065,11.0647883442712,4.11670672087989,4e-04,0.0368,"HH","confirmado","HH",5,FALSE
"vsr",2024,"330580","Teresópolis",5.74257042181707,-4.16138289402743,4.26844427429334,-0.700741043507065,0.0802,0.491893333333333,"LH","ns","ns",6,FALSE
"vsr",2024,"330590","Trajano de Moraes",11.2631041536557,1.35915083781122,-0.566146780994447,-0.0303561689656552,0.8454,0.963876923076923,"HL","ns","ns",8,FALSE
"vsr",2024,"330600","Três Rios",4.39910214389929,-5.5048511719452,0.77933976284715,-0.16924766237239,0.6498,0.9340875,"LH","ns","ns",6,FALSE
"vsr",2024,"330610","Valença",19.8370829474207,9.93312963157619,1.98603953673388,0.778259185330809,0.3254,0.839244444444444,"HH","ns","ns",5,FALSE
"vsr",2024,"330615","Varre-Sai",9.10378584672765,-0.800167469116843,-2.62873092003526,0.0829807367823081,0.3136,0.839244444444444,"LL","ns","ns",3,FALSE
"vsr",2024,"330620","Vassouras",5.86179069478519,-4.04216262105931,1.65044510119266,-0.263187419940958,0.3518,0.843569230769231,"LH","ns","ns",8,FALSE
"vsr",2024,"330630","Volta Redonda",5.76583531874924,-4.13811799709526,1.54609032044723,-0.252399211283406,0.4488,0.889442857142857,"LH","ns","ns",5,FALSE
"vsr",2025,"330010","Angra dos Reis",25.4349177768956,8.077330739076,-7.50803152851161,-0.421573775395213,0.1606,0.480630303030303,"HL","ns","ns",3,FALSE
"vsr",2025,"330015","Aperibé",11.8565998254255,-5.50098721239413,-8.39207936633832,0.320914877400605,0.077,0.480630303030303,"LL","ns","ns",3,FALSE
"vsr",2025,"330020","Araruama",23.7725552656081,6.41496822778845,1.52229564449233,0.0678848945711702,0.616,0.8855,"HH","ns","ns",8,FALSE
"vsr",2025,"330022","Areal",19.3444408665973,1.9868538287777,9.11567139183849,0.125902458872031,0.1718,0.480630303030303,"HH","ns","ns",4,FALSE
"vsr",2025,"330023","Armação dos Búzios",10.6225065154679,-6.73508052235166,-2.68561092324825,0.12573770243175,0.915,0.955368888888889,"LL","ns","ns",1,TRUE
"vsr",2025,"330025","Arraial do Cabo",12.8633503881861,-4.49423664963355,-0.471349765282386,0.0147257989052249,0.8998,0.955368888888889,"LL","ns","ns",4,FALSE
"vsr",2025,"330030","Barra do Piraí",50.0654060485931,32.7078190107735,-1.49495411125297,-0.339906195909105,0.922,0.955368888888889,"HL","ns","ns",7,FALSE
"vsr",2025,"330040","Barra Mansa",4.57648810133831,-12.7810989364813,3.31232477680053,-0.29429354958245,0.4104,0.726092307692308,"LH","ns","ns",8,FALSE
"vsr",2025,"330045","Belford Roxo",10.895671979077,-6.46191505874265,0.533391238384442,-0.0239599968083884,0.768,0.937692307692308,"LH","ns","ns",4,FALSE
"vsr",2025,"330050","Bom Jardim",6.79495668586402,-10.5626303519556,-6.939416128735,0.509535733218424,0.1378,0.480630303030303,"LL","ns","ns",4,FALSE
"vsr",2025,"330060","Bom Jesus do Itabapoana",5.79405591611324,-11.5635311217064,-1.09073366360795,0.0876776344481207,0.9678,0.975,"LL","ns","ns",5,FALSE
"vsr",2025,"330070","Cabo Frio",14.6719761145714,-2.68561092324825,-2.28960032121248,0.0427447129875935,0.795,0.937692307692308,"LL","ns","ns",5,FALSE
"vsr",2025,"330080","Cachoeiras de Macacu",24.5300247542133,7.17243771639366,4.57409311941319,0.228061208163505,0.3052,0.668533333333333,"HH","ns","ns",7,FALSE
"vsr",2025,"330090","Cambuci",10.327765204718,-7.02982183310161,-5.52737491147967,0.270111375496888,0.148,0.480630303030303,"LL","ns","ns",7,FALSE
"vsr",2025,"330093","Carapebus",10.6055484369372,-6.75203860088239,11.9515507742203,-0.560968933449646,0.1398,0.480630303030303,"LH","ns","ns",3,FALSE
"vsr",2025,"330095","Comendador Levy Gasparian",13.124837877168,-4.23274916065161,-9.11146665160245,0.268096074828007,0.1006,0.480630303030303,"LL","ns","ns",2,FALSE
"vsr",2025,"330100","Campos dos Goytacazes",10.3143253743706,-7.04326166344902,-6.12546972518195,0.299911317152397,0.0358,0.480630303030303,"LL","indicativo","LL",10,FALSE
"vsr",2025,"330110","Cantagalo",11.8084000027093,-5.5491870351103,-1.13872133079083,0.0439264849904931,0.9158,0.955368888888889,"LL","ns","ns",7,FALSE
"vsr",2025,"330115","Cardoso Moreira",10.9732838772537,-6.38430316056594,-7.39477536523443,0.32818454143878,0.1724,0.480630303030303,"LL","ns","ns",3,FALSE
"vsr",2025,"330120","Carmo",38.5384282478207,21.1808412100011,-2.10716988298402,-0.310257571048522,0.9176,0.955368888888889,"HL","ns","ns",4,FALSE
"vsr",2025,"330130","Casimiro de Abreu",12.808011602669,-4.5495754351506,7.44954542667082,-0.235602707213597,0.1724,0.480630303030303,"LH","ns","ns",6,FALSE
"vsr",2025,"330140","Conceição de Macabu",22.6524848793924,5.29489784157275,1.09476122602778,0.0402955071393429,0.7014,0.9352,"HH","ns","ns",6,FALSE
"vsr",2025,"330150","Cordeiro",8.42543426214045,-8.93215277567915,-4.88908931608137,0.303573422693694,0.3284,0.681208888888889,"LL","ns","ns",5,FALSE
"vsr",2025,"330160","Duas Barras",15.9661134341882,-1.3914736036314,-1.59685460839699,0.0154461405186568,0.8604,0.955368888888889,"LL","ns","ns",6,FALSE
"vsr",2025,"330170","Duque de Caxias",11.8167893515136,-5.54079768630596,9.17645865308808,-0.353449228718105,0.0832,0.480630303030303,"LH","ns","ns",7,FALSE
"vsr",2025,"330180","Engenheiro Paulo de Frontin",15.1692798419979,-2.18830719582168,-3.7096048249924,0.0564307171498158,0.6058,0.8855,"LL","ns","ns",4,FALSE
"vsr",2025,"330185","Guapimirim",8.76790528719045,-8.58968175062916,15.3109400184878,-0.914236512199869,0.0258,0.480630303030303,"LH","indicativo","LH",5,FALSE
"vsr",2025,"330187","Iguaba Grande",13.8269078988649,-3.53067913895471,-0.0544485495200419,0.00133636225214149,0.8178,0.94047,"LL","ns","ns",3,FALSE
"vsr",2025,"330190","Itaboraí",27.6016312206337,10.2440441828141,14.1482207735797,1.00751820987364,0.0218,0.480630303030303,"HH","indicativo","HH",6,FALSE
"vsr",2025,"330200","Itaguaí",15.2457431459198,-2.11184389189981,-3.11108265273613,0.045672311753332,0.529,0.797836065573771,"LL","ns","ns",7,FALSE
"vsr",2025,"330205","Italva",10.5331899177944,-6.8243971200252,-6.99886244083533,0.33202545620947,0.0522,0.480630303030303,"LL","ns","ns",6,FALSE
"vsr",2025,"330210","Itaocara",7.92281765788935,-9.43476937993026,-5.66083410133712,0.371271275184975,0.1602,0.480630303030303,"LL","ns","ns",6,FALSE
"vsr",2025,"330220","Itaperuna",15.7019974838596,-1.65558955395998,-3.80288082960702,0.0437668234426213,0.359,0.718,"LL","ns","ns",8,FALSE
"vsr",2025,"330225","Itatiaia",6.35747143608559,-11.000115601734,0.482917453017258,-0.0369274895569004,0.6794,0.932907462686567,"LH","ns","ns",1,TRUE
"vsr",2025,"330227","Japeri",7.73082553655027,-9.62676150126934,-6.48712496297686,0.434122314481542,0.1336,0.480630303030303,"LL","ns","ns",5,FALSE
"vsr",2025,"330230","Laje do Muriaé",18.8652513994096,1.50766436159001,-4.79757374864025,-0.0502812379637186,0.6728,0.932907462686567,"HL","ns","ns",2,FALSE
"vsr",2025,"330240","Macaé",57.2424038492596,39.88481681144,-4.42157072036767,-1.22592474344295,0.3862,0.724094117647059,"HL","ns","ns",6,FALSE
"vsr",2025,"330245","Macuco",15.5324334867112,-1.82515355110843,-4.61375904464879,0.0585374703279264,0.47,0.748055172413793,"LL","ns","ns",4,FALSE
"vsr",2025,"330250","Magé",24.8392924685218,7.48170543070215,15.676249470687,0.815309315899302,0.0822,0.480630303030303,"HH","ns","ns",3,FALSE
"vsr",2025,"330260","Mangaratiba",12.1699922389096,-5.18759479891001,0.397175247375955,-0.0143227975794222,0.7758,0.937692307692308,"LH","ns","ns",3,FALSE
"vsr",2025,"330270","Maricá",45.1656224589865,27.8080354211669,12.5435173497062,2.42476288677783,0.0472,0.480630303030303,"HH","indicativo","HH",5,FALSE
"vsr",2025,"330280","Mendes",18.9483085330453,1.59072149522565,4.20732172876216,0.046524263444295,0.4014,0.724094117647059,"HH","ns","ns",5,FALSE
"vsr",2025,"330285","Mesquita",18.1850973724178,0.827510334598209,2.79528526466915,0.0160797463894558,0.5112,0.78384,"HH","ns","ns",5,FALSE
"vsr",2025,"330290","Miguel Pereira",7.0606671177693,-10.2969199200503,3.68931451926021,-0.264078259861597,0.3736,0.724094117647059,"LH","ns","ns",8,FALSE
"vsr",2025,"330300","Miracema",9.41802909449908,-7.93955794332053,-1.77678474854726,0.0980642640888157,0.8824,0.955368888888889,"LL","ns","ns",4,FALSE
"vsr",2025,"330310","Natividade",24.0750126368122,6.71742559899262,-2.84211639554517,-0.132716328353149,0.7592,0.937692307692308,"HL","ns","ns",4,FALSE
"vsr",2025,"330320","Nilópolis",25.4428161491967,8.08522911137712,5.00591333070382,0.281355423118403,0.3836,0.724094117647059,"HH","ns","ns",3,FALSE
"vsr",2025,"330330","Niterói",35.2694763899366,17.911889352117,25.3056663108501,3.1509303842469,0.0468,0.480630303030303,"HH","indicativo","HH",2,FALSE
"vsr",2025,"330340","Nova Friburgo",5.04055094079133,-12.3170360970283,4.3357444382897,-0.371235520121382,0.2976,0.667785365853659,"LH","ns","ns",9,FALSE
"vsr",2025,"330350","Nova Iguaçu",15.5204696510176,-1.837117386802,-4.56281062966855,0.0582705322992838,0.2144,0.533102702702703,"LL","ns","ns",9,FALSE
"vsr",2025,"330360","Paracambi",10.4168274386004,-6.9407595992192,-4.4539309512078,0.214896882702061,0.29,0.667785365853659,"LL","ns","ns",7,FALSE
"vsr",2025,"330370","Paraíba do Sul",5.06023588233773,-12.2973511554819,7.43206299616668,-0.635331795222888,0.1358,0.480630303030303,"LH","ns","ns",7,FALSE
"vsr",2025,"330380","Paraty",4.79504835624311,-12.5625386815765,8.077330739076,-0.705382874383119,0.326,0.681208888888889,"LH","ns","ns",1,TRUE
"vsr",2025,"330385","Paty do Alferes",11.0380799882491,-6.31950704957053,9.84337387438454,-0.432421039962115,0.1478,0.480630303030303,"LH","ns","ns",4,FALSE
"vsr",2025,"330390","Petrópolis",78.5168148868157,61.1592278489961,-5.54776045151854,-2.35862733421431,0.0898,0.480630303030303,"HL","ns","ns",10,FALSE
"vsr",2025,"330395","Pinheiral",10.2348567295194,-7.1227303083002,9.2209699419095,-0.456565131109197,0.2018,0.530445714285714,"LH","ns","ns",3,FALSE
"vsr",2025,"330400","Piraí",14.0069047418236,-3.35068229599606,-0.140760027999827,0.00327862864436124,0.9346,0.955368888888889,"LL","ns","ns",8,FALSE
"vsr",2025,"330410","Porciúncula",15.8560877109035,-1.50149932691614,5.03479000969721,-0.0525516234432603,0.4316,0.735318518518518,"LH","ns","ns",2,FALSE
"vsr",2025,"330411","Porto Real",11.4314697522509,-5.92611728556867,-5.11004386298144,0.210510859187885,0.4716,0.748055172413793,"LL","ns","ns",3,FALSE
"vsr",2025,"330412","Quatis",14.3256369323393,-3.03195010548029,-1.53487483431924,0.0323500271118501,0.9256,0.955368888888889,"LL","ns","ns",4,FALSE
"vsr",2025,"330414","Queimados",9.19048247764987,-8.16710456016974,-5.5525340789048,0.31523830361012,0.3982,0.724094117647059,"LL","ns","ns",3,FALSE
"vsr",2025,"330415","Quissamã",8.03252470746768,-9.32506233035193,-2.83346747425289,0.183674813861114,0.8064,0.939098734177215,"LL","ns","ns",3,FALSE
"vsr",2025,"330420","Resende",17.8405044908369,0.482917453017258,-8.18482048231607,-0.0274765178684292,0.049,0.480630303030303,"HL","indicativo","HL",4,FALSE
"vsr",2025,"330430","Rio Bonito",35.8428970565189,18.4853100186993,8.67976844554198,1.11535857703999,0.1154,0.480630303030303,"HH","ns","ns",6,FALSE
"vsr",2025,"330440","Rio Claro",12.5836259327713,-4.77396110504833,-2.84135267887668,0.0942939118075887,0.6148,0.8855,"LL","ns","ns",6,FALSE
"vsr",2025,"330450","Rio das Flores",21.9052459670834,4.54765892926383,0.198662333449376,0.00628033848550765,0.7736,0.937692307692308,"HH","ns","ns",3,FALSE
"vsr",2025,"330452","Rio das Ostras",14.2689170457033,-3.08866999211634,17.6676206881447,-0.37934049688855,0.0816,0.480630303030303,"LH","ns","ns",2,FALSE
"vsr",2025,"330455","Rio de Janeiro",22.8638470032854,5.50625996546574,0.416175260624575,0.0159298837044645,0.791,0.937692307692308,"HH","ns","ns",7,FALSE
"vsr",2025,"330460","Santa Maria Madalena",12.2787022158308,-5.07888482198882,-2.80774550038221,0.099130144066504,0.6974,0.9352,"LL","ns","ns",5,FALSE
"vsr",2025,"330470","Santo Antônio de Pádua",8.64594015183653,-8.71164688598308,-5.6169817199488,0.340159737286278,0.1808,0.489223529411765,"LL","ns","ns",6,FALSE
"vsr",2025,"330475","São Francisco de Itabapoana",9.76857663858452,-7.58901039923509,-8.42770546838945,0.444604783268414,0.1514,0.480630303030303,"LL","ns","ns",2,FALSE
"vsr",2025,"330480","São Fidélis",9.04091972559055,-8.31666731222906,-5.80744747260934,0.335748632634682,0.115,0.480630303030303,"LL","ns","ns",7,FALSE
"vsr",2025,"330490","São Gonçalo",40.160884238353,22.8032972005333,18.6546563186993,2.95708993557748,0.036,0.480630303030303,"HH","indicativo","HH",3,FALSE
"vsr",2025,"330500","São João da Barra",7.54543776448974,-9.81214927332987,-7.31613603134205,0.499028732602574,0.2758,0.667726315789474,"LL","ns","ns",2,FALSE
"vsr",2025,"330510","São João de Meriti",26.0415567298671,8.68396969204752,0.483257333278493,0.0291726838436573,0.763,0.937692307692308,"HH","ns","ns",5,FALSE
"vsr",2025,"330513","São José de Ubá",19.1100201219836,1.75243308416399,-6.3341540540913,-0.0771631056352059,0.2128,0.533102702702703,"HL","ns","ns",4,FALSE
"vsr",2025,"330515","São José do Vale do Rio Preto",10.8839780593824,-6.47360897843725,7.70496092506487,-0.3467340858975,0.1588,0.480630303030303,"LH","ns","ns",6,FALSE
"vsr",2025,"330520","São Pedro da Aldeia",15.2735098111046,-2.08407722671502,-1.07388962101202,0.0155579756091298,0.975,0.975,"LL","ns","ns",4,FALSE
"vsr",2025,"330530","São Sebastião do Alto",18.500892708615,1.14330567079543,-5.88694402316134,-0.0467877216141721,0.1548,0.480630303030303,"HL","ns","ns",6,FALSE
"vsr",2025,"330540","Sapucaia",9.27053074523494,-8.08705629258466,3.84517187080778,-0.216165238340548,0.4308,0.735318518518518,"LH","ns","ns",4,FALSE
"vsr",2025,"330550","Saquarema",11.9060170155718,-5.45157002224786,17.4795599257422,-0.662417385866339,0.0248,0.480630303030303,"LH","indicativo","LH",4,FALSE
"vsr",2025,"330555","Seropédica",12.1638636891766,-5.19372334864306,-3.86288782898239,0.139466705840211,0.4476,0.735342857142857,"LL","ns","ns",6,FALSE
"vsr",2025,"330560","Silva Jardim",33.846391571009,16.4888045331893,3.0412208861405,0.348591479367534,0.441,0.735342857142857,"HH","ns","ns",5,FALSE
"vsr",2025,"330570","Sumidouro",23.9566244372099,6.59903739939026,-2.76517480802461,-0.12684776356034,0.6576,0.930756923076923,"HL","ns","ns",6,FALSE
"vsr",2025,"330575","Tanguá",34.5675130731338,17.2099260353142,11.6516514633652,1.3939465528338,0.0654,0.480630303030303,"HH","ns","ns",5,FALSE
"vsr",2025,"330580","Teresópolis",7.85487195135244,-9.50271508646717,7.92506268978089,-0.523516106749082,0.1472,0.480630303030303,"LH","ns","ns",6,FALSE
"vsr",2025,"330590","Trajano de Moraes",12.2405849992184,-5.11700203860116,0.950895340755986,-0.0338242318663785,0.7182,0.937692307692308,"LH","ns","ns",8,FALSE
"vsr",2025,"330600","Três Rios",11.4320048900966,-5.92558214772302,5.34255268176973,-0.220069303977333,0.2936,0.667785365853659,"LH","ns","ns",6,FALSE
"vsr",2025,"330610","Valença",29.4423864695754,12.0847994317558,4.45019352443,0.373850510223592,0.3332,0.681208888888889,"HH","ns","ns",5,FALSE
"vsr",2025,"330615","Varre-Sai",20.7097414582214,3.35215442040181,-2.11586828320996,-0.0493051493334343,0.9292,0.955368888888889,"HL","ns","ns",3,FALSE
"vsr",2025,"330620","Vassouras",18.1661257618939,0.808538724074261,2.47861419326179,0.0139312276917462,0.5002,0.779972881355932,"HH","ns","ns",8,FALSE
"vsr",2025,"330630","Volta Redonda",15.6633601487707,-1.69422688904891,0.935869272989517,-0.0110221519018318,0.7284,0.937692307692308,"LH","ns","ns",5,FALSE
