"recorte","agente","inicio_semana","ano_epi","semana_epi","casos"
"Estado do Rio de Janeiro","sarscov2",2022-01-02,2022,1,839
"Estado do Rio de Janeiro","sarscov2",2022-01-09,2022,2,2015
"Estado do Rio de Janeiro","sarscov2",2022-01-16,2022,3,2265
"Estado do Rio de Janeiro","sarscov2",2022-01-23,2022,4,1666
"Estado do Rio de Janeiro","sarscov2",2022-01-30,2022,5,873
"Estado do Rio de Janeiro","sarscov2",2022-02-06,2022,6,362
"Estado do Rio de Janeiro","sarscov2",2022-02-13,2022,7,212
"Estado do Rio de Janeiro","sarscov2",2022-02-20,2022,8,118
"Estado do Rio de Janeiro","sarscov2",2022-02-27,2022,9,72
"Estado do Rio de Janeiro","sarscov2",2022-03-06,2022,10,64
"Estado do Rio de Janeiro","sarscov2",2022-03-13,2022,11,30
"Estado do Rio de Janeiro","sarscov2",2022-03-20,2022,12,33
"Estado do Rio de Janeiro","sarscov2",2022-03-27,2022,13,46
"Estado do Rio de Janeiro","sarscov2",2022-04-03,2022,14,34
"Estado do Rio de Janeiro","sarscov2",2022-04-10,2022,15,31
"Estado do Rio de Janeiro","sarscov2",2022-04-17,2022,16,34
"Estado do Rio de Janeiro","sarscov2",2022-04-24,2022,17,51
"Estado do Rio de Janeiro","sarscov2",2022-05-01,2022,18,60
"Estado do Rio de Janeiro","sarscov2",2022-05-08,2022,19,80
"Estado do Rio de Janeiro","sarscov2",2022-05-15,2022,20,153
"Estado do Rio de Janeiro","sarscov2",2022-05-22,2022,21,274
"Estado do Rio de Janeiro","sarscov2",2022-05-29,2022,22,448
"Estado do Rio de Janeiro","sarscov2",2022-06-05,2022,23,600
"Estado do Rio de Janeiro","sarscov2",2022-06-12,2022,24,664
"Estado do Rio de Janeiro","sarscov2",2022-06-19,2022,25,767
"Estado do Rio de Janeiro","sarscov2",2022-06-26,2022,26,642
"Estado do Rio de Janeiro","sarscov2",2022-07-03,2022,27,397
"Estado do Rio de Janeiro","sarscov2",2022-07-10,2022,28,265
"Estado do Rio de Janeiro","sarscov2",2022-07-17,2022,29,169
"Estado do Rio de Janeiro","sarscov2",2022-07-24,2022,30,93
"Estado do Rio de Janeiro","sarscov2",2022-07-31,2022,31,73
"Estado do Rio de Janeiro","sarscov2",2022-08-07,2022,32,50
"Estado do Rio de Janeiro","sarscov2",2022-08-14,2022,33,45
"Estado do Rio de Janeiro","sarscov2",2022-08-21,2022,34,38
"Estado do Rio de Janeiro","sarscov2",2022-08-28,2022,35,35
"Estado do Rio de Janeiro","sarscov2",2022-09-04,2022,36,21
"Estado do Rio de Janeiro","sarscov2",2022-09-11,2022,37,18
"Estado do Rio de Janeiro","sarscov2",2022-09-18,2022,38,20
"Estado do Rio de Janeiro","sarscov2",2022-09-25,2022,39,17
"Estado do Rio de Janeiro","sarscov2",2022-10-02,2022,40,22
"Estado do Rio de Janeiro","sarscov2",2022-10-09,2022,41,39
"Estado do Rio de Janeiro","sarscov2",2022-10-16,2022,42,47
"Estado do Rio de Janeiro","sarscov2",2022-10-23,2022,43,91
"Estado do Rio de Janeiro","sarscov2",2022-10-30,2022,44,210
"Estado do Rio de Janeiro","sarscov2",2022-11-06,2022,45,457
"Estado do Rio de Janeiro","sarscov2",2022-11-13,2022,46,596
"Estado do Rio de Janeiro","sarscov2",2022-11-20,2022,47,458
"Estado do Rio de Janeiro","sarscov2",2022-11-27,2022,48,361
"Estado do Rio de Janeiro","sarscov2",2022-12-04,2022,49,293
"Estado do Rio de Janeiro","sarscov2",2022-12-11,2022,50,157
"Estado do Rio de Janeiro","sarscov2",2022-12-18,2022,51,132
"Estado do Rio de Janeiro","sarscov2",2022-12-25,2022,52,121
"Estado do Rio de Janeiro","sarscov2",2023-01-01,2023,1,83
"Estado do Rio de Janeiro","sarscov2",2023-01-08,2023,2,55
"Estado do Rio de Janeiro","sarscov2",2023-01-15,2023,3,55
"Estado do Rio de Janeiro","sarscov2",2023-01-22,2023,4,39
"Estado do Rio de Janeiro","sarscov2",2023-01-29,2023,5,60
"Estado do Rio de Janeiro","sarscov2",2023-02-05,2023,6,72
"Estado do Rio de Janeiro","sarscov2",2023-02-12,2023,7,80
"Estado do Rio de Janeiro","sarscov2",2023-02-19,2023,8,139
"Estado do Rio de Janeiro","sarscov2",2023-02-26,2023,9,204
"Estado do Rio de Janeiro","sarscov2",2023-03-05,2023,10,187
"Estado do Rio de Janeiro","sarscov2",2023-03-12,2023,11,189
"Estado do Rio de Janeiro","sarscov2",2023-03-19,2023,12,137
"Estado do Rio de Janeiro","sarscov2",2023-03-26,2023,13,116
"Estado do Rio de Janeiro","sarscov2",2023-04-02,2023,14,94
"Estado do Rio de Janeiro","sarscov2",2023-04-09,2023,15,113
"Estado do Rio de Janeiro","sarscov2",2023-04-16,2023,16,79
"Estado do Rio de Janeiro","sarscov2",2023-04-23,2023,17,60
"Estado do Rio de Janeiro","sarscov2",2023-04-30,2023,18,51
"Estado do Rio de Janeiro","sarscov2",2023-05-07,2023,19,46
"Estado do Rio de Janeiro","sarscov2",2023-05-14,2023,20,39
"Estado do Rio de Janeiro","sarscov2",2023-05-21,2023,21,35
"Estado do Rio de Janeiro","sarscov2",2023-05-28,2023,22,31
"Estado do Rio de Janeiro","sarscov2",2023-06-04,2023,23,26
"Estado do Rio de Janeiro","sarscov2",2023-06-11,2023,24,43
"Estado do Rio de Janeiro","sarscov2",2023-06-18,2023,25,26
"Estado do Rio de Janeiro","sarscov2",2023-06-25,2023,26,31
"Estado do Rio de Janeiro","sarscov2",2023-07-02,2023,27,28
"Estado do Rio de Janeiro","sarscov2",2023-07-09,2023,28,20
"Estado do Rio de Janeiro","sarscov2",2023-07-16,2023,29,20
"Estado do Rio de Janeiro","sarscov2",2023-07-23,2023,30,23
"Estado do Rio de Janeiro","sarscov2",2023-07-30,2023,31,29
"Estado do Rio de Janeiro","sarscov2",2023-08-06,2023,32,27
"Estado do Rio de Janeiro","sarscov2",2023-08-13,2023,33,41
"Estado do Rio de Janeiro","sarscov2",2023-08-20,2023,34,56
"Estado do Rio de Janeiro","sarscov2",2023-08-27,2023,35,87
"Estado do Rio de Janeiro","sarscov2",2023-09-03,2023,36,110
"Estado do Rio de Janeiro","sarscov2",2023-09-10,2023,37,126
"Estado do Rio de Janeiro","sarscov2",2023-09-17,2023,38,169
"Estado do Rio de Janeiro","sarscov2",2023-09-24,2023,39,147
"Estado do Rio de Janeiro","sarscov2",2023-10-01,2023,40,184
"Estado do Rio de Janeiro","sarscov2",2023-10-08,2023,41,154
"Estado do Rio de Janeiro","sarscov2",2023-10-15,2023,42,144
"Estado do Rio de Janeiro","sarscov2",2023-10-22,2023,43,116
"Estado do Rio de Janeiro","sarscov2",2023-10-29,2023,44,92
"Estado do Rio de Janeiro","sarscov2",2023-11-05,2023,45,123
"Estado do Rio de Janeiro","sarscov2",2023-11-12,2023,46,78
"Estado do Rio de Janeiro","sarscov2",2023-11-19,2023,47,47
"Estado do Rio de Janeiro","sarscov2",2023-11-26,2023,48,37
"Estado do Rio de Janeiro","sarscov2",2023-12-03,2023,49,28
"Estado do Rio de Janeiro","sarscov2",2023-12-10,2023,50,26
"Estado do Rio de Janeiro","sarscov2",2023-12-17,2023,51,28
"Estado do Rio de Janeiro","sarscov2",2023-12-24,2023,52,32
"Estado do Rio de Janeiro","sarscov2",2023-12-31,2024,1,33
"Estado do Rio de Janeiro","sarscov2",2024-01-07,2024,2,36
"Estado do Rio de Janeiro","sarscov2",2024-01-14,2024,3,51
"Estado do Rio de Janeiro","sarscov2",2024-01-21,2024,4,59
"Estado do Rio de Janeiro","sarscov2",2024-01-28,2024,5,100
"Estado do Rio de Janeiro","sarscov2",2024-02-04,2024,6,159
"Estado do Rio de Janeiro","sarscov2",2024-02-11,2024,7,173
"Estado do Rio de Janeiro","sarscov2",2024-02-18,2024,8,170
"Estado do Rio de Janeiro","sarscov2",2024-02-25,2024,9,139
"Estado do Rio de Janeiro","sarscov2",2024-03-03,2024,10,83
"Estado do Rio de Janeiro","sarscov2",2024-03-10,2024,11,52
"Estado do Rio de Janeiro","sarscov2",2024-03-17,2024,12,42
"Estado do Rio de Janeiro","sarscov2",2024-03-24,2024,13,21
"Estado do Rio de Janeiro","sarscov2",2024-03-31,2024,14,21
"Estado do Rio de Janeiro","sarscov2",2024-04-07,2024,15,13
"Estado do Rio de Janeiro","sarscov2",2024-04-14,2024,16,8
"Estado do Rio de Janeiro","sarscov2",2024-04-21,2024,17,7
"Estado do Rio de Janeiro","sarscov2",2024-04-28,2024,18,10
"Estado do Rio de Janeiro","sarscov2",2024-05-05,2024,19,4
"Estado do Rio de Janeiro","sarscov2",2024-05-12,2024,20,6
"Estado do Rio de Janeiro","sarscov2",2024-05-19,2024,21,2
"Estado do Rio de Janeiro","sarscov2",2024-05-26,2024,22,5
"Estado do Rio de Janeiro","sarscov2",2024-06-02,2024,23,3
"Estado do Rio de Janeiro","sarscov2",2024-06-09,2024,24,9
"Estado do Rio de Janeiro","sarscov2",2024-06-16,2024,25,3
"Estado do Rio de Janeiro","sarscov2",2024-06-23,2024,26,2
"Estado do Rio de Janeiro","sarscov2",2024-06-30,2024,27,8
"Estado do Rio de Janeiro","sarscov2",2024-07-07,2024,28,8
"Estado do Rio de Janeiro","sarscov2",2024-07-14,2024,29,7
"Estado do Rio de Janeiro","sarscov2",2024-07-21,2024,30,14
"Estado do Rio de Janeiro","sarscov2",2024-07-28,2024,31,10
"Estado do Rio de Janeiro","sarscov2",2024-08-04,2024,32,11
"Estado do Rio de Janeiro","sarscov2",2024-08-11,2024,33,32
"Estado do Rio de Janeiro","sarscov2",2024-08-18,2024,34,35
"Estado do Rio de Janeiro","sarscov2",2024-08-25,2024,35,40
"Estado do Rio de Janeiro","sarscov2",2024-09-01,2024,36,51
"Estado do Rio de Janeiro","sarscov2",2024-09-08,2024,37,36
"Estado do Rio de Janeiro","sarscov2",2024-09-15,2024,38,31
"Estado do Rio de Janeiro","sarscov2",2024-09-22,2024,39,38
"Estado do Rio de Janeiro","sarscov2",2024-09-29,2024,40,34
"Estado do Rio de Janeiro","sarscov2",2024-10-06,2024,41,29
"Estado do Rio de Janeiro","sarscov2",2024-10-13,2024,42,40
"Estado do Rio de Janeiro","sarscov2",2024-10-20,2024,43,42
"Estado do Rio de Janeiro","sarscov2",2024-10-27,2024,44,44
"Estado do Rio de Janeiro","sarscov2",2024-11-03,2024,45,66
"Estado do Rio de Janeiro","sarscov2",2024-11-10,2024,46,73
"Estado do Rio de Janeiro","sarscov2",2024-11-17,2024,47,88
"Estado do Rio de Janeiro","sarscov2",2024-11-24,2024,48,84
"Estado do Rio de Janeiro","sarscov2",2024-12-01,2024,49,69
"Estado do Rio de Janeiro","sarscov2",2024-12-08,2024,50,62
"Estado do Rio de Janeiro","sarscov2",2024-12-15,2024,51,65
"Estado do Rio de Janeiro","sarscov2",2024-12-22,2024,52,50
"Estado do Rio de Janeiro","sarscov2",2024-12-29,2025,1,44
"Estado do Rio de Janeiro","sarscov2",2025-01-05,2025,2,38
"Estado do Rio de Janeiro","sarscov2",2025-01-12,2025,3,24
"Estado do Rio de Janeiro","sarscov2",2025-01-19,2025,4,20
"Estado do Rio de Janeiro","sarscov2",2025-01-26,2025,5,11
"Estado do Rio de Janeiro","sarscov2",2025-02-02,2025,6,11
"Estado do Rio de Janeiro","sarscov2",2025-02-09,2025,7,13
"Estado do Rio de Janeiro","sarscov2",2025-02-16,2025,8,16
"Estado do Rio de Janeiro","sarscov2",2025-02-23,2025,9,11
"Estado do Rio de Janeiro","sarscov2",2025-03-02,2025,10,5
"Estado do Rio de Janeiro","sarscov2",2025-03-09,2025,11,9
"Estado do Rio de Janeiro","sarscov2",2025-03-16,2025,12,6
"Estado do Rio de Janeiro","sarscov2",2025-03-23,2025,13,0
"Estado do Rio de Janeiro","sarscov2",2025-03-30,2025,14,10
"Estado do Rio de Janeiro","sarscov2",2025-04-06,2025,15,9
"Estado do Rio de Janeiro","sarscov2",2025-04-13,2025,16,9
"Estado do Rio de Janeiro","sarscov2",2025-04-20,2025,17,7
"Estado do Rio de Janeiro","sarscov2",2025-04-27,2025,18,12
"Estado do Rio de Janeiro","sarscov2",2025-05-04,2025,19,7
"Estado do Rio de Janeiro","sarscov2",2025-05-11,2025,20,10
"Estado do Rio de Janeiro","sarscov2",2025-05-18,2025,21,8
"Estado do Rio de Janeiro","sarscov2",2025-05-25,2025,22,14
"Estado do Rio de Janeiro","sarscov2",2025-06-01,2025,23,27
"Estado do Rio de Janeiro","sarscov2",2025-06-08,2025,24,47
"Estado do Rio de Janeiro","sarscov2",2025-06-15,2025,25,41
"Estado do Rio de Janeiro","sarscov2",2025-06-22,2025,26,27
"Estado do Rio de Janeiro","sarscov2",2025-06-29,2025,27,17
"Estado do Rio de Janeiro","sarscov2",2025-07-06,2025,28,21
"Estado do Rio de Janeiro","sarscov2",2025-07-13,2025,29,35
"Estado do Rio de Janeiro","sarscov2",2025-07-20,2025,30,49
"Estado do Rio de Janeiro","sarscov2",2025-07-27,2025,31,37
"Estado do Rio de Janeiro","sarscov2",2025-08-03,2025,32,54
"Estado do Rio de Janeiro","sarscov2",2025-08-10,2025,33,71
"Estado do Rio de Janeiro","sarscov2",2025-08-17,2025,34,69
"Estado do Rio de Janeiro","sarscov2",2025-08-24,2025,35,37
"Estado do Rio de Janeiro","sarscov2",2025-08-31,2025,36,34
"Estado do Rio de Janeiro","sarscov2",2025-09-07,2025,37,28
"Estado do Rio de Janeiro","sarscov2",2025-09-14,2025,38,34
"Estado do Rio de Janeiro","sarscov2",2025-09-21,2025,39,31
"Estado do Rio de Janeiro","sarscov2",2025-09-28,2025,40,13
"Estado do Rio de Janeiro","sarscov2",2025-10-05,2025,41,19
"Estado do Rio de Janeiro","sarscov2",2025-10-12,2025,42,14
"Estado do Rio de Janeiro","sarscov2",2025-10-19,2025,43,8
"Estado do Rio de Janeiro","sarscov2",2025-10-26,2025,44,4
"Estado do Rio de Janeiro","sarscov2",2025-11-02,2025,45,8
"Estado do Rio de Janeiro","sarscov2",2025-11-09,2025,46,6
"Estado do Rio de Janeiro","sarscov2",2025-11-16,2025,47,12
"Estado do Rio de Janeiro","sarscov2",2025-11-23,2025,48,3
"Estado do Rio de Janeiro","sarscov2",2025-11-30,2025,49,8
"Estado do Rio de Janeiro","sarscov2",2025-12-07,2025,50,5
"Estado do Rio de Janeiro","sarscov2",2025-12-14,2025,51,8
"Estado do Rio de Janeiro","sarscov2",2025-12-21,2025,52,7
"Estado do Rio de Janeiro","sarscov2",2025-12-28,2025,53,21
"Estado do Rio de Janeiro","influenza",2022-01-02,2022,1,111
"Estado do Rio de Janeiro","influenza",2022-01-09,2022,2,26
"Estado do Rio de Janeiro","influenza",2022-01-16,2022,3,12
"Estado do Rio de Janeiro","influenza",2022-01-23,2022,4,5
"Estado do Rio de Janeiro","influenza",2022-01-30,2022,5,1
"Estado do Rio de Janeiro","influenza",2022-02-06,2022,6,5
"Estado do Rio de Janeiro","influenza",2022-02-13,2022,7,5
"Estado do Rio de Janeiro","influenza",2022-02-20,2022,8,3
"Estado do Rio de Janeiro","influenza",2022-02-27,2022,9,3
"Estado do Rio de Janeiro","influenza",2022-03-06,2022,10,3
"Estado do Rio de Janeiro","influenza",2022-03-13,2022,11,1
"Estado do Rio de Janeiro","influenza",2022-03-20,2022,12,6
"Estado do Rio de Janeiro","influenza",2022-03-27,2022,13,9
"Estado do Rio de Janeiro","influenza",2022-04-03,2022,14,6
"Estado do Rio de Janeiro","influenza",2022-04-10,2022,15,4
"Estado do Rio de Janeiro","influenza",2022-04-17,2022,16,2
"Estado do Rio de Janeiro","influenza",2022-04-24,2022,17,0
"Estado do Rio de Janeiro","influenza",2022-05-01,2022,18,2
"Estado do Rio de Janeiro","influenza",2022-05-08,2022,19,3
"Estado do Rio de Janeiro","influenza",2022-05-15,2022,20,4
"Estado do Rio de Janeiro","influenza",2022-05-22,2022,21,5
"Estado do Rio de Janeiro","influenza",2022-05-29,2022,22,6
"Estado do Rio de Janeiro","influenza",2022-06-05,2022,23,0
"Estado do Rio de Janeiro","influenza",2022-06-12,2022,24,2
"Estado do Rio de Janeiro","influenza",2022-06-19,2022,25,3
"Estado do Rio de Janeiro","influenza",2022-06-26,2022,26,4
"Estado do Rio de Janeiro","influenza",2022-07-03,2022,27,2
"Estado do Rio de Janeiro","influenza",2022-07-10,2022,28,6
"Estado do Rio de Janeiro","influenza",2022-07-17,2022,29,3
"Estado do Rio de Janeiro","influenza",2022-07-24,2022,30,1
"Estado do Rio de Janeiro","influenza",2022-07-31,2022,31,2
"Estado do Rio de Janeiro","influenza",2022-08-07,2022,32,9
"Estado do Rio de Janeiro","influenza",2022-08-14,2022,33,3
"Estado do Rio de Janeiro","influenza",2022-08-21,2022,34,1
"Estado do Rio de Janeiro","influenza",2022-08-28,2022,35,3
"Estado do Rio de Janeiro","influenza",2022-09-04,2022,36,3
"Estado do Rio de Janeiro","influenza",2022-09-11,2022,37,2
"Estado do Rio de Janeiro","influenza",2022-09-18,2022,38,5
"Estado do Rio de Janeiro","influenza",2022-09-25,2022,39,5
"Estado do Rio de Janeiro","influenza",2022-10-02,2022,40,4
"Estado do Rio de Janeiro","influenza",2022-10-09,2022,41,8
"Estado do Rio de Janeiro","influenza",2022-10-16,2022,42,15
"Estado do Rio de Janeiro","influenza",2022-10-23,2022,43,18
"Estado do Rio de Janeiro","influenza",2022-10-30,2022,44,21
"Estado do Rio de Janeiro","influenza",2022-11-06,2022,45,10
"Estado do Rio de Janeiro","influenza",2022-11-13,2022,46,13
"Estado do Rio de Janeiro","influenza",2022-11-20,2022,47,6
"Estado do Rio de Janeiro","influenza",2022-11-27,2022,48,2
"Estado do Rio de Janeiro","influenza",2022-12-04,2022,49,4
"Estado do Rio de Janeiro","influenza",2022-12-11,2022,50,2
"Estado do Rio de Janeiro","influenza",2022-12-18,2022,51,4
"Estado do Rio de Janeiro","influenza",2022-12-25,2022,52,1
"Estado do Rio de Janeiro","influenza",2023-01-01,2023,1,2
"Estado do Rio de Janeiro","influenza",2023-01-08,2023,2,4
"Estado do Rio de Janeiro","influenza",2023-01-15,2023,3,4
"Estado do Rio de Janeiro","influenza",2023-01-22,2023,4,5
"Estado do Rio de Janeiro","influenza",2023-01-29,2023,5,0
"Estado do Rio de Janeiro","influenza",2023-02-05,2023,6,3
"Estado do Rio de Janeiro","influenza",2023-02-12,2023,7,2
"Estado do Rio de Janeiro","influenza",2023-02-19,2023,8,10
"Estado do Rio de Janeiro","influenza",2023-02-26,2023,9,6
"Estado do Rio de Janeiro","influenza",2023-03-05,2023,10,10
"Estado do Rio de Janeiro","influenza",2023-03-12,2023,11,17
"Estado do Rio de Janeiro","influenza",2023-03-19,2023,12,12
"Estado do Rio de Janeiro","influenza",2023-03-26,2023,13,15
"Estado do Rio de Janeiro","influenza",2023-04-02,2023,14,14
"Estado do Rio de Janeiro","influenza",2023-04-09,2023,15,14
"Estado do Rio de Janeiro","influenza",2023-04-16,2023,16,27
"Estado do Rio de Janeiro","influenza",2023-04-23,2023,17,47
"Estado do Rio de Janeiro","influenza",2023-04-30,2023,18,69
"Estado do Rio de Janeiro","influenza",2023-05-07,2023,19,57
"Estado do Rio de Janeiro","influenza",2023-05-14,2023,20,50
"Estado do Rio de Janeiro","influenza",2023-05-21,2023,21,42
"Estado do Rio de Janeiro","influenza",2023-05-28,2023,22,45
"Estado do Rio de Janeiro","influenza",2023-06-04,2023,23,27
"Estado do Rio de Janeiro","influenza",2023-06-11,2023,24,20
"Estado do Rio de Janeiro","influenza",2023-06-18,2023,25,13
"Estado do Rio de Janeiro","influenza",2023-06-25,2023,26,13
"Estado do Rio de Janeiro","influenza",2023-07-02,2023,27,21
"Estado do Rio de Janeiro","influenza",2023-07-09,2023,28,17
"Estado do Rio de Janeiro","influenza",2023-07-16,2023,29,10
"Estado do Rio de Janeiro","influenza",2023-07-23,2023,30,13
"Estado do Rio de Janeiro","influenza",2023-07-30,2023,31,7
"Estado do Rio de Janeiro","influenza",2023-08-06,2023,32,4
"Estado do Rio de Janeiro","influenza",2023-08-13,2023,33,5
"Estado do Rio de Janeiro","influenza",2023-08-20,2023,34,8
"Estado do Rio de Janeiro","influenza",2023-08-27,2023,35,2
"Estado do Rio de Janeiro","influenza",2023-09-03,2023,36,1
"Estado do Rio de Janeiro","influenza",2023-09-10,2023,37,5
"Estado do Rio de Janeiro","influenza",2023-09-17,2023,38,5
"Estado do Rio de Janeiro","influenza",2023-09-24,2023,39,2
"Estado do Rio de Janeiro","influenza",2023-10-01,2023,40,3
"Estado do Rio de Janeiro","influenza",2023-10-08,2023,41,3
"Estado do Rio de Janeiro","influenza",2023-10-15,2023,42,1
"Estado do Rio de Janeiro","influenza",2023-10-22,2023,43,4
"Estado do Rio de Janeiro","influenza",2023-10-29,2023,44,2
"Estado do Rio de Janeiro","influenza",2023-11-05,2023,45,2
"Estado do Rio de Janeiro","influenza",2023-11-12,2023,46,3
"Estado do Rio de Janeiro","influenza",2023-11-19,2023,47,3
"Estado do Rio de Janeiro","influenza",2023-11-26,2023,48,3
"Estado do Rio de Janeiro","influenza",2023-12-03,2023,49,2
"Estado do Rio de Janeiro","influenza",2023-12-10,2023,50,6
"Estado do Rio de Janeiro","influenza",2023-12-17,2023,51,9
"Estado do Rio de Janeiro","influenza",2023-12-24,2023,52,2
"Estado do Rio de Janeiro","influenza",2023-12-31,2024,1,5
"Estado do Rio de Janeiro","influenza",2024-01-07,2024,2,4
"Estado do Rio de Janeiro","influenza",2024-01-14,2024,3,11
"Estado do Rio de Janeiro","influenza",2024-01-21,2024,4,15
"Estado do Rio de Janeiro","influenza",2024-01-28,2024,5,28
"Estado do Rio de Janeiro","influenza",2024-02-04,2024,6,28
"Estado do Rio de Janeiro","influenza",2024-02-11,2024,7,30
"Estado do Rio de Janeiro","influenza",2024-02-18,2024,8,40
"Estado do Rio de Janeiro","influenza",2024-02-25,2024,9,54
"Estado do Rio de Janeiro","influenza",2024-03-03,2024,10,71
"Estado do Rio de Janeiro","influenza",2024-03-10,2024,11,53
"Estado do Rio de Janeiro","influenza",2024-03-17,2024,12,70
"Estado do Rio de Janeiro","influenza",2024-03-24,2024,13,35
"Estado do Rio de Janeiro","influenza",2024-03-31,2024,14,64
"Estado do Rio de Janeiro","influenza",2024-04-07,2024,15,62
"Estado do Rio de Janeiro","influenza",2024-04-14,2024,16,62
"Estado do Rio de Janeiro","influenza",2024-04-21,2024,17,72
"Estado do Rio de Janeiro","influenza",2024-04-28,2024,18,51
"Estado do Rio de Janeiro","influenza",2024-05-05,2024,19,35
"Estado do Rio de Janeiro","influenza",2024-05-12,2024,20,49
"Estado do Rio de Janeiro","influenza",2024-05-19,2024,21,39
"Estado do Rio de Janeiro","influenza",2024-05-26,2024,22,32
"Estado do Rio de Janeiro","influenza",2024-06-02,2024,23,32
"Estado do Rio de Janeiro","influenza",2024-06-09,2024,24,36
"Estado do Rio de Janeiro","influenza",2024-06-16,2024,25,27
"Estado do Rio de Janeiro","influenza",2024-06-23,2024,26,24
"Estado do Rio de Janeiro","influenza",2024-06-30,2024,27,36
"Estado do Rio de Janeiro","influenza",2024-07-07,2024,28,29
"Estado do Rio de Janeiro","influenza",2024-07-14,2024,29,25
"Estado do Rio de Janeiro","influenza",2024-07-21,2024,30,13
"Estado do Rio de Janeiro","influenza",2024-07-28,2024,31,20
"Estado do Rio de Janeiro","influenza",2024-08-04,2024,32,16
"Estado do Rio de Janeiro","influenza",2024-08-11,2024,33,20
"Estado do Rio de Janeiro","influenza",2024-08-18,2024,34,22
"Estado do Rio de Janeiro","influenza",2024-08-25,2024,35,22
"Estado do Rio de Janeiro","influenza",2024-09-01,2024,36,31
"Estado do Rio de Janeiro","influenza",2024-09-08,2024,37,25
"Estado do Rio de Janeiro","influenza",2024-09-15,2024,38,32
"Estado do Rio de Janeiro","influenza",2024-09-22,2024,39,27
"Estado do Rio de Janeiro","influenza",2024-09-29,2024,40,25
"Estado do Rio de Janeiro","influenza",2024-10-06,2024,41,31
"Estado do Rio de Janeiro","influenza",2024-10-13,2024,42,34
"Estado do Rio de Janeiro","influenza",2024-10-20,2024,43,40
"Estado do Rio de Janeiro","influenza",2024-10-27,2024,44,34
"Estado do Rio de Janeiro","influenza",2024-11-03,2024,45,32
"Estado do Rio de Janeiro","influenza",2024-11-10,2024,46,28
"Estado do Rio de Janeiro","influenza",2024-11-17,2024,47,30
"Estado do Rio de Janeiro","influenza",2024-11-24,2024,48,36
"Estado do Rio de Janeiro","influenza",2024-12-01,2024,49,24
"Estado do Rio de Janeiro","influenza",2024-12-08,2024,50,30
"Estado do Rio de Janeiro","influenza",2024-12-15,2024,51,19
"Estado do Rio de Janeiro","influenza",2024-12-22,2024,52,17
"Estado do Rio de Janeiro","influenza",2024-12-29,2025,1,24
"Estado do Rio de Janeiro","influenza",2025-01-05,2025,2,18
"Estado do Rio de Janeiro","influenza",2025-01-12,2025,3,11
"Estado do Rio de Janeiro","influenza",2025-01-19,2025,4,13
"Estado do Rio de Janeiro","influenza",2025-01-26,2025,5,15
"Estado do Rio de Janeiro","influenza",2025-02-02,2025,6,5
"Estado do Rio de Janeiro","influenza",2025-02-09,2025,7,9
"Estado do Rio de Janeiro","influenza",2025-02-16,2025,8,7
"Estado do Rio de Janeiro","influenza",2025-02-23,2025,9,5
"Estado do Rio de Janeiro","influenza",2025-03-02,2025,10,4
"Estado do Rio de Janeiro","influenza",2025-03-09,2025,11,14
"Estado do Rio de Janeiro","influenza",2025-03-16,2025,12,13
"Estado do Rio de Janeiro","influenza",2025-03-23,2025,13,24
"Estado do Rio de Janeiro","influenza",2025-03-30,2025,14,28
"Estado do Rio de Janeiro","influenza",2025-04-06,2025,15,31
"Estado do Rio de Janeiro","influenza",2025-04-13,2025,16,67
"Estado do Rio de Janeiro","influenza",2025-04-20,2025,17,95
"Estado do Rio de Janeiro","influenza",2025-04-27,2025,18,136
"Estado do Rio de Janeiro","influenza",2025-05-04,2025,19,177
"Estado do Rio de Janeiro","influenza",2025-05-11,2025,20,248
"Estado do Rio de Janeiro","influenza",2025-05-18,2025,21,293
"Estado do Rio de Janeiro","influenza",2025-05-25,2025,22,225
"Estado do Rio de Janeiro","influenza",2025-06-01,2025,23,202
"Estado do Rio de Janeiro","influenza",2025-06-08,2025,24,122
"Estado do Rio de Janeiro","influenza",2025-06-15,2025,25,83
"Estado do Rio de Janeiro","influenza",2025-06-22,2025,26,50
"Estado do Rio de Janeiro","influenza",2025-06-29,2025,27,49
"Estado do Rio de Janeiro","influenza",2025-07-06,2025,28,42
"Estado do Rio de Janeiro","influenza",2025-07-13,2025,29,31
"Estado do Rio de Janeiro","influenza",2025-07-20,2025,30,16
"Estado do Rio de Janeiro","influenza",2025-07-27,2025,31,12
"Estado do Rio de Janeiro","influenza",2025-08-03,2025,32,11
"Estado do Rio de Janeiro","influenza",2025-08-10,2025,33,13
"Estado do Rio de Janeiro","influenza",2025-08-17,2025,34,18
"Estado do Rio de Janeiro","influenza",2025-08-24,2025,35,25
"Estado do Rio de Janeiro","influenza",2025-08-31,2025,36,26
"Estado do Rio de Janeiro","influenza",2025-09-07,2025,37,16
"Estado do Rio de Janeiro","influenza",2025-09-14,2025,38,32
"Estado do Rio de Janeiro","influenza",2025-09-21,2025,39,37
"Estado do Rio de Janeiro","influenza",2025-09-28,2025,40,50
"Estado do Rio de Janeiro","influenza",2025-10-05,2025,41,33
"Estado do Rio de Janeiro","influenza",2025-10-12,2025,42,49
"Estado do Rio de Janeiro","influenza",2025-10-19,2025,43,51
"Estado do Rio de Janeiro","influenza",2025-10-26,2025,44,51
"Estado do Rio de Janeiro","influenza",2025-11-02,2025,45,39
"Estado do Rio de Janeiro","influenza",2025-11-09,2025,46,46
"Estado do Rio de Janeiro","influenza",2025-11-16,2025,47,41
"Estado do Rio de Janeiro","influenza",2025-11-23,2025,48,33
"Estado do Rio de Janeiro","influenza",2025-11-30,2025,49,39
"Estado do Rio de Janeiro","influenza",2025-12-07,2025,50,24
"Estado do Rio de Janeiro","influenza",2025-12-14,2025,51,25
"Estado do Rio de Janeiro","influenza",2025-12-21,2025,52,19
"Estado do Rio de Janeiro","influenza",2025-12-28,2025,53,7
"Estado do Rio de Janeiro","vsr",2022-01-02,2022,1,5
"Estado do Rio de Janeiro","vsr",2022-01-09,2022,2,7
"Estado do Rio de Janeiro","vsr",2022-01-16,2022,3,7
"Estado do Rio de Janeiro","vsr",2022-01-23,2022,4,4
"Estado do Rio de Janeiro","vsr",2022-01-30,2022,5,2
"Estado do Rio de Janeiro","vsr",2022-02-06,2022,6,5
"Estado do Rio de Janeiro","vsr",2022-02-13,2022,7,7
"Estado do Rio de Janeiro","vsr",2022-02-20,2022,8,14
"Estado do Rio de Janeiro","vsr",2022-02-27,2022,9,15
"Estado do Rio de Janeiro","vsr",2022-03-06,2022,10,24
"Estado do Rio de Janeiro","vsr",2022-03-13,2022,11,25
"Estado do Rio de Janeiro","vsr",2022-03-20,2022,12,51
"Estado do Rio de Janeiro","vsr",2022-03-27,2022,13,56
"Estado do Rio de Janeiro","vsr",2022-04-03,2022,14,72
"Estado do Rio de Janeiro","vsr",2022-04-10,2022,15,86
"Estado do Rio de Janeiro","vsr",2022-04-17,2022,16,91
"Estado do Rio de Janeiro","vsr",2022-04-24,2022,17,75
"Estado do Rio de Janeiro","vsr",2022-05-01,2022,18,105
"Estado do Rio de Janeiro","vsr",2022-05-08,2022,19,93
"Estado do Rio de Janeiro","vsr",2022-05-15,2022,20,98
"Estado do Rio de Janeiro","vsr",2022-05-22,2022,21,73
"Estado do Rio de Janeiro","vsr",2022-05-29,2022,22,48
"Estado do Rio de Janeiro","vsr",2022-06-05,2022,23,46
"Estado do Rio de Janeiro","vsr",2022-06-12,2022,24,47
"Estado do Rio de Janeiro","vsr",2022-06-19,2022,25,28
"Estado do Rio de Janeiro","vsr",2022-06-26,2022,26,20
"Estado do Rio de Janeiro","vsr",2022-07-03,2022,27,12
"Estado do Rio de Janeiro","vsr",2022-07-10,2022,28,12
"Estado do Rio de Janeiro","vsr",2022-07-17,2022,29,3
"Estado do Rio de Janeiro","vsr",2022-07-24,2022,30,1
"Estado do Rio de Janeiro","vsr",2022-07-31,2022,31,2
"Estado do Rio de Janeiro","vsr",2022-08-07,2022,32,2
"Estado do Rio de Janeiro","vsr",2022-08-14,2022,33,2
"Estado do Rio de Janeiro","vsr",2022-08-21,2022,34,4
"Estado do Rio de Janeiro","vsr",2022-08-28,2022,35,2
"Estado do Rio de Janeiro","vsr",2022-09-04,2022,36,0
"Estado do Rio de Janeiro","vsr",2022-09-11,2022,37,2
"Estado do Rio de Janeiro","vsr",2022-09-18,2022,38,1
"Estado do Rio de Janeiro","vsr",2022-09-25,2022,39,0
"Estado do Rio de Janeiro","vsr",2022-10-02,2022,40,0
"Estado do Rio de Janeiro","vsr",2022-10-09,2022,41,1
"Estado do Rio de Janeiro","vsr",2022-10-16,2022,42,2
"Estado do Rio de Janeiro","vsr",2022-10-23,2022,43,0
"Estado do Rio de Janeiro","vsr",2022-10-30,2022,44,2
"Estado do Rio de Janeiro","vsr",2022-11-06,2022,45,0
"Estado do Rio de Janeiro","vsr",2022-11-13,2022,46,4
"Estado do Rio de Janeiro","vsr",2022-11-20,2022,47,0
"Estado do Rio de Janeiro","vsr",2022-11-27,2022,48,0
"Estado do Rio de Janeiro","vsr",2022-12-04,2022,49,2
"Estado do Rio de Janeiro","vsr",2022-12-11,2022,50,2
"Estado do Rio de Janeiro","vsr",2022-12-18,2022,51,6
"Estado do Rio de Janeiro","vsr",2022-12-25,2022,52,3
"Estado do Rio de Janeiro","vsr",2023-01-01,2023,1,3
"Estado do Rio de Janeiro","vsr",2023-01-08,2023,2,7
"Estado do Rio de Janeiro","vsr",2023-01-15,2023,3,7
"Estado do Rio de Janeiro","vsr",2023-01-22,2023,4,11
"Estado do Rio de Janeiro","vsr",2023-01-29,2023,5,5
"Estado do Rio de Janeiro","vsr",2023-02-05,2023,6,4
"Estado do Rio de Janeiro","vsr",2023-02-12,2023,7,11
"Estado do Rio de Janeiro","vsr",2023-02-19,2023,8,22
"Estado do Rio de Janeiro","vsr",2023-02-26,2023,9,21
"Estado do Rio de Janeiro","vsr",2023-03-05,2023,10,26
"Estado do Rio de Janeiro","vsr",2023-03-12,2023,11,47
"Estado do Rio de Janeiro","vsr",2023-03-19,2023,12,72
"Estado do Rio de Janeiro","vsr",2023-03-26,2023,13,73
"Estado do Rio de Janeiro","vsr",2023-04-02,2023,14,95
"Estado do Rio de Janeiro","vsr",2023-04-09,2023,15,90
"Estado do Rio de Janeiro","vsr",2023-04-16,2023,16,49
"Estado do Rio de Janeiro","vsr",2023-04-23,2023,17,42
"Estado do Rio de Janeiro","vsr",2023-04-30,2023,18,64
"Estado do Rio de Janeiro","vsr",2023-05-07,2023,19,58
"Estado do Rio de Janeiro","vsr",2023-05-14,2023,20,40
"Estado do Rio de Janeiro","vsr",2023-05-21,2023,21,24
"Estado do Rio de Janeiro","vsr",2023-05-28,2023,22,21
"Estado do Rio de Janeiro","vsr",2023-06-04,2023,23,23
"Estado do Rio de Janeiro","vsr",2023-06-11,2023,24,20
"Estado do Rio de Janeiro","vsr",2023-06-18,2023,25,14
"Estado do Rio de Janeiro","vsr",2023-06-25,2023,26,5
"Estado do Rio de Janeiro","vsr",2023-07-02,2023,27,11
"Estado do Rio de Janeiro","vsr",2023-07-09,2023,28,9
"Estado do Rio de Janeiro","vsr",2023-07-16,2023,29,7
"Estado do Rio de Janeiro","vsr",2023-07-23,2023,30,6
"Estado do Rio de Janeiro","vsr",2023-07-30,2023,31,3
"Estado do Rio de Janeiro","vsr",2023-08-06,2023,32,5
"Estado do Rio de Janeiro","vsr",2023-08-13,2023,33,2
"Estado do Rio de Janeiro","vsr",2023-08-20,2023,34,3
"Estado do Rio de Janeiro","vsr",2023-08-27,2023,35,1
"Estado do Rio de Janeiro","vsr",2023-09-03,2023,36,2
"Estado do Rio de Janeiro","vsr",2023-09-10,2023,37,1
"Estado do Rio de Janeiro","vsr",2023-09-17,2023,38,1
"Estado do Rio de Janeiro","vsr",2023-09-24,2023,39,1
"Estado do Rio de Janeiro","vsr",2023-10-01,2023,40,1
"Estado do Rio de Janeiro","vsr",2023-10-08,2023,41,1
"Estado do Rio de Janeiro","vsr",2023-10-15,2023,42,1
"Estado do Rio de Janeiro","vsr",2023-10-22,2023,43,0
"Estado do Rio de Janeiro","vsr",2023-10-29,2023,44,1
"Estado do Rio de Janeiro","vsr",2023-11-05,2023,45,1
"Estado do Rio de Janeiro","vsr",2023-11-12,2023,46,1
"Estado do Rio de Janeiro","vsr",2023-11-19,2023,47,1
"Estado do Rio de Janeiro","vsr",2023-11-26,2023,48,3
"Estado do Rio de Janeiro","vsr",2023-12-03,2023,49,1
"Estado do Rio de Janeiro","vsr",2023-12-10,2023,50,0
"Estado do Rio de Janeiro","vsr",2023-12-17,2023,51,1
"Estado do Rio de Janeiro","vsr",2023-12-24,2023,52,3
"Estado do Rio de Janeiro","vsr",2023-12-31,2024,1,1
"Estado do Rio de Janeiro","vsr",2024-01-07,2024,2,0
"Estado do Rio de Janeiro","vsr",2024-01-14,2024,3,0
"Estado do Rio de Janeiro","vsr",2024-01-21,2024,4,2
"Estado do Rio de Janeiro","vsr",2024-01-28,2024,5,2
"Estado do Rio de Janeiro","vsr",2024-02-04,2024,6,5
"Estado do Rio de Janeiro","vsr",2024-02-11,2024,7,4
"Estado do Rio de Janeiro","vsr",2024-02-18,2024,8,6
"Estado do Rio de Janeiro","vsr",2024-02-25,2024,9,16
"Estado do Rio de Janeiro","vsr",2024-03-03,2024,10,17
"Estado do Rio de Janeiro","vsr",2024-03-10,2024,11,25
"Estado do Rio de Janeiro","vsr",2024-03-17,2024,12,37
"Estado do Rio de Janeiro","vsr",2024-03-24,2024,13,37
"Estado do Rio de Janeiro","vsr",2024-03-31,2024,14,69
"Estado do Rio de Janeiro","vsr",2024-04-07,2024,15,91
"Estado do Rio de Janeiro","vsr",2024-04-14,2024,16,127
"Estado do Rio de Janeiro","vsr",2024-04-21,2024,17,118
"Estado do Rio de Janeiro","vsr",2024-04-28,2024,18,131
"Estado do Rio de Janeiro","vsr",2024-05-05,2024,19,123
"Estado do Rio de Janeiro","vsr",2024-05-12,2024,20,136
"Estado do Rio de Janeiro","vsr",2024-05-19,2024,21,118
"Estado do Rio de Janeiro","vsr",2024-05-26,2024,22,129
"Estado do Rio de Janeiro","vsr",2024-06-02,2024,23,117
"Estado do Rio de Janeiro","vsr",2024-06-09,2024,24,126
"Estado do Rio de Janeiro","vsr",2024-06-16,2024,25,73
"Estado do Rio de Janeiro","vsr",2024-06-23,2024,26,89
"Estado do Rio de Janeiro","vsr",2024-06-30,2024,27,69
"Estado do Rio de Janeiro","vsr",2024-07-07,2024,28,77
"Estado do Rio de Janeiro","vsr",2024-07-14,2024,29,58
"Estado do Rio de Janeiro","vsr",2024-07-21,2024,30,41
"Estado do Rio de Janeiro","vsr",2024-07-28,2024,31,19
"Estado do Rio de Janeiro","vsr",2024-08-04,2024,32,24
"Estado do Rio de Janeiro","vsr",2024-08-11,2024,33,20
"Estado do Rio de Janeiro","vsr",2024-08-18,2024,34,17
"Estado do Rio de Janeiro","vsr",2024-08-25,2024,35,13
"Estado do Rio de Janeiro","vsr",2024-09-01,2024,36,10
"Estado do Rio de Janeiro","vsr",2024-09-08,2024,37,10
"Estado do Rio de Janeiro","vsr",2024-09-15,2024,38,15
"Estado do Rio de Janeiro","vsr",2024-09-22,2024,39,10
"Estado do Rio de Janeiro","vsr",2024-09-29,2024,40,2
"Estado do Rio de Janeiro","vsr",2024-10-06,2024,41,6
"Estado do Rio de Janeiro","vsr",2024-10-13,2024,42,7
"Estado do Rio de Janeiro","vsr",2024-10-20,2024,43,7
"Estado do Rio de Janeiro","vsr",2024-10-27,2024,44,7
"Estado do Rio de Janeiro","vsr",2024-11-03,2024,45,5
"Estado do Rio de Janeiro","vsr",2024-11-10,2024,46,4
"Estado do Rio de Janeiro","vsr",2024-11-17,2024,47,2
"Estado do Rio de Janeiro","vsr",2024-11-24,2024,48,3
"Estado do Rio de Janeiro","vsr",2024-12-01,2024,49,3
"Estado do Rio de Janeiro","vsr",2024-12-08,2024,50,4
"Estado do Rio de Janeiro","vsr",2024-12-15,2024,51,2
"Estado do Rio de Janeiro","vsr",2024-12-22,2024,52,3
"Estado do Rio de Janeiro","vsr",2024-12-29,2025,1,4
"Estado do Rio de Janeiro","vsr",2025-01-05,2025,2,5
"Estado do Rio de Janeiro","vsr",2025-01-12,2025,3,12
"Estado do Rio de Janeiro","vsr",2025-01-19,2025,4,5
"Estado do Rio de Janeiro","vsr",2025-01-26,2025,5,4
"Estado do Rio de Janeiro","vsr",2025-02-02,2025,6,3
"Estado do Rio de Janeiro","vsr",2025-02-09,2025,7,12
"Estado do Rio de Janeiro","vsr",2025-02-16,2025,8,12
"Estado do Rio de Janeiro","vsr",2025-02-23,2025,9,14
"Estado do Rio de Janeiro","vsr",2025-03-02,2025,10,20
"Estado do Rio de Janeiro","vsr",2025-03-09,2025,11,25
"Estado do Rio de Janeiro","vsr",2025-03-16,2025,12,44
"Estado do Rio de Janeiro","vsr",2025-03-23,2025,13,60
"Estado do Rio de Janeiro","vsr",2025-03-30,2025,14,88
"Estado do Rio de Janeiro","vsr",2025-04-06,2025,15,134
"Estado do Rio de Janeiro","vsr",2025-04-13,2025,16,134
"Estado do Rio de Janeiro","vsr",2025-04-20,2025,17,202
"Estado do Rio de Janeiro","vsr",2025-04-27,2025,18,234
"Estado do Rio de Janeiro","vsr",2025-05-04,2025,19,269
"Estado do Rio de Janeiro","vsr",2025-05-11,2025,20,340
"Estado do Rio de Janeiro","vsr",2025-05-18,2025,21,339
"Estado do Rio de Janeiro","vsr",2025-05-25,2025,22,293
"Estado do Rio de Janeiro","vsr",2025-06-01,2025,23,274
"Estado do Rio de Janeiro","vsr",2025-06-08,2025,24,233
"Estado do Rio de Janeiro","vsr",2025-06-15,2025,25,251
"Estado do Rio de Janeiro","vsr",2025-06-22,2025,26,182
"Estado do Rio de Janeiro","vsr",2025-06-29,2025,27,119
"Estado do Rio de Janeiro","vsr",2025-07-06,2025,28,104
"Estado do Rio de Janeiro","vsr",2025-07-13,2025,29,107
"Estado do Rio de Janeiro","vsr",2025-07-20,2025,30,87
"Estado do Rio de Janeiro","vsr",2025-07-27,2025,31,44
"Estado do Rio de Janeiro","vsr",2025-08-03,2025,32,41
"Estado do Rio de Janeiro","vsr",2025-08-10,2025,33,22
"Estado do Rio de Janeiro","vsr",2025-08-17,2025,34,26
"Estado do Rio de Janeiro","vsr",2025-08-24,2025,35,9
"Estado do Rio de Janeiro","vsr",2025-08-31,2025,36,8
"Estado do Rio de Janeiro","vsr",2025-09-07,2025,37,8
"Estado do Rio de Janeiro","vsr",2025-09-14,2025,38,14
"Estado do Rio de Janeiro","vsr",2025-09-21,2025,39,1
"Estado do Rio de Janeiro","vsr",2025-09-28,2025,40,3
"Estado do Rio de Janeiro","vsr",2025-10-05,2025,41,7
"Estado do Rio de Janeiro","vsr",2025-10-12,2025,42,2
"Estado do Rio de Janeiro","vsr",2025-10-19,2025,43,4
"Estado do Rio de Janeiro","vsr",2025-10-26,2025,44,2
"Estado do Rio de Janeiro","vsr",2025-11-02,2025,45,2
"Estado do Rio de Janeiro","vsr",2025-11-09,2025,46,1
"Estado do Rio de Janeiro","vsr",2025-11-16,2025,47,3
"Estado do Rio de Janeiro","vsr",2025-11-23,2025,48,1
"Estado do Rio de Janeiro","vsr",2025-11-30,2025,49,2
"Estado do Rio de Janeiro","vsr",2025-12-07,2025,50,1
"Estado do Rio de Janeiro","vsr",2025-12-14,2025,51,0
"Estado do Rio de Janeiro","vsr",2025-12-21,2025,52,1
"Estado do Rio de Janeiro","vsr",2025-12-28,2025,53,0
"Baía da Ilha Grande","sarscov2",2022-01-02,2022,1,10
"Baía da Ilha Grande","sarscov2",2022-01-09,2022,2,42
"Baía da Ilha Grande","sarscov2",2022-01-16,2022,3,30
"Baía da Ilha Grande","sarscov2",2022-01-23,2022,4,7
"Baía da Ilha Grande","sarscov2",2022-01-30,2022,5,13
"Baía da Ilha Grande","sarscov2",2022-02-06,2022,6,2
"Baía da Ilha Grande","sarscov2",2022-02-13,2022,7,1
"Baía da Ilha Grande","sarscov2",2022-02-20,2022,8,1
"Baía da Ilha Grande","sarscov2",2022-02-27,2022,9,0
"Baía da Ilha Grande","sarscov2",2022-03-06,2022,10,0
"Baía da Ilha Grande","sarscov2",2022-03-13,2022,11,0
"Baía da Ilha Grande","sarscov2",2022-03-20,2022,12,0
"Baía da Ilha Grande","sarscov2",2022-03-27,2022,13,0
"Baía da Ilha Grande","sarscov2",2022-04-03,2022,14,0
"Baía da Ilha Grande","sarscov2",2022-04-10,2022,15,0
"Baía da Ilha Grande","sarscov2",2022-04-17,2022,16,0
"Baía da Ilha Grande","sarscov2",2022-04-24,2022,17,1
"Baía da Ilha Grande","sarscov2",2022-05-01,2022,18,0
"Baía da Ilha Grande","sarscov2",2022-05-08,2022,19,0
"Baía da Ilha Grande","sarscov2",2022-05-15,2022,20,1
"Baía da Ilha Grande","sarscov2",2022-05-22,2022,21,1
"Baía da Ilha Grande","sarscov2",2022-05-29,2022,22,2
"Baía da Ilha Grande","sarscov2",2022-06-05,2022,23,5
"Baía da Ilha Grande","sarscov2",2022-06-12,2022,24,4
"Baía da Ilha Grande","sarscov2",2022-06-19,2022,25,10
"Baía da Ilha Grande","sarscov2",2022-06-26,2022,26,7
"Baía da Ilha Grande","sarscov2",2022-07-03,2022,27,5
"Baía da Ilha Grande","sarscov2",2022-07-10,2022,28,4
"Baía da Ilha Grande","sarscov2",2022-07-17,2022,29,7
"Baía da Ilha Grande","sarscov2",2022-07-24,2022,30,0
"Baía da Ilha Grande","sarscov2",2022-07-31,2022,31,1
"Baía da Ilha Grande","sarscov2",2022-08-07,2022,32,0
"Baía da Ilha Grande","sarscov2",2022-08-14,2022,33,0
"Baía da Ilha Grande","sarscov2",2022-08-21,2022,34,0
"Baía da Ilha Grande","sarscov2",2022-08-28,2022,35,0
"Baía da Ilha Grande","sarscov2",2022-09-04,2022,36,0
"Baía da Ilha Grande","sarscov2",2022-09-11,2022,37,0
"Baía da Ilha Grande","sarscov2",2022-09-18,2022,38,0
"Baía da Ilha Grande","sarscov2",2022-09-25,2022,39,0
"Baía da Ilha Grande","sarscov2",2022-10-02,2022,40,0
"Baía da Ilha Grande","sarscov2",2022-10-09,2022,41,0
"Baía da Ilha Grande","sarscov2",2022-10-16,2022,42,0
"Baía da Ilha Grande","sarscov2",2022-10-23,2022,43,0
"Baía da Ilha Grande","sarscov2",2022-10-30,2022,44,3
"Baía da Ilha Grande","sarscov2",2022-11-06,2022,45,2
"Baía da Ilha Grande","sarscov2",2022-11-13,2022,46,9
"Baía da Ilha Grande","sarscov2",2022-11-20,2022,47,10
"Baía da Ilha Grande","sarscov2",2022-11-27,2022,48,5
"Baía da Ilha Grande","sarscov2",2022-12-04,2022,49,0
"Baía da Ilha Grande","sarscov2",2022-12-11,2022,50,0
"Baía da Ilha Grande","sarscov2",2022-12-18,2022,51,1
"Baía da Ilha Grande","sarscov2",2022-12-25,2022,52,0
"Baía da Ilha Grande","sarscov2",2023-01-01,2023,1,1
"Baía da Ilha Grande","sarscov2",2023-01-08,2023,2,0
"Baía da Ilha Grande","sarscov2",2023-01-15,2023,3,0
"Baía da Ilha Grande","sarscov2",2023-01-22,2023,4,1
"Baía da Ilha Grande","sarscov2",2023-01-29,2023,5,0
"Baía da Ilha Grande","sarscov2",2023-02-05,2023,6,0
"Baía da Ilha Grande","sarscov2",2023-02-12,2023,7,0
"Baía da Ilha Grande","sarscov2",2023-02-19,2023,8,1
"Baía da Ilha Grande","sarscov2",2023-02-26,2023,9,0
"Baía da Ilha Grande","sarscov2",2023-03-05,2023,10,2
"Baía da Ilha Grande","sarscov2",2023-03-12,2023,11,1
"Baía da Ilha Grande","sarscov2",2023-03-19,2023,12,2
"Baía da Ilha Grande","sarscov2",2023-03-26,2023,13,1
"Baía da Ilha Grande","sarscov2",2023-04-02,2023,14,0
"Baía da Ilha Grande","sarscov2",2023-04-09,2023,15,1
"Baía da Ilha Grande","sarscov2",2023-04-16,2023,16,1
"Baía da Ilha Grande","sarscov2",2023-04-23,2023,17,0
"Baía da Ilha Grande","sarscov2",2023-04-30,2023,18,2
"Baía da Ilha Grande","sarscov2",2023-05-07,2023,19,0
"Baía da Ilha Grande","sarscov2",2023-05-14,2023,20,0
"Baía da Ilha Grande","sarscov2",2023-05-21,2023,21,0
"Baía da Ilha Grande","sarscov2",2023-05-28,2023,22,0
"Baía da Ilha Grande","sarscov2",2023-06-04,2023,23,0
"Baía da Ilha Grande","sarscov2",2023-06-11,2023,24,0
"Baía da Ilha Grande","sarscov2",2023-06-18,2023,25,0
"Baía da Ilha Grande","sarscov2",2023-06-25,2023,26,0
"Baía da Ilha Grande","sarscov2",2023-07-02,2023,27,0
"Baía da Ilha Grande","sarscov2",2023-07-09,2023,28,0
"Baía da Ilha Grande","sarscov2",2023-07-16,2023,29,0
"Baía da Ilha Grande","sarscov2",2023-07-23,2023,30,0
"Baía da Ilha Grande","sarscov2",2023-07-30,2023,31,0
"Baía da Ilha Grande","sarscov2",2023-08-06,2023,32,0
"Baía da Ilha Grande","sarscov2",2023-08-13,2023,33,0
"Baía da Ilha Grande","sarscov2",2023-08-20,2023,34,0
"Baía da Ilha Grande","sarscov2",2023-08-27,2023,35,1
"Baía da Ilha Grande","sarscov2",2023-09-03,2023,36,1
"Baía da Ilha Grande","sarscov2",2023-09-10,2023,37,1
"Baía da Ilha Grande","sarscov2",2023-09-17,2023,38,4
"Baía da Ilha Grande","sarscov2",2023-09-24,2023,39,2
"Baía da Ilha Grande","sarscov2",2023-10-01,2023,40,6
"Baía da Ilha Grande","sarscov2",2023-10-08,2023,41,4
"Baía da Ilha Grande","sarscov2",2023-10-15,2023,42,3
"Baía da Ilha Grande","sarscov2",2023-10-22,2023,43,1
"Baía da Ilha Grande","sarscov2",2023-10-29,2023,44,2
"Baía da Ilha Grande","sarscov2",2023-11-05,2023,45,0
"Baía da Ilha Grande","sarscov2",2023-11-12,2023,46,0
"Baía da Ilha Grande","sarscov2",2023-11-19,2023,47,0
"Baía da Ilha Grande","sarscov2",2023-11-26,2023,48,0
"Baía da Ilha Grande","sarscov2",2023-12-03,2023,49,0
"Baía da Ilha Grande","sarscov2",2023-12-10,2023,50,0
"Baía da Ilha Grande","sarscov2",2023-12-17,2023,51,0
"Baía da Ilha Grande","sarscov2",2023-12-24,2023,52,0
"Baía da Ilha Grande","sarscov2",2023-12-31,2024,1,0
"Baía da Ilha Grande","sarscov2",2024-01-07,2024,2,0
"Baía da Ilha Grande","sarscov2",2024-01-14,2024,3,0
"Baía da Ilha Grande","sarscov2",2024-01-21,2024,4,0
"Baía da Ilha Grande","sarscov2",2024-01-28,2024,5,0
"Baía da Ilha Grande","sarscov2",2024-02-04,2024,6,3
"Baía da Ilha Grande","sarscov2",2024-02-11,2024,7,1
"Baía da Ilha Grande","sarscov2",2024-02-18,2024,8,0
"Baía da Ilha Grande","sarscov2",2024-02-25,2024,9,2
"Baía da Ilha Grande","sarscov2",2024-03-03,2024,10,1
"Baía da Ilha Grande","sarscov2",2024-03-10,2024,11,1
"Baía da Ilha Grande","sarscov2",2024-03-17,2024,12,1
"Baía da Ilha Grande","sarscov2",2024-03-24,2024,13,0
"Baía da Ilha Grande","sarscov2",2024-03-31,2024,14,0
"Baía da Ilha Grande","sarscov2",2024-04-07,2024,15,0
"Baía da Ilha Grande","sarscov2",2024-04-14,2024,16,0
"Baía da Ilha Grande","sarscov2",2024-04-21,2024,17,0
"Baía da Ilha Grande","sarscov2",2024-04-28,2024,18,0
"Baía da Ilha Grande","sarscov2",2024-05-05,2024,19,0
"Baía da Ilha Grande","sarscov2",2024-05-12,2024,20,0
"Baía da Ilha Grande","sarscov2",2024-05-19,2024,21,0
"Baía da Ilha Grande","sarscov2",2024-05-26,2024,22,0
"Baía da Ilha Grande","sarscov2",2024-06-02,2024,23,0
"Baía da Ilha Grande","sarscov2",2024-06-09,2024,24,0
"Baía da Ilha Grande","sarscov2",2024-06-16,2024,25,0
"Baía da Ilha Grande","sarscov2",2024-06-23,2024,26,0
"Baía da Ilha Grande","sarscov2",2024-06-30,2024,27,0
"Baía da Ilha Grande","sarscov2",2024-07-07,2024,28,0
"Baía da Ilha Grande","sarscov2",2024-07-14,2024,29,0
"Baía da Ilha Grande","sarscov2",2024-07-21,2024,30,1
"Baía da Ilha Grande","sarscov2",2024-07-28,2024,31,1
"Baía da Ilha Grande","sarscov2",2024-08-04,2024,32,1
"Baía da Ilha Grande","sarscov2",2024-08-11,2024,33,0
"Baía da Ilha Grande","sarscov2",2024-08-18,2024,34,0
"Baía da Ilha Grande","sarscov2",2024-08-25,2024,35,0
"Baía da Ilha Grande","sarscov2",2024-09-01,2024,36,0
"Baía da Ilha Grande","sarscov2",2024-09-08,2024,37,1
"Baía da Ilha Grande","sarscov2",2024-09-15,2024,38,0
"Baía da Ilha Grande","sarscov2",2024-09-22,2024,39,1
"Baía da Ilha Grande","sarscov2",2024-09-29,2024,40,0
"Baía da Ilha Grande","sarscov2",2024-10-06,2024,41,1
"Baía da Ilha Grande","sarscov2",2024-10-13,2024,42,2
"Baía da Ilha Grande","sarscov2",2024-10-20,2024,43,0
"Baía da Ilha Grande","sarscov2",2024-10-27,2024,44,0
"Baía da Ilha Grande","sarscov2",2024-11-03,2024,45,1
"Baía da Ilha Grande","sarscov2",2024-11-10,2024,46,0
"Baía da Ilha Grande","sarscov2",2024-11-17,2024,47,1
"Baía da Ilha Grande","sarscov2",2024-11-24,2024,48,2
"Baía da Ilha Grande","sarscov2",2024-12-01,2024,49,1
"Baía da Ilha Grande","sarscov2",2024-12-08,2024,50,2
"Baía da Ilha Grande","sarscov2",2024-12-15,2024,51,5
"Baía da Ilha Grande","sarscov2",2024-12-22,2024,52,0
"Baía da Ilha Grande","sarscov2",2024-12-29,2025,1,4
"Baía da Ilha Grande","sarscov2",2025-01-05,2025,2,0
"Baía da Ilha Grande","sarscov2",2025-01-12,2025,3,0
"Baía da Ilha Grande","sarscov2",2025-01-19,2025,4,0
"Baía da Ilha Grande","sarscov2",2025-01-26,2025,5,0
"Baía da Ilha Grande","sarscov2",2025-02-02,2025,6,0
"Baía da Ilha Grande","sarscov2",2025-02-09,2025,7,1
"Baía da Ilha Grande","sarscov2",2025-02-16,2025,8,0
"Baía da Ilha Grande","sarscov2",2025-02-23,2025,9,1
"Baía da Ilha Grande","sarscov2",2025-03-02,2025,10,0
"Baía da Ilha Grande","sarscov2",2025-03-09,2025,11,0
"Baía da Ilha Grande","sarscov2",2025-03-16,2025,12,0
"Baía da Ilha Grande","sarscov2",2025-03-23,2025,13,0
"Baía da Ilha Grande","sarscov2",2025-03-30,2025,14,0
"Baía da Ilha Grande","sarscov2",2025-04-06,2025,15,0
"Baía da Ilha Grande","sarscov2",2025-04-13,2025,16,1
"Baía da Ilha Grande","sarscov2",2025-04-20,2025,17,0
"Baía da Ilha Grande","sarscov2",2025-04-27,2025,18,0
"Baía da Ilha Grande","sarscov2",2025-05-04,2025,19,0
"Baía da Ilha Grande","sarscov2",2025-05-11,2025,20,0
"Baía da Ilha Grande","sarscov2",2025-05-18,2025,21,1
"Baía da Ilha Grande","sarscov2",2025-05-25,2025,22,0
"Baía da Ilha Grande","sarscov2",2025-06-01,2025,23,1
"Baía da Ilha Grande","sarscov2",2025-06-08,2025,24,2
"Baía da Ilha Grande","sarscov2",2025-06-15,2025,25,1
"Baía da Ilha Grande","sarscov2",2025-06-22,2025,26,0
"Baía da Ilha Grande","sarscov2",2025-06-29,2025,27,0
"Baía da Ilha Grande","sarscov2",2025-07-06,2025,28,1
"Baía da Ilha Grande","sarscov2",2025-07-13,2025,29,0
"Baía da Ilha Grande","sarscov2",2025-07-20,2025,30,0
"Baía da Ilha Grande","sarscov2",2025-07-27,2025,31,0
"Baía da Ilha Grande","sarscov2",2025-08-03,2025,32,0
"Baía da Ilha Grande","sarscov2",2025-08-10,2025,33,2
"Baía da Ilha Grande","sarscov2",2025-08-17,2025,34,0
"Baía da Ilha Grande","sarscov2",2025-08-24,2025,35,0
"Baía da Ilha Grande","sarscov2",2025-08-31,2025,36,2
"Baía da Ilha Grande","sarscov2",2025-09-07,2025,37,0
"Baía da Ilha Grande","sarscov2",2025-09-14,2025,38,0
"Baía da Ilha Grande","sarscov2",2025-09-21,2025,39,0
"Baía da Ilha Grande","sarscov2",2025-09-28,2025,40,0
"Baía da Ilha Grande","sarscov2",2025-10-05,2025,41,0
"Baía da Ilha Grande","sarscov2",2025-10-12,2025,42,0
"Baía da Ilha Grande","sarscov2",2025-10-19,2025,43,0
"Baía da Ilha Grande","sarscov2",2025-10-26,2025,44,0
"Baía da Ilha Grande","sarscov2",2025-11-02,2025,45,0
"Baía da Ilha Grande","sarscov2",2025-11-09,2025,46,1
"Baía da Ilha Grande","sarscov2",2025-11-16,2025,47,0
"Baía da Ilha Grande","sarscov2",2025-11-23,2025,48,0
"Baía da Ilha Grande","sarscov2",2025-11-30,2025,49,0
"Baía da Ilha Grande","sarscov2",2025-12-07,2025,50,0
"Baía da Ilha Grande","sarscov2",2025-12-14,2025,51,0
"Baía da Ilha Grande","sarscov2",2025-12-21,2025,52,0
"Baía da Ilha Grande","sarscov2",2025-12-28,2025,53,1
"Baía da Ilha Grande","influenza",2022-01-02,2022,1,0
"Baía da Ilha Grande","influenza",2022-01-09,2022,2,0
"Baía da Ilha Grande","influenza",2022-01-16,2022,3,0
"Baía da Ilha Grande","influenza",2022-01-23,2022,4,0
"Baía da Ilha Grande","influenza",2022-01-30,2022,5,0
"Baía da Ilha Grande","influenza",2022-02-06,2022,6,0
"Baía da Ilha Grande","influenza",2022-02-13,2022,7,0
"Baía da Ilha Grande","influenza",2022-02-20,2022,8,0
"Baía da Ilha Grande","influenza",2022-02-27,2022,9,0
"Baía da Ilha Grande","influenza",2022-03-06,2022,10,0
"Baía da Ilha Grande","influenza",2022-03-13,2022,11,0
"Baía da Ilha Grande","influenza",2022-03-20,2022,12,0
"Baía da Ilha Grande","influenza",2022-03-27,2022,13,0
"Baía da Ilha Grande","influenza",2022-04-03,2022,14,0
"Baía da Ilha Grande","influenza",2022-04-10,2022,15,0
"Baía da Ilha Grande","influenza",2022-04-17,2022,16,0
"Baía da Ilha Grande","influenza",2022-04-24,2022,17,0
"Baía da Ilha Grande","influenza",2022-05-01,2022,18,0
"Baía da Ilha Grande","influenza",2022-05-08,2022,19,0
"Baía da Ilha Grande","influenza",2022-05-15,2022,20,1
"Baía da Ilha Grande","influenza",2022-05-22,2022,21,0
"Baía da Ilha Grande","influenza",2022-05-29,2022,22,0
"Baía da Ilha Grande","influenza",2022-06-05,2022,23,0
"Baía da Ilha Grande","influenza",2022-06-12,2022,24,0
"Baía da Ilha Grande","influenza",2022-06-19,2022,25,0
"Baía da Ilha Grande","influenza",2022-06-26,2022,26,0
"Baía da Ilha Grande","influenza",2022-07-03,2022,27,0
"Baía da Ilha Grande","influenza",2022-07-10,2022,28,0
"Baía da Ilha Grande","influenza",2022-07-17,2022,29,0
"Baía da Ilha Grande","influenza",2022-07-24,2022,30,0
"Baía da Ilha Grande","influenza",2022-07-31,2022,31,0
"Baía da Ilha Grande","influenza",2022-08-07,2022,32,0
"Baía da Ilha Grande","influenza",2022-08-14,2022,33,0
"Baía da Ilha Grande","influenza",2022-08-21,2022,34,0
"Baía da Ilha Grande","influenza",2022-08-28,2022,35,0
"Baía da Ilha Grande","influenza",2022-09-04,2022,36,0
"Baía da Ilha Grande","influenza",2022-09-11,2022,37,0
"Baía da Ilha Grande","influenza",2022-09-18,2022,38,0
"Baía da Ilha Grande","influenza",2022-09-25,2022,39,0
"Baía da Ilha Grande","influenza",2022-10-02,2022,40,0
"Baía da Ilha Grande","influenza",2022-10-09,2022,41,0
"Baía da Ilha Grande","influenza",2022-10-16,2022,42,0
"Baía da Ilha Grande","influenza",2022-10-23,2022,43,0
"Baía da Ilha Grande","influenza",2022-10-30,2022,44,0
"Baía da Ilha Grande","influenza",2022-11-06,2022,45,0
"Baía da Ilha Grande","influenza",2022-11-13,2022,46,0
"Baía da Ilha Grande","influenza",2022-11-20,2022,47,0
"Baía da Ilha Grande","influenza",2022-11-27,2022,48,0
"Baía da Ilha Grande","influenza",2022-12-04,2022,49,0
"Baía da Ilha Grande","influenza",2022-12-11,2022,50,0
"Baía da Ilha Grande","influenza",2022-12-18,2022,51,0
"Baía da Ilha Grande","influenza",2022-12-25,2022,52,0
"Baía da Ilha Grande","influenza",2023-01-01,2023,1,0
"Baía da Ilha Grande","influenza",2023-01-08,2023,2,0
"Baía da Ilha Grande","influenza",2023-01-15,2023,3,0
"Baía da Ilha Grande","influenza",2023-01-22,2023,4,0
"Baía da Ilha Grande","influenza",2023-01-29,2023,5,0
"Baía da Ilha Grande","influenza",2023-02-05,2023,6,0
"Baía da Ilha Grande","influenza",2023-02-12,2023,7,0
"Baía da Ilha Grande","influenza",2023-02-19,2023,8,1
"Baía da Ilha Grande","influenza",2023-02-26,2023,9,0
"Baía da Ilha Grande","influenza",2023-03-05,2023,10,1
"Baía da Ilha Grande","influenza",2023-03-12,2023,11,2
"Baía da Ilha Grande","influenza",2023-03-19,2023,12,0
"Baía da Ilha Grande","influenza",2023-03-26,2023,13,1
"Baía da Ilha Grande","influenza",2023-04-02,2023,14,0
"Baía da Ilha Grande","influenza",2023-04-09,2023,15,1
"Baía da Ilha Grande","influenza",2023-04-16,2023,16,1
"Baía da Ilha Grande","influenza",2023-04-23,2023,17,0
"Baía da Ilha Grande","influenza",2023-04-30,2023,18,3
"Baía da Ilha Grande","influenza",2023-05-07,2023,19,0
"Baía da Ilha Grande","influenza",2023-05-14,2023,20,2
"Baía da Ilha Grande","influenza",2023-05-21,2023,21,1
"Baía da Ilha Grande","influenza",2023-05-28,2023,22,1
"Baía da Ilha Grande","influenza",2023-06-04,2023,23,2
"Baía da Ilha Grande","influenza",2023-06-11,2023,24,1
"Baía da Ilha Grande","influenza",2023-06-18,2023,25,1
"Baía da Ilha Grande","influenza",2023-06-25,2023,26,0
"Baía da Ilha Grande","influenza",2023-07-02,2023,27,0
"Baía da Ilha Grande","influenza",2023-07-09,2023,28,0
"Baía da Ilha Grande","influenza",2023-07-16,2023,29,0
"Baía da Ilha Grande","influenza",2023-07-23,2023,30,0
"Baía da Ilha Grande","influenza",2023-07-30,2023,31,0
"Baía da Ilha Grande","influenza",2023-08-06,2023,32,1
"Baía da Ilha Grande","influenza",2023-08-13,2023,33,0
"Baía da Ilha Grande","influenza",2023-08-20,2023,34,0
"Baía da Ilha Grande","influenza",2023-08-27,2023,35,0
"Baía da Ilha Grande","influenza",2023-09-03,2023,36,0
"Baía da Ilha Grande","influenza",2023-09-10,2023,37,0
"Baía da Ilha Grande","influenza",2023-09-17,2023,38,0
"Baía da Ilha Grande","influenza",2023-09-24,2023,39,0
"Baía da Ilha Grande","influenza",2023-10-01,2023,40,0
"Baía da Ilha Grande","influenza",2023-10-08,2023,41,0
"Baía da Ilha Grande","influenza",2023-10-15,2023,42,0
"Baía da Ilha Grande","influenza",2023-10-22,2023,43,0
"Baía da Ilha Grande","influenza",2023-10-29,2023,44,0
"Baía da Ilha Grande","influenza",2023-11-05,2023,45,0
"Baía da Ilha Grande","influenza",2023-11-12,2023,46,0
"Baía da Ilha Grande","influenza",2023-11-19,2023,47,0
"Baía da Ilha Grande","influenza",2023-11-26,2023,48,0
"Baía da Ilha Grande","influenza",2023-12-03,2023,49,0
"Baía da Ilha Grande","influenza",2023-12-10,2023,50,0
"Baía da Ilha Grande","influenza",2023-12-17,2023,51,0
"Baía da Ilha Grande","influenza",2023-12-24,2023,52,0
"Baía da Ilha Grande","influenza",2023-12-31,2024,1,0
"Baía da Ilha Grande","influenza",2024-01-07,2024,2,0
"Baía da Ilha Grande","influenza",2024-01-14,2024,3,0
"Baía da Ilha Grande","influenza",2024-01-21,2024,4,0
"Baía da Ilha Grande","influenza",2024-01-28,2024,5,0
"Baía da Ilha Grande","influenza",2024-02-04,2024,6,0
"Baía da Ilha Grande","influenza",2024-02-11,2024,7,0
"Baía da Ilha Grande","influenza",2024-02-18,2024,8,2
"Baía da Ilha Grande","influenza",2024-02-25,2024,9,1
"Baía da Ilha Grande","influenza",2024-03-03,2024,10,2
"Baía da Ilha Grande","influenza",2024-03-10,2024,11,0
"Baía da Ilha Grande","influenza",2024-03-17,2024,12,0
"Baía da Ilha Grande","influenza",2024-03-24,2024,13,0
"Baía da Ilha Grande","influenza",2024-03-31,2024,14,1
"Baía da Ilha Grande","influenza",2024-04-07,2024,15,1
"Baía da Ilha Grande","influenza",2024-04-14,2024,16,0
"Baía da Ilha Grande","influenza",2024-04-21,2024,17,1
"Baía da Ilha Grande","influenza",2024-04-28,2024,18,2
"Baía da Ilha Grande","influenza",2024-05-05,2024,19,1
"Baía da Ilha Grande","influenza",2024-05-12,2024,20,1
"Baía da Ilha Grande","influenza",2024-05-19,2024,21,1
"Baía da Ilha Grande","influenza",2024-05-26,2024,22,0
"Baía da Ilha Grande","influenza",2024-06-02,2024,23,0
"Baía da Ilha Grande","influenza",2024-06-09,2024,24,0
"Baía da Ilha Grande","influenza",2024-06-16,2024,25,0
"Baía da Ilha Grande","influenza",2024-06-23,2024,26,1
"Baía da Ilha Grande","influenza",2024-06-30,2024,27,1
"Baía da Ilha Grande","influenza",2024-07-07,2024,28,0
"Baía da Ilha Grande","influenza",2024-07-14,2024,29,0
"Baía da Ilha Grande","influenza",2024-07-21,2024,30,0
"Baía da Ilha Grande","influenza",2024-07-28,2024,31,0
"Baía da Ilha Grande","influenza",2024-08-04,2024,32,0
"Baía da Ilha Grande","influenza",2024-08-11,2024,33,0
"Baía da Ilha Grande","influenza",2024-08-18,2024,34,0
"Baía da Ilha Grande","influenza",2024-08-25,2024,35,0
"Baía da Ilha Grande","influenza",2024-09-01,2024,36,1
"Baía da Ilha Grande","influenza",2024-09-08,2024,37,0
"Baía da Ilha Grande","influenza",2024-09-15,2024,38,1
"Baía da Ilha Grande","influenza",2024-09-22,2024,39,0
"Baía da Ilha Grande","influenza",2024-09-29,2024,40,1
"Baía da Ilha Grande","influenza",2024-10-06,2024,41,0
"Baía da Ilha Grande","influenza",2024-10-13,2024,42,0
"Baía da Ilha Grande","influenza",2024-10-20,2024,43,0
"Baía da Ilha Grande","influenza",2024-10-27,2024,44,1
"Baía da Ilha Grande","influenza",2024-11-03,2024,45,0
"Baía da Ilha Grande","influenza",2024-11-10,2024,46,0
"Baía da Ilha Grande","influenza",2024-11-17,2024,47,2
"Baía da Ilha Grande","influenza",2024-11-24,2024,48,2
"Baía da Ilha Grande","influenza",2024-12-01,2024,49,1
"Baía da Ilha Grande","influenza",2024-12-08,2024,50,0
"Baía da Ilha Grande","influenza",2024-12-15,2024,51,0
"Baía da Ilha Grande","influenza",2024-12-22,2024,52,0
"Baía da Ilha Grande","influenza",2024-12-29,2025,1,0
"Baía da Ilha Grande","influenza",2025-01-05,2025,2,3
"Baía da Ilha Grande","influenza",2025-01-12,2025,3,0
"Baía da Ilha Grande","influenza",2025-01-19,2025,4,0
"Baía da Ilha Grande","influenza",2025-01-26,2025,5,0
"Baía da Ilha Grande","influenza",2025-02-02,2025,6,0
"Baía da Ilha Grande","influenza",2025-02-09,2025,7,0
"Baía da Ilha Grande","influenza",2025-02-16,2025,8,0
"Baía da Ilha Grande","influenza",2025-02-23,2025,9,0
"Baía da Ilha Grande","influenza",2025-03-02,2025,10,0
"Baía da Ilha Grande","influenza",2025-03-09,2025,11,0
"Baía da Ilha Grande","influenza",2025-03-16,2025,12,0
"Baía da Ilha Grande","influenza",2025-03-23,2025,13,0
"Baía da Ilha Grande","influenza",2025-03-30,2025,14,0
"Baía da Ilha Grande","influenza",2025-04-06,2025,15,0
"Baía da Ilha Grande","influenza",2025-04-13,2025,16,1
"Baía da Ilha Grande","influenza",2025-04-20,2025,17,1
"Baía da Ilha Grande","influenza",2025-04-27,2025,18,1
"Baía da Ilha Grande","influenza",2025-05-04,2025,19,0
"Baía da Ilha Grande","influenza",2025-05-11,2025,20,0
"Baía da Ilha Grande","influenza",2025-05-18,2025,21,2
"Baía da Ilha Grande","influenza",2025-05-25,2025,22,0
"Baía da Ilha Grande","influenza",2025-06-01,2025,23,4
"Baía da Ilha Grande","influenza",2025-06-08,2025,24,1
"Baía da Ilha Grande","influenza",2025-06-15,2025,25,0
"Baía da Ilha Grande","influenza",2025-06-22,2025,26,0
"Baía da Ilha Grande","influenza",2025-06-29,2025,27,1
"Baía da Ilha Grande","influenza",2025-07-06,2025,28,1
"Baía da Ilha Grande","influenza",2025-07-13,2025,29,0
"Baía da Ilha Grande","influenza",2025-07-20,2025,30,0
"Baía da Ilha Grande","influenza",2025-07-27,2025,31,0
"Baía da Ilha Grande","influenza",2025-08-03,2025,32,0
"Baía da Ilha Grande","influenza",2025-08-10,2025,33,0
"Baía da Ilha Grande","influenza",2025-08-17,2025,34,0
"Baía da Ilha Grande","influenza",2025-08-24,2025,35,0
"Baía da Ilha Grande","influenza",2025-08-31,2025,36,0
"Baía da Ilha Grande","influenza",2025-09-07,2025,37,0
"Baía da Ilha Grande","influenza",2025-09-14,2025,38,0
"Baía da Ilha Grande","influenza",2025-09-21,2025,39,0
"Baía da Ilha Grande","influenza",2025-09-28,2025,40,2
"Baía da Ilha Grande","influenza",2025-10-05,2025,41,0
"Baía da Ilha Grande","influenza",2025-10-12,2025,42,1
"Baía da Ilha Grande","influenza",2025-10-19,2025,43,1
"Baía da Ilha Grande","influenza",2025-10-26,2025,44,0
"Baía da Ilha Grande","influenza",2025-11-02,2025,45,2
"Baía da Ilha Grande","influenza",2025-11-09,2025,46,1
"Baía da Ilha Grande","influenza",2025-11-16,2025,47,0
"Baía da Ilha Grande","influenza",2025-11-23,2025,48,0
"Baía da Ilha Grande","influenza",2025-11-30,2025,49,0
"Baía da Ilha Grande","influenza",2025-12-07,2025,50,0
"Baía da Ilha Grande","influenza",2025-12-14,2025,51,0
"Baía da Ilha Grande","influenza",2025-12-21,2025,52,0
"Baía da Ilha Grande","influenza",2025-12-28,2025,53,0
"Baía da Ilha Grande","vsr",2022-01-02,2022,1,0
"Baía da Ilha Grande","vsr",2022-01-09,2022,2,0
"Baía da Ilha Grande","vsr",2022-01-16,2022,3,0
"Baía da Ilha Grande","vsr",2022-01-23,2022,4,0
"Baía da Ilha Grande","vsr",2022-01-30,2022,5,0
"Baía da Ilha Grande","vsr",2022-02-06,2022,6,0
"Baía da Ilha Grande","vsr",2022-02-13,2022,7,0
"Baía da Ilha Grande","vsr",2022-02-20,2022,8,1
"Baía da Ilha Grande","vsr",2022-02-27,2022,9,0
"Baía da Ilha Grande","vsr",2022-03-06,2022,10,0
"Baía da Ilha Grande","vsr",2022-03-13,2022,11,0
"Baía da Ilha Grande","vsr",2022-03-20,2022,12,0
"Baía da Ilha Grande","vsr",2022-03-27,2022,13,0
"Baía da Ilha Grande","vsr",2022-04-03,2022,14,0
"Baía da Ilha Grande","vsr",2022-04-10,2022,15,0
"Baía da Ilha Grande","vsr",2022-04-17,2022,16,1
"Baía da Ilha Grande","vsr",2022-04-24,2022,17,1
"Baía da Ilha Grande","vsr",2022-05-01,2022,18,0
"Baía da Ilha Grande","vsr",2022-05-08,2022,19,0
"Baía da Ilha Grande","vsr",2022-05-15,2022,20,1
"Baía da Ilha Grande","vsr",2022-05-22,2022,21,0
"Baía da Ilha Grande","vsr",2022-05-29,2022,22,0
"Baía da Ilha Grande","vsr",2022-06-05,2022,23,0
"Baía da Ilha Grande","vsr",2022-06-12,2022,24,1
"Baía da Ilha Grande","vsr",2022-06-19,2022,25,1
"Baía da Ilha Grande","vsr",2022-06-26,2022,26,1
"Baía da Ilha Grande","vsr",2022-07-03,2022,27,0
"Baía da Ilha Grande","vsr",2022-07-10,2022,28,0
"Baía da Ilha Grande","vsr",2022-07-17,2022,29,0
"Baía da Ilha Grande","vsr",2022-07-24,2022,30,0
"Baía da Ilha Grande","vsr",2022-07-31,2022,31,0
"Baía da Ilha Grande","vsr",2022-08-07,2022,32,0
"Baía da Ilha Grande","vsr",2022-08-14,2022,33,0
"Baía da Ilha Grande","vsr",2022-08-21,2022,34,0
"Baía da Ilha Grande","vsr",2022-08-28,2022,35,0
"Baía da Ilha Grande","vsr",2022-09-04,2022,36,0
"Baía da Ilha Grande","vsr",2022-09-11,2022,37,0
"Baía da Ilha Grande","vsr",2022-09-18,2022,38,0
"Baía da Ilha Grande","vsr",2022-09-25,2022,39,0
"Baía da Ilha Grande","vsr",2022-10-02,2022,40,0
"Baía da Ilha Grande","vsr",2022-10-09,2022,41,0
"Baía da Ilha Grande","vsr",2022-10-16,2022,42,0
"Baía da Ilha Grande","vsr",2022-10-23,2022,43,0
"Baía da Ilha Grande","vsr",2022-10-30,2022,44,0
"Baía da Ilha Grande","vsr",2022-11-06,2022,45,0
"Baía da Ilha Grande","vsr",2022-11-13,2022,46,0
"Baía da Ilha Grande","vsr",2022-11-20,2022,47,0
"Baía da Ilha Grande","vsr",2022-11-27,2022,48,0
"Baía da Ilha Grande","vsr",2022-12-04,2022,49,0
"Baía da Ilha Grande","vsr",2022-12-11,2022,50,0
"Baía da Ilha Grande","vsr",2022-12-18,2022,51,0
"Baía da Ilha Grande","vsr",2022-12-25,2022,52,0
"Baía da Ilha Grande","vsr",2023-01-01,2023,1,0
"Baía da Ilha Grande","vsr",2023-01-08,2023,2,0
"Baía da Ilha Grande","vsr",2023-01-15,2023,3,0
"Baía da Ilha Grande","vsr",2023-01-22,2023,4,0
"Baía da Ilha Grande","vsr",2023-01-29,2023,5,0
"Baía da Ilha Grande","vsr",2023-02-05,2023,6,0
"Baía da Ilha Grande","vsr",2023-02-12,2023,7,0
"Baía da Ilha Grande","vsr",2023-02-19,2023,8,0
"Baía da Ilha Grande","vsr",2023-02-26,2023,9,0
"Baía da Ilha Grande","vsr",2023-03-05,2023,10,0
"Baía da Ilha Grande","vsr",2023-03-12,2023,11,2
"Baía da Ilha Grande","vsr",2023-03-19,2023,12,1
"Baía da Ilha Grande","vsr",2023-03-26,2023,13,0
"Baía da Ilha Grande","vsr",2023-04-02,2023,14,5
"Baía da Ilha Grande","vsr",2023-04-09,2023,15,0
"Baía da Ilha Grande","vsr",2023-04-16,2023,16,0
"Baía da Ilha Grande","vsr",2023-04-23,2023,17,0
"Baía da Ilha Grande","vsr",2023-04-30,2023,18,0
"Baía da Ilha Grande","vsr",2023-05-07,2023,19,0
"Baía da Ilha Grande","vsr",2023-05-14,2023,20,1
"Baía da Ilha Grande","vsr",2023-05-21,2023,21,1
"Baía da Ilha Grande","vsr",2023-05-28,2023,22,0
"Baía da Ilha Grande","vsr",2023-06-04,2023,23,0
"Baía da Ilha Grande","vsr",2023-06-11,2023,24,1
"Baía da Ilha Grande","vsr",2023-06-18,2023,25,1
"Baía da Ilha Grande","vsr",2023-06-25,2023,26,0
"Baía da Ilha Grande","vsr",2023-07-02,2023,27,0
"Baía da Ilha Grande","vsr",2023-07-09,2023,28,0
"Baía da Ilha Grande","vsr",2023-07-16,2023,29,0
"Baía da Ilha Grande","vsr",2023-07-23,2023,30,0
"Baía da Ilha Grande","vsr",2023-07-30,2023,31,1
"Baía da Ilha Grande","vsr",2023-08-06,2023,32,0
"Baía da Ilha Grande","vsr",2023-08-13,2023,33,0
"Baía da Ilha Grande","vsr",2023-08-20,2023,34,0
"Baía da Ilha Grande","vsr",2023-08-27,2023,35,0
"Baía da Ilha Grande","vsr",2023-09-03,2023,36,0
"Baía da Ilha Grande","vsr",2023-09-10,2023,37,0
"Baía da Ilha Grande","vsr",2023-09-17,2023,38,0
"Baía da Ilha Grande","vsr",2023-09-24,2023,39,0
"Baía da Ilha Grande","vsr",2023-10-01,2023,40,0
"Baía da Ilha Grande","vsr",2023-10-08,2023,41,0
"Baía da Ilha Grande","vsr",2023-10-15,2023,42,0
"Baía da Ilha Grande","vsr",2023-10-22,2023,43,0
"Baía da Ilha Grande","vsr",2023-10-29,2023,44,0
"Baía da Ilha Grande","vsr",2023-11-05,2023,45,0
"Baía da Ilha Grande","vsr",2023-11-12,2023,46,0
"Baía da Ilha Grande","vsr",2023-11-19,2023,47,0
"Baía da Ilha Grande","vsr",2023-11-26,2023,48,0
"Baía da Ilha Grande","vsr",2023-12-03,2023,49,0
"Baía da Ilha Grande","vsr",2023-12-10,2023,50,0
"Baía da Ilha Grande","vsr",2023-12-17,2023,51,0
"Baía da Ilha Grande","vsr",2023-12-24,2023,52,0
"Baía da Ilha Grande","vsr",2023-12-31,2024,1,0
"Baía da Ilha Grande","vsr",2024-01-07,2024,2,0
"Baía da Ilha Grande","vsr",2024-01-14,2024,3,0
"Baía da Ilha Grande","vsr",2024-01-21,2024,4,1
"Baía da Ilha Grande","vsr",2024-01-28,2024,5,0
"Baía da Ilha Grande","vsr",2024-02-04,2024,6,0
"Baía da Ilha Grande","vsr",2024-02-11,2024,7,0
"Baía da Ilha Grande","vsr",2024-02-18,2024,8,1
"Baía da Ilha Grande","vsr",2024-02-25,2024,9,0
"Baía da Ilha Grande","vsr",2024-03-03,2024,10,0
"Baía da Ilha Grande","vsr",2024-03-10,2024,11,0
"Baía da Ilha Grande","vsr",2024-03-17,2024,12,0
"Baía da Ilha Grande","vsr",2024-03-24,2024,13,0
"Baía da Ilha Grande","vsr",2024-03-31,2024,14,0
"Baía da Ilha Grande","vsr",2024-04-07,2024,15,0
"Baía da Ilha Grande","vsr",2024-04-14,2024,16,2
"Baía da Ilha Grande","vsr",2024-04-21,2024,17,1
"Baía da Ilha Grande","vsr",2024-04-28,2024,18,2
"Baía da Ilha Grande","vsr",2024-05-05,2024,19,0
"Baía da Ilha Grande","vsr",2024-05-12,2024,20,4
"Baía da Ilha Grande","vsr",2024-05-19,2024,21,2
"Baía da Ilha Grande","vsr",2024-05-26,2024,22,0
"Baía da Ilha Grande","vsr",2024-06-02,2024,23,1
"Baía da Ilha Grande","vsr",2024-06-09,2024,24,4
"Baía da Ilha Grande","vsr",2024-06-16,2024,25,2
"Baía da Ilha Grande","vsr",2024-06-23,2024,26,0
"Baía da Ilha Grande","vsr",2024-06-30,2024,27,0
"Baía da Ilha Grande","vsr",2024-07-07,2024,28,1
"Baía da Ilha Grande","vsr",2024-07-14,2024,29,0
"Baía da Ilha Grande","vsr",2024-07-21,2024,30,2
"Baía da Ilha Grande","vsr",2024-07-28,2024,31,0
"Baía da Ilha Grande","vsr",2024-08-04,2024,32,0
"Baía da Ilha Grande","vsr",2024-08-11,2024,33,0
"Baía da Ilha Grande","vsr",2024-08-18,2024,34,0
"Baía da Ilha Grande","vsr",2024-08-25,2024,35,0
"Baía da Ilha Grande","vsr",2024-09-01,2024,36,1
"Baía da Ilha Grande","vsr",2024-09-08,2024,37,1
"Baía da Ilha Grande","vsr",2024-09-15,2024,38,3
"Baía da Ilha Grande","vsr",2024-09-22,2024,39,1
"Baía da Ilha Grande","vsr",2024-09-29,2024,40,0
"Baía da Ilha Grande","vsr",2024-10-06,2024,41,0
"Baía da Ilha Grande","vsr",2024-10-13,2024,42,0
"Baía da Ilha Grande","vsr",2024-10-20,2024,43,0
"Baía da Ilha Grande","vsr",2024-10-27,2024,44,0
"Baía da Ilha Grande","vsr",2024-11-03,2024,45,0
"Baía da Ilha Grande","vsr",2024-11-10,2024,46,0
"Baía da Ilha Grande","vsr",2024-11-17,2024,47,0
"Baía da Ilha Grande","vsr",2024-11-24,2024,48,0
"Baía da Ilha Grande","vsr",2024-12-01,2024,49,0
"Baía da Ilha Grande","vsr",2024-12-08,2024,50,0
"Baía da Ilha Grande","vsr",2024-12-15,2024,51,0
"Baía da Ilha Grande","vsr",2024-12-22,2024,52,0
"Baía da Ilha Grande","vsr",2024-12-29,2025,1,0
"Baía da Ilha Grande","vsr",2025-01-05,2025,2,0
"Baía da Ilha Grande","vsr",2025-01-12,2025,3,0
"Baía da Ilha Grande","vsr",2025-01-19,2025,4,0
"Baía da Ilha Grande","vsr",2025-01-26,2025,5,0
"Baía da Ilha Grande","vsr",2025-02-02,2025,6,0
"Baía da Ilha Grande","vsr",2025-02-09,2025,7,1
"Baía da Ilha Grande","vsr",2025-02-16,2025,8,0
"Baía da Ilha Grande","vsr",2025-02-23,2025,9,1
"Baía da Ilha Grande","vsr",2025-03-02,2025,10,1
"Baía da Ilha Grande","vsr",2025-03-09,2025,11,0
"Baía da Ilha Grande","vsr",2025-03-16,2025,12,1
"Baía da Ilha Grande","vsr",2025-03-23,2025,13,0
"Baía da Ilha Grande","vsr",2025-03-30,2025,14,2
"Baía da Ilha Grande","vsr",2025-04-06,2025,15,2
"Baía da Ilha Grande","vsr",2025-04-13,2025,16,8
"Baía da Ilha Grande","vsr",2025-04-20,2025,17,2
"Baía da Ilha Grande","vsr",2025-04-27,2025,18,6
"Baía da Ilha Grande","vsr",2025-05-04,2025,19,4
"Baía da Ilha Grande","vsr",2025-05-11,2025,20,4
"Baía da Ilha Grande","vsr",2025-05-18,2025,21,2
"Baía da Ilha Grande","vsr",2025-05-25,2025,22,1
"Baía da Ilha Grande","vsr",2025-06-01,2025,23,4
"Baía da Ilha Grande","vsr",2025-06-08,2025,24,3
"Baía da Ilha Grande","vsr",2025-06-15,2025,25,1
"Baía da Ilha Grande","vsr",2025-06-22,2025,26,2
"Baía da Ilha Grande","vsr",2025-06-29,2025,27,0
"Baía da Ilha Grande","vsr",2025-07-06,2025,28,0
"Baía da Ilha Grande","vsr",2025-07-13,2025,29,1
"Baía da Ilha Grande","vsr",2025-07-20,2025,30,0
"Baía da Ilha Grande","vsr",2025-07-27,2025,31,1
"Baía da Ilha Grande","vsr",2025-08-03,2025,32,1
"Baía da Ilha Grande","vsr",2025-08-10,2025,33,0
"Baía da Ilha Grande","vsr",2025-08-17,2025,34,0
"Baía da Ilha Grande","vsr",2025-08-24,2025,35,0
"Baía da Ilha Grande","vsr",2025-08-31,2025,36,0
"Baía da Ilha Grande","vsr",2025-09-07,2025,37,1
"Baía da Ilha Grande","vsr",2025-09-14,2025,38,0
"Baía da Ilha Grande","vsr",2025-09-21,2025,39,0
"Baía da Ilha Grande","vsr",2025-09-28,2025,40,0
"Baía da Ilha Grande","vsr",2025-10-05,2025,41,0
"Baía da Ilha Grande","vsr",2025-10-12,2025,42,0
"Baía da Ilha Grande","vsr",2025-10-19,2025,43,0
"Baía da Ilha Grande","vsr",2025-10-26,2025,44,0
"Baía da Ilha Grande","vsr",2025-11-02,2025,45,0
"Baía da Ilha Grande","vsr",2025-11-09,2025,46,0
"Baía da Ilha Grande","vsr",2025-11-16,2025,47,0
"Baía da Ilha Grande","vsr",2025-11-23,2025,48,0
"Baía da Ilha Grande","vsr",2025-11-30,2025,49,1
"Baía da Ilha Grande","vsr",2025-12-07,2025,50,0
"Baía da Ilha Grande","vsr",2025-12-14,2025,51,0
"Baía da Ilha Grande","vsr",2025-12-21,2025,52,0
"Baía da Ilha Grande","vsr",2025-12-28,2025,53,0
"Baixada Litorânea","sarscov2",2022-01-02,2022,1,28
"Baixada Litorânea","sarscov2",2022-01-09,2022,2,85
"Baixada Litorânea","sarscov2",2022-01-16,2022,3,103
"Baixada Litorânea","sarscov2",2022-01-23,2022,4,87
"Baixada Litorânea","sarscov2",2022-01-30,2022,5,54
"Baixada Litorânea","sarscov2",2022-02-06,2022,6,11
"Baixada Litorânea","sarscov2",2022-02-13,2022,7,11
"Baixada Litorânea","sarscov2",2022-02-20,2022,8,4
"Baixada Litorânea","sarscov2",2022-02-27,2022,9,3
"Baixada Litorânea","sarscov2",2022-03-06,2022,10,4
"Baixada Litorânea","sarscov2",2022-03-13,2022,11,2
"Baixada Litorânea","sarscov2",2022-03-20,2022,12,1
"Baixada Litorânea","sarscov2",2022-03-27,2022,13,4
"Baixada Litorânea","sarscov2",2022-04-03,2022,14,3
"Baixada Litorânea","sarscov2",2022-04-10,2022,15,0
"Baixada Litorânea","sarscov2",2022-04-17,2022,16,0
"Baixada Litorânea","sarscov2",2022-04-24,2022,17,2
"Baixada Litorânea","sarscov2",2022-05-01,2022,18,0
"Baixada Litorânea","sarscov2",2022-05-08,2022,19,5
"Baixada Litorânea","sarscov2",2022-05-15,2022,20,6
"Baixada Litorânea","sarscov2",2022-05-22,2022,21,7
"Baixada Litorânea","sarscov2",2022-05-29,2022,22,11
"Baixada Litorânea","sarscov2",2022-06-05,2022,23,25
"Baixada Litorânea","sarscov2",2022-06-12,2022,24,29
"Baixada Litorânea","sarscov2",2022-06-19,2022,25,28
"Baixada Litorânea","sarscov2",2022-06-26,2022,26,21
"Baixada Litorânea","sarscov2",2022-07-03,2022,27,12
"Baixada Litorânea","sarscov2",2022-07-10,2022,28,7
"Baixada Litorânea","sarscov2",2022-07-17,2022,29,5
"Baixada Litorânea","sarscov2",2022-07-24,2022,30,3
"Baixada Litorânea","sarscov2",2022-07-31,2022,31,4
"Baixada Litorânea","sarscov2",2022-08-07,2022,32,3
"Baixada Litorânea","sarscov2",2022-08-14,2022,33,2
"Baixada Litorânea","sarscov2",2022-08-21,2022,34,4
"Baixada Litorânea","sarscov2",2022-08-28,2022,35,1
"Baixada Litorânea","sarscov2",2022-09-04,2022,36,1
"Baixada Litorânea","sarscov2",2022-09-11,2022,37,0
"Baixada Litorânea","sarscov2",2022-09-18,2022,38,1
"Baixada Litorânea","sarscov2",2022-09-25,2022,39,0
"Baixada Litorânea","sarscov2",2022-10-02,2022,40,1
"Baixada Litorânea","sarscov2",2022-10-09,2022,41,1
"Baixada Litorânea","sarscov2",2022-10-16,2022,42,5
"Baixada Litorânea","sarscov2",2022-10-23,2022,43,0
"Baixada Litorânea","sarscov2",2022-10-30,2022,44,7
"Baixada Litorânea","sarscov2",2022-11-06,2022,45,11
"Baixada Litorânea","sarscov2",2022-11-13,2022,46,14
"Baixada Litorânea","sarscov2",2022-11-20,2022,47,24
"Baixada Litorânea","sarscov2",2022-11-27,2022,48,14
"Baixada Litorânea","sarscov2",2022-12-04,2022,49,15
"Baixada Litorânea","sarscov2",2022-12-11,2022,50,9
"Baixada Litorânea","sarscov2",2022-12-18,2022,51,7
"Baixada Litorânea","sarscov2",2022-12-25,2022,52,7
"Baixada Litorânea","sarscov2",2023-01-01,2023,1,9
"Baixada Litorânea","sarscov2",2023-01-08,2023,2,3
"Baixada Litorânea","sarscov2",2023-01-15,2023,3,0
"Baixada Litorânea","sarscov2",2023-01-22,2023,4,2
"Baixada Litorânea","sarscov2",2023-01-29,2023,5,1
"Baixada Litorânea","sarscov2",2023-02-05,2023,6,1
"Baixada Litorânea","sarscov2",2023-02-12,2023,7,1
"Baixada Litorânea","sarscov2",2023-02-19,2023,8,2
"Baixada Litorânea","sarscov2",2023-02-26,2023,9,6
"Baixada Litorânea","sarscov2",2023-03-05,2023,10,5
"Baixada Litorânea","sarscov2",2023-03-12,2023,11,5
"Baixada Litorânea","sarscov2",2023-03-19,2023,12,5
"Baixada Litorânea","sarscov2",2023-03-26,2023,13,2
"Baixada Litorânea","sarscov2",2023-04-02,2023,14,3
"Baixada Litorânea","sarscov2",2023-04-09,2023,15,3
"Baixada Litorânea","sarscov2",2023-04-16,2023,16,0
"Baixada Litorânea","sarscov2",2023-04-23,2023,17,2
"Baixada Litorânea","sarscov2",2023-04-30,2023,18,5
"Baixada Litorânea","sarscov2",2023-05-07,2023,19,1
"Baixada Litorânea","sarscov2",2023-05-14,2023,20,1
"Baixada Litorânea","sarscov2",2023-05-21,2023,21,1
"Baixada Litorânea","sarscov2",2023-05-28,2023,22,1
"Baixada Litorânea","sarscov2",2023-06-04,2023,23,0
"Baixada Litorânea","sarscov2",2023-06-11,2023,24,0
"Baixada Litorânea","sarscov2",2023-06-18,2023,25,2
"Baixada Litorânea","sarscov2",2023-06-25,2023,26,5
"Baixada Litorânea","sarscov2",2023-07-02,2023,27,2
"Baixada Litorânea","sarscov2",2023-07-09,2023,28,1
"Baixada Litorânea","sarscov2",2023-07-16,2023,29,1
"Baixada Litorânea","sarscov2",2023-07-23,2023,30,0
"Baixada Litorânea","sarscov2",2023-07-30,2023,31,1
"Baixada Litorânea","sarscov2",2023-08-06,2023,32,1
"Baixada Litorânea","sarscov2",2023-08-13,2023,33,0
"Baixada Litorânea","sarscov2",2023-08-20,2023,34,2
"Baixada Litorânea","sarscov2",2023-08-27,2023,35,1
"Baixada Litorânea","sarscov2",2023-09-03,2023,36,2
"Baixada Litorânea","sarscov2",2023-09-10,2023,37,3
"Baixada Litorânea","sarscov2",2023-09-17,2023,38,1
"Baixada Litorânea","sarscov2",2023-09-24,2023,39,6
"Baixada Litorânea","sarscov2",2023-10-01,2023,40,5
"Baixada Litorânea","sarscov2",2023-10-08,2023,41,2
"Baixada Litorânea","sarscov2",2023-10-15,2023,42,6
"Baixada Litorânea","sarscov2",2023-10-22,2023,43,1
"Baixada Litorânea","sarscov2",2023-10-29,2023,44,3
"Baixada Litorânea","sarscov2",2023-11-05,2023,45,6
"Baixada Litorânea","sarscov2",2023-11-12,2023,46,3
"Baixada Litorânea","sarscov2",2023-11-19,2023,47,2
"Baixada Litorânea","sarscov2",2023-11-26,2023,48,1
"Baixada Litorânea","sarscov2",2023-12-03,2023,49,0
"Baixada Litorânea","sarscov2",2023-12-10,2023,50,1
"Baixada Litorânea","sarscov2",2023-12-17,2023,51,2
"Baixada Litorânea","sarscov2",2023-12-24,2023,52,2
"Baixada Litorânea","sarscov2",2023-12-31,2024,1,1
"Baixada Litorânea","sarscov2",2024-01-07,2024,2,1
"Baixada Litorânea","sarscov2",2024-01-14,2024,3,0
"Baixada Litorânea","sarscov2",2024-01-21,2024,4,2
"Baixada Litorânea","sarscov2",2024-01-28,2024,5,1
"Baixada Litorânea","sarscov2",2024-02-04,2024,6,4
"Baixada Litorânea","sarscov2",2024-02-11,2024,7,4
"Baixada Litorânea","sarscov2",2024-02-18,2024,8,4
"Baixada Litorânea","sarscov2",2024-02-25,2024,9,4
"Baixada Litorânea","sarscov2",2024-03-03,2024,10,1
"Baixada Litorânea","sarscov2",2024-03-10,2024,11,5
"Baixada Litorânea","sarscov2",2024-03-17,2024,12,4
"Baixada Litorânea","sarscov2",2024-03-24,2024,13,0
"Baixada Litorânea","sarscov2",2024-03-31,2024,14,4
"Baixada Litorânea","sarscov2",2024-04-07,2024,15,0
"Baixada Litorânea","sarscov2",2024-04-14,2024,16,0
"Baixada Litorânea","sarscov2",2024-04-21,2024,17,1
"Baixada Litorânea","sarscov2",2024-04-28,2024,18,2
"Baixada Litorânea","sarscov2",2024-05-05,2024,19,0
"Baixada Litorânea","sarscov2",2024-05-12,2024,20,0
"Baixada Litorânea","sarscov2",2024-05-19,2024,21,0
"Baixada Litorânea","sarscov2",2024-05-26,2024,22,0
"Baixada Litorânea","sarscov2",2024-06-02,2024,23,0
"Baixada Litorânea","sarscov2",2024-06-09,2024,24,0
"Baixada Litorânea","sarscov2",2024-06-16,2024,25,0
"Baixada Litorânea","sarscov2",2024-06-23,2024,26,0
"Baixada Litorânea","sarscov2",2024-06-30,2024,27,1
"Baixada Litorânea","sarscov2",2024-07-07,2024,28,0
"Baixada Litorânea","sarscov2",2024-07-14,2024,29,0
"Baixada Litorânea","sarscov2",2024-07-21,2024,30,0
"Baixada Litorânea","sarscov2",2024-07-28,2024,31,0
"Baixada Litorânea","sarscov2",2024-08-04,2024,32,0
"Baixada Litorânea","sarscov2",2024-08-11,2024,33,1
"Baixada Litorânea","sarscov2",2024-08-18,2024,34,1
"Baixada Litorânea","sarscov2",2024-08-25,2024,35,2
"Baixada Litorânea","sarscov2",2024-09-01,2024,36,3
"Baixada Litorânea","sarscov2",2024-09-08,2024,37,0
"Baixada Litorânea","sarscov2",2024-09-15,2024,38,2
"Baixada Litorânea","sarscov2",2024-09-22,2024,39,0
"Baixada Litorânea","sarscov2",2024-09-29,2024,40,1
"Baixada Litorânea","sarscov2",2024-10-06,2024,41,0
"Baixada Litorânea","sarscov2",2024-10-13,2024,42,0
"Baixada Litorânea","sarscov2",2024-10-20,2024,43,3
"Baixada Litorânea","sarscov2",2024-10-27,2024,44,2
"Baixada Litorânea","sarscov2",2024-11-03,2024,45,2
"Baixada Litorânea","sarscov2",2024-11-10,2024,46,4
"Baixada Litorânea","sarscov2",2024-11-17,2024,47,6
"Baixada Litorânea","sarscov2",2024-11-24,2024,48,7
"Baixada Litorânea","sarscov2",2024-12-01,2024,49,3
"Baixada Litorânea","sarscov2",2024-12-08,2024,50,2
"Baixada Litorânea","sarscov2",2024-12-15,2024,51,0
"Baixada Litorânea","sarscov2",2024-12-22,2024,52,3
"Baixada Litorânea","sarscov2",2024-12-29,2025,1,0
"Baixada Litorânea","sarscov2",2025-01-05,2025,2,3
"Baixada Litorânea","sarscov2",2025-01-12,2025,3,1
"Baixada Litorânea","sarscov2",2025-01-19,2025,4,0
"Baixada Litorânea","sarscov2",2025-01-26,2025,5,1
"Baixada Litorânea","sarscov2",2025-02-02,2025,6,0
"Baixada Litorânea","sarscov2",2025-02-09,2025,7,0
"Baixada Litorânea","sarscov2",2025-02-16,2025,8,1
"Baixada Litorânea","sarscov2",2025-02-23,2025,9,2
"Baixada Litorânea","sarscov2",2025-03-02,2025,10,0
"Baixada Litorânea","sarscov2",2025-03-09,2025,11,0
"Baixada Litorânea","sarscov2",2025-03-16,2025,12,1
"Baixada Litorânea","sarscov2",2025-03-23,2025,13,0
"Baixada Litorânea","sarscov2",2025-03-30,2025,14,1
"Baixada Litorânea","sarscov2",2025-04-06,2025,15,0
"Baixada Litorânea","sarscov2",2025-04-13,2025,16,0
"Baixada Litorânea","sarscov2",2025-04-20,2025,17,0
"Baixada Litorânea","sarscov2",2025-04-27,2025,18,0
"Baixada Litorânea","sarscov2",2025-05-04,2025,19,0
"Baixada Litorânea","sarscov2",2025-05-11,2025,20,0
"Baixada Litorânea","sarscov2",2025-05-18,2025,21,1
"Baixada Litorânea","sarscov2",2025-05-25,2025,22,0
"Baixada Litorânea","sarscov2",2025-06-01,2025,23,0
"Baixada Litorânea","sarscov2",2025-06-08,2025,24,0
"Baixada Litorânea","sarscov2",2025-06-15,2025,25,4
"Baixada Litorânea","sarscov2",2025-06-22,2025,26,1
"Baixada Litorânea","sarscov2",2025-06-29,2025,27,0
"Baixada Litorânea","sarscov2",2025-07-06,2025,28,3
"Baixada Litorânea","sarscov2",2025-07-13,2025,29,0
"Baixada Litorânea","sarscov2",2025-07-20,2025,30,1
"Baixada Litorânea","sarscov2",2025-07-27,2025,31,0
"Baixada Litorânea","sarscov2",2025-08-03,2025,32,2
"Baixada Litorânea","sarscov2",2025-08-10,2025,33,1
"Baixada Litorânea","sarscov2",2025-08-17,2025,34,3
"Baixada Litorânea","sarscov2",2025-08-24,2025,35,2
"Baixada Litorânea","sarscov2",2025-08-31,2025,36,3
"Baixada Litorânea","sarscov2",2025-09-07,2025,37,2
"Baixada Litorânea","sarscov2",2025-09-14,2025,38,4
"Baixada Litorânea","sarscov2",2025-09-21,2025,39,2
"Baixada Litorânea","sarscov2",2025-09-28,2025,40,0
"Baixada Litorânea","sarscov2",2025-10-05,2025,41,0
"Baixada Litorânea","sarscov2",2025-10-12,2025,42,1
"Baixada Litorânea","sarscov2",2025-10-19,2025,43,1
"Baixada Litorânea","sarscov2",2025-10-26,2025,44,0
"Baixada Litorânea","sarscov2",2025-11-02,2025,45,0
"Baixada Litorânea","sarscov2",2025-11-09,2025,46,1
"Baixada Litorânea","sarscov2",2025-11-16,2025,47,1
"Baixada Litorânea","sarscov2",2025-11-23,2025,48,0
"Baixada Litorânea","sarscov2",2025-11-30,2025,49,3
"Baixada Litorânea","sarscov2",2025-12-07,2025,50,0
"Baixada Litorânea","sarscov2",2025-12-14,2025,51,0
"Baixada Litorânea","sarscov2",2025-12-21,2025,52,1
"Baixada Litorânea","sarscov2",2025-12-28,2025,53,1
"Baixada Litorânea","influenza",2022-01-02,2022,1,7
"Baixada Litorânea","influenza",2022-01-09,2022,2,1
"Baixada Litorânea","influenza",2022-01-16,2022,3,1
"Baixada Litorânea","influenza",2022-01-23,2022,4,0
"Baixada Litorânea","influenza",2022-01-30,2022,5,0
"Baixada Litorânea","influenza",2022-02-06,2022,6,0
"Baixada Litorânea","influenza",2022-02-13,2022,7,0
"Baixada Litorânea","influenza",2022-02-20,2022,8,0
"Baixada Litorânea","influenza",2022-02-27,2022,9,0
"Baixada Litorânea","influenza",2022-03-06,2022,10,0
"Baixada Litorânea","influenza",2022-03-13,2022,11,0
"Baixada Litorânea","influenza",2022-03-20,2022,12,3
"Baixada Litorânea","influenza",2022-03-27,2022,13,2
"Baixada Litorânea","influenza",2022-04-03,2022,14,0
"Baixada Litorânea","influenza",2022-04-10,2022,15,0
"Baixada Litorânea","influenza",2022-04-17,2022,16,1
"Baixada Litorânea","influenza",2022-04-24,2022,17,0
"Baixada Litorânea","influenza",2022-05-01,2022,18,1
"Baixada Litorânea","influenza",2022-05-08,2022,19,1
"Baixada Litorânea","influenza",2022-05-15,2022,20,0
"Baixada Litorânea","influenza",2022-05-22,2022,21,0
"Baixada Litorânea","influenza",2022-05-29,2022,22,1
"Baixada Litorânea","influenza",2022-06-05,2022,23,0
"Baixada Litorânea","influenza",2022-06-12,2022,24,0
"Baixada Litorânea","influenza",2022-06-19,2022,25,0
"Baixada Litorânea","influenza",2022-06-26,2022,26,0
"Baixada Litorânea","influenza",2022-07-03,2022,27,0
"Baixada Litorânea","influenza",2022-07-10,2022,28,2
"Baixada Litorânea","influenza",2022-07-17,2022,29,0
"Baixada Litorânea","influenza",2022-07-24,2022,30,0
"Baixada Litorânea","influenza",2022-07-31,2022,31,0
"Baixada Litorânea","influenza",2022-08-07,2022,32,0
"Baixada Litorânea","influenza",2022-08-14,2022,33,1
"Baixada Litorânea","influenza",2022-08-21,2022,34,1
"Baixada Litorânea","influenza",2022-08-28,2022,35,1
"Baixada Litorânea","influenza",2022-09-04,2022,36,0
"Baixada Litorânea","influenza",2022-09-11,2022,37,0
"Baixada Litorânea","influenza",2022-09-18,2022,38,0
"Baixada Litorânea","influenza",2022-09-25,2022,39,0
"Baixada Litorânea","influenza",2022-10-02,2022,40,0
"Baixada Litorânea","influenza",2022-10-09,2022,41,0
"Baixada Litorânea","influenza",2022-10-16,2022,42,1
"Baixada Litorânea","influenza",2022-10-23,2022,43,0
"Baixada Litorânea","influenza",2022-10-30,2022,44,0
"Baixada Litorânea","influenza",2022-11-06,2022,45,2
"Baixada Litorânea","influenza",2022-11-13,2022,46,1
"Baixada Litorânea","influenza",2022-11-20,2022,47,0
"Baixada Litorânea","influenza",2022-11-27,2022,48,0
"Baixada Litorânea","influenza",2022-12-04,2022,49,1
"Baixada Litorânea","influenza",2022-12-11,2022,50,0
"Baixada Litorânea","influenza",2022-12-18,2022,51,0
"Baixada Litorânea","influenza",2022-12-25,2022,52,0
"Baixada Litorânea","influenza",2023-01-01,2023,1,0
"Baixada Litorânea","influenza",2023-01-08,2023,2,1
"Baixada Litorânea","influenza",2023-01-15,2023,3,2
"Baixada Litorânea","influenza",2023-01-22,2023,4,0
"Baixada Litorânea","influenza",2023-01-29,2023,5,0
"Baixada Litorânea","influenza",2023-02-05,2023,6,0
"Baixada Litorânea","influenza",2023-02-12,2023,7,1
"Baixada Litorânea","influenza",2023-02-19,2023,8,1
"Baixada Litorânea","influenza",2023-02-26,2023,9,1
"Baixada Litorânea","influenza",2023-03-05,2023,10,1
"Baixada Litorânea","influenza",2023-03-12,2023,11,0
"Baixada Litorânea","influenza",2023-03-19,2023,12,0
"Baixada Litorânea","influenza",2023-03-26,2023,13,1
"Baixada Litorânea","influenza",2023-04-02,2023,14,1
"Baixada Litorânea","influenza",2023-04-09,2023,15,2
"Baixada Litorânea","influenza",2023-04-16,2023,16,0
"Baixada Litorânea","influenza",2023-04-23,2023,17,1
"Baixada Litorânea","influenza",2023-04-30,2023,18,5
"Baixada Litorânea","influenza",2023-05-07,2023,19,3
"Baixada Litorânea","influenza",2023-05-14,2023,20,4
"Baixada Litorânea","influenza",2023-05-21,2023,21,1
"Baixada Litorânea","influenza",2023-05-28,2023,22,3
"Baixada Litorânea","influenza",2023-06-04,2023,23,0
"Baixada Litorânea","influenza",2023-06-11,2023,24,1
"Baixada Litorânea","influenza",2023-06-18,2023,25,3
"Baixada Litorânea","influenza",2023-06-25,2023,26,3
"Baixada Litorânea","influenza",2023-07-02,2023,27,2
"Baixada Litorânea","influenza",2023-07-09,2023,28,3
"Baixada Litorânea","influenza",2023-07-16,2023,29,3
"Baixada Litorânea","influenza",2023-07-23,2023,30,6
"Baixada Litorânea","influenza",2023-07-30,2023,31,0
"Baixada Litorânea","influenza",2023-08-06,2023,32,0
"Baixada Litorânea","influenza",2023-08-13,2023,33,0
"Baixada Litorânea","influenza",2023-08-20,2023,34,0
"Baixada Litorânea","influenza",2023-08-27,2023,35,1
"Baixada Litorânea","influenza",2023-09-03,2023,36,1
"Baixada Litorânea","influenza",2023-09-10,2023,37,0
"Baixada Litorânea","influenza",2023-09-17,2023,38,1
"Baixada Litorânea","influenza",2023-09-24,2023,39,0
"Baixada Litorânea","influenza",2023-10-01,2023,40,0
"Baixada Litorânea","influenza",2023-10-08,2023,41,0
"Baixada Litorânea","influenza",2023-10-15,2023,42,0
"Baixada Litorânea","influenza",2023-10-22,2023,43,2
"Baixada Litorânea","influenza",2023-10-29,2023,44,1
"Baixada Litorânea","influenza",2023-11-05,2023,45,0
"Baixada Litorânea","influenza",2023-11-12,2023,46,0
"Baixada Litorânea","influenza",2023-11-19,2023,47,1
"Baixada Litorânea","influenza",2023-11-26,2023,48,0
"Baixada Litorânea","influenza",2023-12-03,2023,49,0
"Baixada Litorânea","influenza",2023-12-10,2023,50,0
"Baixada Litorânea","influenza",2023-12-17,2023,51,0
"Baixada Litorânea","influenza",2023-12-24,2023,52,0
"Baixada Litorânea","influenza",2023-12-31,2024,1,0
"Baixada Litorânea","influenza",2024-01-07,2024,2,0
"Baixada Litorânea","influenza",2024-01-14,2024,3,0
"Baixada Litorânea","influenza",2024-01-21,2024,4,1
"Baixada Litorânea","influenza",2024-01-28,2024,5,1
"Baixada Litorânea","influenza",2024-02-04,2024,6,1
"Baixada Litorânea","influenza",2024-02-11,2024,7,1
"Baixada Litorânea","influenza",2024-02-18,2024,8,3
"Baixada Litorânea","influenza",2024-02-25,2024,9,2
"Baixada Litorânea","influenza",2024-03-03,2024,10,4
"Baixada Litorânea","influenza",2024-03-10,2024,11,5
"Baixada Litorânea","influenza",2024-03-17,2024,12,7
"Baixada Litorânea","influenza",2024-03-24,2024,13,1
"Baixada Litorânea","influenza",2024-03-31,2024,14,6
"Baixada Litorânea","influenza",2024-04-07,2024,15,3
"Baixada Litorânea","influenza",2024-04-14,2024,16,4
"Baixada Litorânea","influenza",2024-04-21,2024,17,6
"Baixada Litorânea","influenza",2024-04-28,2024,18,3
"Baixada Litorânea","influenza",2024-05-05,2024,19,3
"Baixada Litorânea","influenza",2024-05-12,2024,20,3
"Baixada Litorânea","influenza",2024-05-19,2024,21,7
"Baixada Litorânea","influenza",2024-05-26,2024,22,3
"Baixada Litorânea","influenza",2024-06-02,2024,23,2
"Baixada Litorânea","influenza",2024-06-09,2024,24,2
"Baixada Litorânea","influenza",2024-06-16,2024,25,2
"Baixada Litorânea","influenza",2024-06-23,2024,26,1
"Baixada Litorânea","influenza",2024-06-30,2024,27,1
"Baixada Litorânea","influenza",2024-07-07,2024,28,0
"Baixada Litorânea","influenza",2024-07-14,2024,29,1
"Baixada Litorânea","influenza",2024-07-21,2024,30,0
"Baixada Litorânea","influenza",2024-07-28,2024,31,0
"Baixada Litorânea","influenza",2024-08-04,2024,32,0
"Baixada Litorânea","influenza",2024-08-11,2024,33,0
"Baixada Litorânea","influenza",2024-08-18,2024,34,2
"Baixada Litorânea","influenza",2024-08-25,2024,35,0
"Baixada Litorânea","influenza",2024-09-01,2024,36,3
"Baixada Litorânea","influenza",2024-09-08,2024,37,2
"Baixada Litorânea","influenza",2024-09-15,2024,38,0
"Baixada Litorânea","influenza",2024-09-22,2024,39,2
"Baixada Litorânea","influenza",2024-09-29,2024,40,1
"Baixada Litorânea","influenza",2024-10-06,2024,41,5
"Baixada Litorânea","influenza",2024-10-13,2024,42,3
"Baixada Litorânea","influenza",2024-10-20,2024,43,5
"Baixada Litorânea","influenza",2024-10-27,2024,44,2
"Baixada Litorânea","influenza",2024-11-03,2024,45,0
"Baixada Litorânea","influenza",2024-11-10,2024,46,0
"Baixada Litorânea","influenza",2024-11-17,2024,47,3
"Baixada Litorânea","influenza",2024-11-24,2024,48,3
"Baixada Litorânea","influenza",2024-12-01,2024,49,0
"Baixada Litorânea","influenza",2024-12-08,2024,50,0
"Baixada Litorânea","influenza",2024-12-15,2024,51,0
"Baixada Litorânea","influenza",2024-12-22,2024,52,0
"Baixada Litorânea","influenza",2024-12-29,2025,1,3
"Baixada Litorânea","influenza",2025-01-05,2025,2,2
"Baixada Litorânea","influenza",2025-01-12,2025,3,1
"Baixada Litorânea","influenza",2025-01-19,2025,4,1
"Baixada Litorânea","influenza",2025-01-26,2025,5,0
"Baixada Litorânea","influenza",2025-02-02,2025,6,1
"Baixada Litorânea","influenza",2025-02-09,2025,7,0
"Baixada Litorânea","influenza",2025-02-16,2025,8,0
"Baixada Litorânea","influenza",2025-02-23,2025,9,0
"Baixada Litorânea","influenza",2025-03-02,2025,10,0
"Baixada Litorânea","influenza",2025-03-09,2025,11,0
"Baixada Litorânea","influenza",2025-03-16,2025,12,1
"Baixada Litorânea","influenza",2025-03-23,2025,13,1
"Baixada Litorânea","influenza",2025-03-30,2025,14,1
"Baixada Litorânea","influenza",2025-04-06,2025,15,0
"Baixada Litorânea","influenza",2025-04-13,2025,16,2
"Baixada Litorânea","influenza",2025-04-20,2025,17,4
"Baixada Litorânea","influenza",2025-04-27,2025,18,3
"Baixada Litorânea","influenza",2025-05-04,2025,19,5
"Baixada Litorânea","influenza",2025-05-11,2025,20,7
"Baixada Litorânea","influenza",2025-05-18,2025,21,12
"Baixada Litorânea","influenza",2025-05-25,2025,22,9
"Baixada Litorânea","influenza",2025-06-01,2025,23,8
"Baixada Litorânea","influenza",2025-06-08,2025,24,5
"Baixada Litorânea","influenza",2025-06-15,2025,25,3
"Baixada Litorânea","influenza",2025-06-22,2025,26,2
"Baixada Litorânea","influenza",2025-06-29,2025,27,1
"Baixada Litorânea","influenza",2025-07-06,2025,28,0
"Baixada Litorânea","influenza",2025-07-13,2025,29,2
"Baixada Litorânea","influenza",2025-07-20,2025,30,0
"Baixada Litorânea","influenza",2025-07-27,2025,31,1
"Baixada Litorânea","influenza",2025-08-03,2025,32,0
"Baixada Litorânea","influenza",2025-08-10,2025,33,0
"Baixada Litorânea","influenza",2025-08-17,2025,34,0
"Baixada Litorânea","influenza",2025-08-24,2025,35,1
"Baixada Litorânea","influenza",2025-08-31,2025,36,0
"Baixada Litorânea","influenza",2025-09-07,2025,37,0
"Baixada Litorânea","influenza",2025-09-14,2025,38,2
"Baixada Litorânea","influenza",2025-09-21,2025,39,2
"Baixada Litorânea","influenza",2025-09-28,2025,40,2
"Baixada Litorânea","influenza",2025-10-05,2025,41,2
"Baixada Litorânea","influenza",2025-10-12,2025,42,0
"Baixada Litorânea","influenza",2025-10-19,2025,43,0
"Baixada Litorânea","influenza",2025-10-26,2025,44,0
"Baixada Litorânea","influenza",2025-11-02,2025,45,1
"Baixada Litorânea","influenza",2025-11-09,2025,46,2
"Baixada Litorânea","influenza",2025-11-16,2025,47,2
"Baixada Litorânea","influenza",2025-11-23,2025,48,5
"Baixada Litorânea","influenza",2025-11-30,2025,49,1
"Baixada Litorânea","influenza",2025-12-07,2025,50,0
"Baixada Litorânea","influenza",2025-12-14,2025,51,0
"Baixada Litorânea","influenza",2025-12-21,2025,52,1
"Baixada Litorânea","influenza",2025-12-28,2025,53,1
"Baixada Litorânea","vsr",2022-01-02,2022,1,1
"Baixada Litorânea","vsr",2022-01-09,2022,2,1
"Baixada Litorânea","vsr",2022-01-16,2022,3,0
"Baixada Litorânea","vsr",2022-01-23,2022,4,0
"Baixada Litorânea","vsr",2022-01-30,2022,5,0
"Baixada Litorânea","vsr",2022-02-06,2022,6,0
"Baixada Litorânea","vsr",2022-02-13,2022,7,0
"Baixada Litorânea","vsr",2022-02-20,2022,8,0
"Baixada Litorânea","vsr",2022-02-27,2022,9,0
"Baixada Litorânea","vsr",2022-03-06,2022,10,1
"Baixada Litorânea","vsr",2022-03-13,2022,11,0
"Baixada Litorânea","vsr",2022-03-20,2022,12,0
"Baixada Litorânea","vsr",2022-03-27,2022,13,2
"Baixada Litorânea","vsr",2022-04-03,2022,14,4
"Baixada Litorânea","vsr",2022-04-10,2022,15,7
"Baixada Litorânea","vsr",2022-04-17,2022,16,2
"Baixada Litorânea","vsr",2022-04-24,2022,17,2
"Baixada Litorânea","vsr",2022-05-01,2022,18,1
"Baixada Litorânea","vsr",2022-05-08,2022,19,3
"Baixada Litorânea","vsr",2022-05-15,2022,20,6
"Baixada Litorânea","vsr",2022-05-22,2022,21,2
"Baixada Litorânea","vsr",2022-05-29,2022,22,1
"Baixada Litorânea","vsr",2022-06-05,2022,23,0
"Baixada Litorânea","vsr",2022-06-12,2022,24,1
"Baixada Litorânea","vsr",2022-06-19,2022,25,0
"Baixada Litorânea","vsr",2022-06-26,2022,26,0
"Baixada Litorânea","vsr",2022-07-03,2022,27,0
"Baixada Litorânea","vsr",2022-07-10,2022,28,0
"Baixada Litorânea","vsr",2022-07-17,2022,29,0
"Baixada Litorânea","vsr",2022-07-24,2022,30,0
"Baixada Litorânea","vsr",2022-07-31,2022,31,0
"Baixada Litorânea","vsr",2022-08-07,2022,32,0
"Baixada Litorânea","vsr",2022-08-14,2022,33,0
"Baixada Litorânea","vsr",2022-08-21,2022,34,0
"Baixada Litorânea","vsr",2022-08-28,2022,35,0
"Baixada Litorânea","vsr",2022-09-04,2022,36,0
"Baixada Litorânea","vsr",2022-09-11,2022,37,0
"Baixada Litorânea","vsr",2022-09-18,2022,38,0
"Baixada Litorânea","vsr",2022-09-25,2022,39,0
"Baixada Litorânea","vsr",2022-10-02,2022,40,0
"Baixada Litorânea","vsr",2022-10-09,2022,41,0
"Baixada Litorânea","vsr",2022-10-16,2022,42,0
"Baixada Litorânea","vsr",2022-10-23,2022,43,0
"Baixada Litorânea","vsr",2022-10-30,2022,44,0
"Baixada Litorânea","vsr",2022-11-06,2022,45,0
"Baixada Litorânea","vsr",2022-11-13,2022,46,0
"Baixada Litorânea","vsr",2022-11-20,2022,47,0
"Baixada Litorânea","vsr",2022-11-27,2022,48,0
"Baixada Litorânea","vsr",2022-12-04,2022,49,0
"Baixada Litorânea","vsr",2022-12-11,2022,50,0
"Baixada Litorânea","vsr",2022-12-18,2022,51,0
"Baixada Litorânea","vsr",2022-12-25,2022,52,0
"Baixada Litorânea","vsr",2023-01-01,2023,1,0
"Baixada Litorânea","vsr",2023-01-08,2023,2,0
"Baixada Litorânea","vsr",2023-01-15,2023,3,0
"Baixada Litorânea","vsr",2023-01-22,2023,4,0
"Baixada Litorânea","vsr",2023-01-29,2023,5,0
"Baixada Litorânea","vsr",2023-02-05,2023,6,0
"Baixada Litorânea","vsr",2023-02-12,2023,7,0
"Baixada Litorânea","vsr",2023-02-19,2023,8,0
"Baixada Litorânea","vsr",2023-02-26,2023,9,0
"Baixada Litorânea","vsr",2023-03-05,2023,10,0
"Baixada Litorânea","vsr",2023-03-12,2023,11,1
"Baixada Litorânea","vsr",2023-03-19,2023,12,1
"Baixada Litorânea","vsr",2023-03-26,2023,13,0
"Baixada Litorânea","vsr",2023-04-02,2023,14,1
"Baixada Litorânea","vsr",2023-04-09,2023,15,1
"Baixada Litorânea","vsr",2023-04-16,2023,16,1
"Baixada Litorânea","vsr",2023-04-23,2023,17,0
"Baixada Litorânea","vsr",2023-04-30,2023,18,3
"Baixada Litorânea","vsr",2023-05-07,2023,19,3
"Baixada Litorânea","vsr",2023-05-14,2023,20,0
"Baixada Litorânea","vsr",2023-05-21,2023,21,1
"Baixada Litorânea","vsr",2023-05-28,2023,22,0
"Baixada Litorânea","vsr",2023-06-04,2023,23,0
"Baixada Litorânea","vsr",2023-06-11,2023,24,0
"Baixada Litorânea","vsr",2023-06-18,2023,25,1
"Baixada Litorânea","vsr",2023-06-25,2023,26,0
"Baixada Litorânea","vsr",2023-07-02,2023,27,0
"Baixada Litorânea","vsr",2023-07-09,2023,28,0
"Baixada Litorânea","vsr",2023-07-16,2023,29,0
"Baixada Litorânea","vsr",2023-07-23,2023,30,0
"Baixada Litorânea","vsr",2023-07-30,2023,31,0
"Baixada Litorânea","vsr",2023-08-06,2023,32,0
"Baixada Litorânea","vsr",2023-08-13,2023,33,0
"Baixada Litorânea","vsr",2023-08-20,2023,34,1
"Baixada Litorânea","vsr",2023-08-27,2023,35,0
"Baixada Litorânea","vsr",2023-09-03,2023,36,0
"Baixada Litorânea","vsr",2023-09-10,2023,37,0
"Baixada Litorânea","vsr",2023-09-17,2023,38,0
"Baixada Litorânea","vsr",2023-09-24,2023,39,0
"Baixada Litorânea","vsr",2023-10-01,2023,40,0
"Baixada Litorânea","vsr",2023-10-08,2023,41,1
"Baixada Litorânea","vsr",2023-10-15,2023,42,0
"Baixada Litorânea","vsr",2023-10-22,2023,43,0
"Baixada Litorânea","vsr",2023-10-29,2023,44,0
"Baixada Litorânea","vsr",2023-11-05,2023,45,0
"Baixada Litorânea","vsr",2023-11-12,2023,46,0
"Baixada Litorânea","vsr",2023-11-19,2023,47,0
"Baixada Litorânea","vsr",2023-11-26,2023,48,0
"Baixada Litorânea","vsr",2023-12-03,2023,49,0
"Baixada Litorânea","vsr",2023-12-10,2023,50,0
"Baixada Litorânea","vsr",2023-12-17,2023,51,0
"Baixada Litorânea","vsr",2023-12-24,2023,52,0
"Baixada Litorânea","vsr",2023-12-31,2024,1,0
"Baixada Litorânea","vsr",2024-01-07,2024,2,0
"Baixada Litorânea","vsr",2024-01-14,2024,3,0
"Baixada Litorânea","vsr",2024-01-21,2024,4,0
"Baixada Litorânea","vsr",2024-01-28,2024,5,0
"Baixada Litorânea","vsr",2024-02-04,2024,6,0
"Baixada Litorânea","vsr",2024-02-11,2024,7,0
"Baixada Litorânea","vsr",2024-02-18,2024,8,0
"Baixada Litorânea","vsr",2024-02-25,2024,9,0
"Baixada Litorânea","vsr",2024-03-03,2024,10,1
"Baixada Litorânea","vsr",2024-03-10,2024,11,0
"Baixada Litorânea","vsr",2024-03-17,2024,12,0
"Baixada Litorânea","vsr",2024-03-24,2024,13,3
"Baixada Litorânea","vsr",2024-03-31,2024,14,2
"Baixada Litorânea","vsr",2024-04-07,2024,15,7
"Baixada Litorânea","vsr",2024-04-14,2024,16,7
"Baixada Litorânea","vsr",2024-04-21,2024,17,6
"Baixada Litorânea","vsr",2024-04-28,2024,18,10
"Baixada Litorânea","vsr",2024-05-05,2024,19,6
"Baixada Litorânea","vsr",2024-05-12,2024,20,9
"Baixada Litorânea","vsr",2024-05-19,2024,21,11
"Baixada Litorânea","vsr",2024-05-26,2024,22,11
"Baixada Litorânea","vsr",2024-06-02,2024,23,3
"Baixada Litorânea","vsr",2024-06-09,2024,24,5
"Baixada Litorânea","vsr",2024-06-16,2024,25,3
"Baixada Litorânea","vsr",2024-06-23,2024,26,3
"Baixada Litorânea","vsr",2024-06-30,2024,27,2
"Baixada Litorânea","vsr",2024-07-07,2024,28,0
"Baixada Litorânea","vsr",2024-07-14,2024,29,3
"Baixada Litorânea","vsr",2024-07-21,2024,30,0
"Baixada Litorânea","vsr",2024-07-28,2024,31,1
"Baixada Litorânea","vsr",2024-08-04,2024,32,1
"Baixada Litorânea","vsr",2024-08-11,2024,33,0
"Baixada Litorânea","vsr",2024-08-18,2024,34,0
"Baixada Litorânea","vsr",2024-08-25,2024,35,0
"Baixada Litorânea","vsr",2024-09-01,2024,36,0
"Baixada Litorânea","vsr",2024-09-08,2024,37,0
"Baixada Litorânea","vsr",2024-09-15,2024,38,0
"Baixada Litorânea","vsr",2024-09-22,2024,39,0
"Baixada Litorânea","vsr",2024-09-29,2024,40,0
"Baixada Litorânea","vsr",2024-10-06,2024,41,0
"Baixada Litorânea","vsr",2024-10-13,2024,42,0
"Baixada Litorânea","vsr",2024-10-20,2024,43,0
"Baixada Litorânea","vsr",2024-10-27,2024,44,0
"Baixada Litorânea","vsr",2024-11-03,2024,45,0
"Baixada Litorânea","vsr",2024-11-10,2024,46,0
"Baixada Litorânea","vsr",2024-11-17,2024,47,0
"Baixada Litorânea","vsr",2024-11-24,2024,48,0
"Baixada Litorânea","vsr",2024-12-01,2024,49,1
"Baixada Litorânea","vsr",2024-12-08,2024,50,1
"Baixada Litorânea","vsr",2024-12-15,2024,51,0
"Baixada Litorânea","vsr",2024-12-22,2024,52,0
"Baixada Litorânea","vsr",2024-12-29,2025,1,0
"Baixada Litorânea","vsr",2025-01-05,2025,2,0
"Baixada Litorânea","vsr",2025-01-12,2025,3,2
"Baixada Litorânea","vsr",2025-01-19,2025,4,0
"Baixada Litorânea","vsr",2025-01-26,2025,5,0
"Baixada Litorânea","vsr",2025-02-02,2025,6,0
"Baixada Litorânea","vsr",2025-02-09,2025,7,2
"Baixada Litorânea","vsr",2025-02-16,2025,8,0
"Baixada Litorânea","vsr",2025-02-23,2025,9,0
"Baixada Litorânea","vsr",2025-03-02,2025,10,0
"Baixada Litorânea","vsr",2025-03-09,2025,11,1
"Baixada Litorânea","vsr",2025-03-16,2025,12,0
"Baixada Litorânea","vsr",2025-03-23,2025,13,3
"Baixada Litorânea","vsr",2025-03-30,2025,14,2
"Baixada Litorânea","vsr",2025-04-06,2025,15,6
"Baixada Litorânea","vsr",2025-04-13,2025,16,5
"Baixada Litorânea","vsr",2025-04-20,2025,17,5
"Baixada Litorânea","vsr",2025-04-27,2025,18,5
"Baixada Litorânea","vsr",2025-05-04,2025,19,13
"Baixada Litorânea","vsr",2025-05-11,2025,20,17
"Baixada Litorânea","vsr",2025-05-18,2025,21,10
"Baixada Litorânea","vsr",2025-05-25,2025,22,10
"Baixada Litorânea","vsr",2025-06-01,2025,23,9
"Baixada Litorânea","vsr",2025-06-08,2025,24,9
"Baixada Litorânea","vsr",2025-06-15,2025,25,11
"Baixada Litorânea","vsr",2025-06-22,2025,26,7
"Baixada Litorânea","vsr",2025-06-29,2025,27,4
"Baixada Litorânea","vsr",2025-07-06,2025,28,4
"Baixada Litorânea","vsr",2025-07-13,2025,29,1
"Baixada Litorânea","vsr",2025-07-20,2025,30,1
"Baixada Litorânea","vsr",2025-07-27,2025,31,0
"Baixada Litorânea","vsr",2025-08-03,2025,32,0
"Baixada Litorânea","vsr",2025-08-10,2025,33,0
"Baixada Litorânea","vsr",2025-08-17,2025,34,1
"Baixada Litorânea","vsr",2025-08-24,2025,35,1
"Baixada Litorânea","vsr",2025-08-31,2025,36,0
"Baixada Litorânea","vsr",2025-09-07,2025,37,0
"Baixada Litorânea","vsr",2025-09-14,2025,38,0
"Baixada Litorânea","vsr",2025-09-21,2025,39,0
"Baixada Litorânea","vsr",2025-09-28,2025,40,0
"Baixada Litorânea","vsr",2025-10-05,2025,41,0
"Baixada Litorânea","vsr",2025-10-12,2025,42,0
"Baixada Litorânea","vsr",2025-10-19,2025,43,1
"Baixada Litorânea","vsr",2025-10-26,2025,44,0
"Baixada Litorânea","vsr",2025-11-02,2025,45,0
"Baixada Litorânea","vsr",2025-11-09,2025,46,0
"Baixada Litorânea","vsr",2025-11-16,2025,47,0
"Baixada Litorânea","vsr",2025-11-23,2025,48,0
"Baixada Litorânea","vsr",2025-11-30,2025,49,0
"Baixada Litorânea","vsr",2025-12-07,2025,50,0
"Baixada Litorânea","vsr",2025-12-14,2025,51,0
"Baixada Litorânea","vsr",2025-12-21,2025,52,0
"Baixada Litorânea","vsr",2025-12-28,2025,53,0
"Centro-Sul","sarscov2",2022-01-02,2022,1,7
"Centro-Sul","sarscov2",2022-01-09,2022,2,22
"Centro-Sul","sarscov2",2022-01-16,2022,3,39
"Centro-Sul","sarscov2",2022-01-23,2022,4,24
"Centro-Sul","sarscov2",2022-01-30,2022,5,28
"Centro-Sul","sarscov2",2022-02-06,2022,6,15
"Centro-Sul","sarscov2",2022-02-13,2022,7,6
"Centro-Sul","sarscov2",2022-02-20,2022,8,6
"Centro-Sul","sarscov2",2022-02-27,2022,9,2
"Centro-Sul","sarscov2",2022-03-06,2022,10,0
"Centro-Sul","sarscov2",2022-03-13,2022,11,0
"Centro-Sul","sarscov2",2022-03-20,2022,12,0
"Centro-Sul","sarscov2",2022-03-27,2022,13,0
"Centro-Sul","sarscov2",2022-04-03,2022,14,1
"Centro-Sul","sarscov2",2022-04-10,2022,15,0
"Centro-Sul","sarscov2",2022-04-17,2022,16,1
"Centro-Sul","sarscov2",2022-04-24,2022,17,1
"Centro-Sul","sarscov2",2022-05-01,2022,18,2
"Centro-Sul","sarscov2",2022-05-08,2022,19,1
"Centro-Sul","sarscov2",2022-05-15,2022,20,9
"Centro-Sul","sarscov2",2022-05-22,2022,21,14
"Centro-Sul","sarscov2",2022-05-29,2022,22,7
"Centro-Sul","sarscov2",2022-06-05,2022,23,9
"Centro-Sul","sarscov2",2022-06-12,2022,24,21
"Centro-Sul","sarscov2",2022-06-19,2022,25,20
"Centro-Sul","sarscov2",2022-06-26,2022,26,9
"Centro-Sul","sarscov2",2022-07-03,2022,27,8
"Centro-Sul","sarscov2",2022-07-10,2022,28,1
"Centro-Sul","sarscov2",2022-07-17,2022,29,2
"Centro-Sul","sarscov2",2022-07-24,2022,30,0
"Centro-Sul","sarscov2",2022-07-31,2022,31,0
"Centro-Sul","sarscov2",2022-08-07,2022,32,1
"Centro-Sul","sarscov2",2022-08-14,2022,33,1
"Centro-Sul","sarscov2",2022-08-21,2022,34,0
"Centro-Sul","sarscov2",2022-08-28,2022,35,3
"Centro-Sul","sarscov2",2022-09-04,2022,36,0
"Centro-Sul","sarscov2",2022-09-11,2022,37,0
"Centro-Sul","sarscov2",2022-09-18,2022,38,0
"Centro-Sul","sarscov2",2022-09-25,2022,39,0
"Centro-Sul","sarscov2",2022-10-02,2022,40,0
"Centro-Sul","sarscov2",2022-10-09,2022,41,0
"Centro-Sul","sarscov2",2022-10-16,2022,42,1
"Centro-Sul","sarscov2",2022-10-23,2022,43,1
"Centro-Sul","sarscov2",2022-10-30,2022,44,3
"Centro-Sul","sarscov2",2022-11-06,2022,45,5
"Centro-Sul","sarscov2",2022-11-13,2022,46,11
"Centro-Sul","sarscov2",2022-11-20,2022,47,16
"Centro-Sul","sarscov2",2022-11-27,2022,48,14
"Centro-Sul","sarscov2",2022-12-04,2022,49,9
"Centro-Sul","sarscov2",2022-12-11,2022,50,3
"Centro-Sul","sarscov2",2022-12-18,2022,51,2
"Centro-Sul","sarscov2",2022-12-25,2022,52,4
"Centro-Sul","sarscov2",2023-01-01,2023,1,2
"Centro-Sul","sarscov2",2023-01-08,2023,2,0
"Centro-Sul","sarscov2",2023-01-15,2023,3,0
"Centro-Sul","sarscov2",2023-01-22,2023,4,0
"Centro-Sul","sarscov2",2023-01-29,2023,5,0
"Centro-Sul","sarscov2",2023-02-05,2023,6,0
"Centro-Sul","sarscov2",2023-02-12,2023,7,1
"Centro-Sul","sarscov2",2023-02-19,2023,8,3
"Centro-Sul","sarscov2",2023-02-26,2023,9,2
"Centro-Sul","sarscov2",2023-03-05,2023,10,3
"Centro-Sul","sarscov2",2023-03-12,2023,11,1
"Centro-Sul","sarscov2",2023-03-19,2023,12,1
"Centro-Sul","sarscov2",2023-03-26,2023,13,4
"Centro-Sul","sarscov2",2023-04-02,2023,14,1
"Centro-Sul","sarscov2",2023-04-09,2023,15,3
"Centro-Sul","sarscov2",2023-04-16,2023,16,1
"Centro-Sul","sarscov2",2023-04-23,2023,17,1
"Centro-Sul","sarscov2",2023-04-30,2023,18,2
"Centro-Sul","sarscov2",2023-05-07,2023,19,2
"Centro-Sul","sarscov2",2023-05-14,2023,20,0
"Centro-Sul","sarscov2",2023-05-21,2023,21,2
"Centro-Sul","sarscov2",2023-05-28,2023,22,0
"Centro-Sul","sarscov2",2023-06-04,2023,23,0
"Centro-Sul","sarscov2",2023-06-11,2023,24,0
"Centro-Sul","sarscov2",2023-06-18,2023,25,0
"Centro-Sul","sarscov2",2023-06-25,2023,26,0
"Centro-Sul","sarscov2",2023-07-02,2023,27,0
"Centro-Sul","sarscov2",2023-07-09,2023,28,0
"Centro-Sul","sarscov2",2023-07-16,2023,29,0
"Centro-Sul","sarscov2",2023-07-23,2023,30,1
"Centro-Sul","sarscov2",2023-07-30,2023,31,0
"Centro-Sul","sarscov2",2023-08-06,2023,32,1
"Centro-Sul","sarscov2",2023-08-13,2023,33,0
"Centro-Sul","sarscov2",2023-08-20,2023,34,0
"Centro-Sul","sarscov2",2023-08-27,2023,35,1
"Centro-Sul","sarscov2",2023-09-03,2023,36,1
"Centro-Sul","sarscov2",2023-09-10,2023,37,1
"Centro-Sul","sarscov2",2023-09-17,2023,38,1
"Centro-Sul","sarscov2",2023-09-24,2023,39,0
"Centro-Sul","sarscov2",2023-10-01,2023,40,3
"Centro-Sul","sarscov2",2023-10-08,2023,41,1
"Centro-Sul","sarscov2",2023-10-15,2023,42,1
"Centro-Sul","sarscov2",2023-10-22,2023,43,3
"Centro-Sul","sarscov2",2023-10-29,2023,44,0
"Centro-Sul","sarscov2",2023-11-05,2023,45,2
"Centro-Sul","sarscov2",2023-11-12,2023,46,0
"Centro-Sul","sarscov2",2023-11-19,2023,47,0
"Centro-Sul","sarscov2",2023-11-26,2023,48,0
"Centro-Sul","sarscov2",2023-12-03,2023,49,0
"Centro-Sul","sarscov2",2023-12-10,2023,50,0
"Centro-Sul","sarscov2",2023-12-17,2023,51,0
"Centro-Sul","sarscov2",2023-12-24,2023,52,0
"Centro-Sul","sarscov2",2023-12-31,2024,1,0
"Centro-Sul","sarscov2",2024-01-07,2024,2,0
"Centro-Sul","sarscov2",2024-01-14,2024,3,0
"Centro-Sul","sarscov2",2024-01-21,2024,4,0
"Centro-Sul","sarscov2",2024-01-28,2024,5,2
"Centro-Sul","sarscov2",2024-02-04,2024,6,3
"Centro-Sul","sarscov2",2024-02-11,2024,7,0
"Centro-Sul","sarscov2",2024-02-18,2024,8,1
"Centro-Sul","sarscov2",2024-02-25,2024,9,2
"Centro-Sul","sarscov2",2024-03-03,2024,10,4
"Centro-Sul","sarscov2",2024-03-10,2024,11,0
"Centro-Sul","sarscov2",2024-03-17,2024,12,0
"Centro-Sul","sarscov2",2024-03-24,2024,13,1
"Centro-Sul","sarscov2",2024-03-31,2024,14,0
"Centro-Sul","sarscov2",2024-04-07,2024,15,0
"Centro-Sul","sarscov2",2024-04-14,2024,16,0
"Centro-Sul","sarscov2",2024-04-21,2024,17,0
"Centro-Sul","sarscov2",2024-04-28,2024,18,0
"Centro-Sul","sarscov2",2024-05-05,2024,19,0
"Centro-Sul","sarscov2",2024-05-12,2024,20,0
"Centro-Sul","sarscov2",2024-05-19,2024,21,0
"Centro-Sul","sarscov2",2024-05-26,2024,22,0
"Centro-Sul","sarscov2",2024-06-02,2024,23,0
"Centro-Sul","sarscov2",2024-06-09,2024,24,0
"Centro-Sul","sarscov2",2024-06-16,2024,25,0
"Centro-Sul","sarscov2",2024-06-23,2024,26,0
"Centro-Sul","sarscov2",2024-06-30,2024,27,0
"Centro-Sul","sarscov2",2024-07-07,2024,28,0
"Centro-Sul","sarscov2",2024-07-14,2024,29,0
"Centro-Sul","sarscov2",2024-07-21,2024,30,0
"Centro-Sul","sarscov2",2024-07-28,2024,31,0
"Centro-Sul","sarscov2",2024-08-04,2024,32,0
"Centro-Sul","sarscov2",2024-08-11,2024,33,1
"Centro-Sul","sarscov2",2024-08-18,2024,34,0
"Centro-Sul","sarscov2",2024-08-25,2024,35,1
"Centro-Sul","sarscov2",2024-09-01,2024,36,0
"Centro-Sul","sarscov2",2024-09-08,2024,37,1
"Centro-Sul","sarscov2",2024-09-15,2024,38,0
"Centro-Sul","sarscov2",2024-09-22,2024,39,1
"Centro-Sul","sarscov2",2024-09-29,2024,40,0
"Centro-Sul","sarscov2",2024-10-06,2024,41,0
"Centro-Sul","sarscov2",2024-10-13,2024,42,0
"Centro-Sul","sarscov2",2024-10-20,2024,43,1
"Centro-Sul","sarscov2",2024-10-27,2024,44,0
"Centro-Sul","sarscov2",2024-11-03,2024,45,0
"Centro-Sul","sarscov2",2024-11-10,2024,46,1
"Centro-Sul","sarscov2",2024-11-17,2024,47,0
"Centro-Sul","sarscov2",2024-11-24,2024,48,0
"Centro-Sul","sarscov2",2024-12-01,2024,49,0
"Centro-Sul","sarscov2",2024-12-08,2024,50,0
"Centro-Sul","sarscov2",2024-12-15,2024,51,0
"Centro-Sul","sarscov2",2024-12-22,2024,52,0
"Centro-Sul","sarscov2",2024-12-29,2025,1,0
"Centro-Sul","sarscov2",2025-01-05,2025,2,0
"Centro-Sul","sarscov2",2025-01-12,2025,3,0
"Centro-Sul","sarscov2",2025-01-19,2025,4,0
"Centro-Sul","sarscov2",2025-01-26,2025,5,0
"Centro-Sul","sarscov2",2025-02-02,2025,6,0
"Centro-Sul","sarscov2",2025-02-09,2025,7,0
"Centro-Sul","sarscov2",2025-02-16,2025,8,0
"Centro-Sul","sarscov2",2025-02-23,2025,9,0
"Centro-Sul","sarscov2",2025-03-02,2025,10,1
"Centro-Sul","sarscov2",2025-03-09,2025,11,0
"Centro-Sul","sarscov2",2025-03-16,2025,12,0
"Centro-Sul","sarscov2",2025-03-23,2025,13,0
"Centro-Sul","sarscov2",2025-03-30,2025,14,0
"Centro-Sul","sarscov2",2025-04-06,2025,15,1
"Centro-Sul","sarscov2",2025-04-13,2025,16,0
"Centro-Sul","sarscov2",2025-04-20,2025,17,0
"Centro-Sul","sarscov2",2025-04-27,2025,18,1
"Centro-Sul","sarscov2",2025-05-04,2025,19,0
"Centro-Sul","sarscov2",2025-05-11,2025,20,0
"Centro-Sul","sarscov2",2025-05-18,2025,21,0
"Centro-Sul","sarscov2",2025-05-25,2025,22,0
"Centro-Sul","sarscov2",2025-06-01,2025,23,1
"Centro-Sul","sarscov2",2025-06-08,2025,24,1
"Centro-Sul","sarscov2",2025-06-15,2025,25,0
"Centro-Sul","sarscov2",2025-06-22,2025,26,0
"Centro-Sul","sarscov2",2025-06-29,2025,27,0
"Centro-Sul","sarscov2",2025-07-06,2025,28,0
"Centro-Sul","sarscov2",2025-07-13,2025,29,0
"Centro-Sul","sarscov2",2025-07-20,2025,30,0
"Centro-Sul","sarscov2",2025-07-27,2025,31,0
"Centro-Sul","sarscov2",2025-08-03,2025,32,1
"Centro-Sul","sarscov2",2025-08-10,2025,33,3
"Centro-Sul","sarscov2",2025-08-17,2025,34,1
"Centro-Sul","sarscov2",2025-08-24,2025,35,0
"Centro-Sul","sarscov2",2025-08-31,2025,36,2
"Centro-Sul","sarscov2",2025-09-07,2025,37,0
"Centro-Sul","sarscov2",2025-09-14,2025,38,0
"Centro-Sul","sarscov2",2025-09-21,2025,39,0
"Centro-Sul","sarscov2",2025-09-28,2025,40,0
"Centro-Sul","sarscov2",2025-10-05,2025,41,0
"Centro-Sul","sarscov2",2025-10-12,2025,42,0
"Centro-Sul","sarscov2",2025-10-19,2025,43,0
"Centro-Sul","sarscov2",2025-10-26,2025,44,0
"Centro-Sul","sarscov2",2025-11-02,2025,45,0
"Centro-Sul","sarscov2",2025-11-09,2025,46,0
"Centro-Sul","sarscov2",2025-11-16,2025,47,0
"Centro-Sul","sarscov2",2025-11-23,2025,48,0
"Centro-Sul","sarscov2",2025-11-30,2025,49,0
"Centro-Sul","sarscov2",2025-12-07,2025,50,0
"Centro-Sul","sarscov2",2025-12-14,2025,51,0
"Centro-Sul","sarscov2",2025-12-21,2025,52,0
"Centro-Sul","sarscov2",2025-12-28,2025,53,1
"Centro-Sul","influenza",2022-01-02,2022,1,3
"Centro-Sul","influenza",2022-01-09,2022,2,3
"Centro-Sul","influenza",2022-01-16,2022,3,0
"Centro-Sul","influenza",2022-01-23,2022,4,0
"Centro-Sul","influenza",2022-01-30,2022,5,0
"Centro-Sul","influenza",2022-02-06,2022,6,0
"Centro-Sul","influenza",2022-02-13,2022,7,0
"Centro-Sul","influenza",2022-02-20,2022,8,0
"Centro-Sul","influenza",2022-02-27,2022,9,2
"Centro-Sul","influenza",2022-03-06,2022,10,0
"Centro-Sul","influenza",2022-03-13,2022,11,0
"Centro-Sul","influenza",2022-03-20,2022,12,0
"Centro-Sul","influenza",2022-03-27,2022,13,0
"Centro-Sul","influenza",2022-04-03,2022,14,0
"Centro-Sul","influenza",2022-04-10,2022,15,1
"Centro-Sul","influenza",2022-04-17,2022,16,0
"Centro-Sul","influenza",2022-04-24,2022,17,0
"Centro-Sul","influenza",2022-05-01,2022,18,0
"Centro-Sul","influenza",2022-05-08,2022,19,0
"Centro-Sul","influenza",2022-05-15,2022,20,0
"Centro-Sul","influenza",2022-05-22,2022,21,0
"Centro-Sul","influenza",2022-05-29,2022,22,0
"Centro-Sul","influenza",2022-06-05,2022,23,0
"Centro-Sul","influenza",2022-06-12,2022,24,0
"Centro-Sul","influenza",2022-06-19,2022,25,0
"Centro-Sul","influenza",2022-06-26,2022,26,0
"Centro-Sul","influenza",2022-07-03,2022,27,0
"Centro-Sul","influenza",2022-07-10,2022,28,0
"Centro-Sul","influenza",2022-07-17,2022,29,0
"Centro-Sul","influenza",2022-07-24,2022,30,0
"Centro-Sul","influenza",2022-07-31,2022,31,0
"Centro-Sul","influenza",2022-08-07,2022,32,0
"Centro-Sul","influenza",2022-08-14,2022,33,0
"Centro-Sul","influenza",2022-08-21,2022,34,0
"Centro-Sul","influenza",2022-08-28,2022,35,0
"Centro-Sul","influenza",2022-09-04,2022,36,0
"Centro-Sul","influenza",2022-09-11,2022,37,0
"Centro-Sul","influenza",2022-09-18,2022,38,0
"Centro-Sul","influenza",2022-09-25,2022,39,0
"Centro-Sul","influenza",2022-10-02,2022,40,0
"Centro-Sul","influenza",2022-10-09,2022,41,0
"Centro-Sul","influenza",2022-10-16,2022,42,0
"Centro-Sul","influenza",2022-10-23,2022,43,0
"Centro-Sul","influenza",2022-10-30,2022,44,3
"Centro-Sul","influenza",2022-11-06,2022,45,0
"Centro-Sul","influenza",2022-11-13,2022,46,2
"Centro-Sul","influenza",2022-11-20,2022,47,1
"Centro-Sul","influenza",2022-11-27,2022,48,0
"Centro-Sul","influenza",2022-12-04,2022,49,0
"Centro-Sul","influenza",2022-12-11,2022,50,0
"Centro-Sul","influenza",2022-12-18,2022,51,0
"Centro-Sul","influenza",2022-12-25,2022,52,0
"Centro-Sul","influenza",2023-01-01,2023,1,0
"Centro-Sul","influenza",2023-01-08,2023,2,0
"Centro-Sul","influenza",2023-01-15,2023,3,0
"Centro-Sul","influenza",2023-01-22,2023,4,0
"Centro-Sul","influenza",2023-01-29,2023,5,0
"Centro-Sul","influenza",2023-02-05,2023,6,0
"Centro-Sul","influenza",2023-02-12,2023,7,0
"Centro-Sul","influenza",2023-02-19,2023,8,1
"Centro-Sul","influenza",2023-02-26,2023,9,0
"Centro-Sul","influenza",2023-03-05,2023,10,1
"Centro-Sul","influenza",2023-03-12,2023,11,0
"Centro-Sul","influenza",2023-03-19,2023,12,0
"Centro-Sul","influenza",2023-03-26,2023,13,0
"Centro-Sul","influenza",2023-04-02,2023,14,0
"Centro-Sul","influenza",2023-04-09,2023,15,0
"Centro-Sul","influenza",2023-04-16,2023,16,3
"Centro-Sul","influenza",2023-04-23,2023,17,4
"Centro-Sul","influenza",2023-04-30,2023,18,1
"Centro-Sul","influenza",2023-05-07,2023,19,4
"Centro-Sul","influenza",2023-05-14,2023,20,0
"Centro-Sul","influenza",2023-05-21,2023,21,0
"Centro-Sul","influenza",2023-05-28,2023,22,0
"Centro-Sul","influenza",2023-06-04,2023,23,0
"Centro-Sul","influenza",2023-06-11,2023,24,0
"Centro-Sul","influenza",2023-06-18,2023,25,0
"Centro-Sul","influenza",2023-06-25,2023,26,0
"Centro-Sul","influenza",2023-07-02,2023,27,0
"Centro-Sul","influenza",2023-07-09,2023,28,0
"Centro-Sul","influenza",2023-07-16,2023,29,0
"Centro-Sul","influenza",2023-07-23,2023,30,0
"Centro-Sul","influenza",2023-07-30,2023,31,1
"Centro-Sul","influenza",2023-08-06,2023,32,0
"Centro-Sul","influenza",2023-08-13,2023,33,0
"Centro-Sul","influenza",2023-08-20,2023,34,0
"Centro-Sul","influenza",2023-08-27,2023,35,0
"Centro-Sul","influenza",2023-09-03,2023,36,0
"Centro-Sul","influenza",2023-09-10,2023,37,0
"Centro-Sul","influenza",2023-09-17,2023,38,0
"Centro-Sul","influenza",2023-09-24,2023,39,0
"Centro-Sul","influenza",2023-10-01,2023,40,0
"Centro-Sul","influenza",2023-10-08,2023,41,0
"Centro-Sul","influenza",2023-10-15,2023,42,0
"Centro-Sul","influenza",2023-10-22,2023,43,0
"Centro-Sul","influenza",2023-10-29,2023,44,0
"Centro-Sul","influenza",2023-11-05,2023,45,0
"Centro-Sul","influenza",2023-11-12,2023,46,0
"Centro-Sul","influenza",2023-11-19,2023,47,0
"Centro-Sul","influenza",2023-11-26,2023,48,0
"Centro-Sul","influenza",2023-12-03,2023,49,0
"Centro-Sul","influenza",2023-12-10,2023,50,0
"Centro-Sul","influenza",2023-12-17,2023,51,0
"Centro-Sul","influenza",2023-12-24,2023,52,0
"Centro-Sul","influenza",2023-12-31,2024,1,0
"Centro-Sul","influenza",2024-01-07,2024,2,0
"Centro-Sul","influenza",2024-01-14,2024,3,0
"Centro-Sul","influenza",2024-01-21,2024,4,0
"Centro-Sul","influenza",2024-01-28,2024,5,0
"Centro-Sul","influenza",2024-02-04,2024,6,0
"Centro-Sul","influenza",2024-02-11,2024,7,0
"Centro-Sul","influenza",2024-02-18,2024,8,0
"Centro-Sul","influenza",2024-02-25,2024,9,0
"Centro-Sul","influenza",2024-03-03,2024,10,0
"Centro-Sul","influenza",2024-03-10,2024,11,1
"Centro-Sul","influenza",2024-03-17,2024,12,1
"Centro-Sul","influenza",2024-03-24,2024,13,1
"Centro-Sul","influenza",2024-03-31,2024,14,0
"Centro-Sul","influenza",2024-04-07,2024,15,0
"Centro-Sul","influenza",2024-04-14,2024,16,0
"Centro-Sul","influenza",2024-04-21,2024,17,0
"Centro-Sul","influenza",2024-04-28,2024,18,0
"Centro-Sul","influenza",2024-05-05,2024,19,0
"Centro-Sul","influenza",2024-05-12,2024,20,0
"Centro-Sul","influenza",2024-05-19,2024,21,0
"Centro-Sul","influenza",2024-05-26,2024,22,0
"Centro-Sul","influenza",2024-06-02,2024,23,1
"Centro-Sul","influenza",2024-06-09,2024,24,0
"Centro-Sul","influenza",2024-06-16,2024,25,1
"Centro-Sul","influenza",2024-06-23,2024,26,0
"Centro-Sul","influenza",2024-06-30,2024,27,1
"Centro-Sul","influenza",2024-07-07,2024,28,0
"Centro-Sul","influenza",2024-07-14,2024,29,0
"Centro-Sul","influenza",2024-07-21,2024,30,0
"Centro-Sul","influenza",2024-07-28,2024,31,0
"Centro-Sul","influenza",2024-08-04,2024,32,0
"Centro-Sul","influenza",2024-08-11,2024,33,1
"Centro-Sul","influenza",2024-08-18,2024,34,0
"Centro-Sul","influenza",2024-08-25,2024,35,1
"Centro-Sul","influenza",2024-09-01,2024,36,1
"Centro-Sul","influenza",2024-09-08,2024,37,0
"Centro-Sul","influenza",2024-09-15,2024,38,0
"Centro-Sul","influenza",2024-09-22,2024,39,0
"Centro-Sul","influenza",2024-09-29,2024,40,0
"Centro-Sul","influenza",2024-10-06,2024,41,0
"Centro-Sul","influenza",2024-10-13,2024,42,0
"Centro-Sul","influenza",2024-10-20,2024,43,0
"Centro-Sul","influenza",2024-10-27,2024,44,1
"Centro-Sul","influenza",2024-11-03,2024,45,1
"Centro-Sul","influenza",2024-11-10,2024,46,0
"Centro-Sul","influenza",2024-11-17,2024,47,1
"Centro-Sul","influenza",2024-11-24,2024,48,1
"Centro-Sul","influenza",2024-12-01,2024,49,0
"Centro-Sul","influenza",2024-12-08,2024,50,3
"Centro-Sul","influenza",2024-12-15,2024,51,0
"Centro-Sul","influenza",2024-12-22,2024,52,0
"Centro-Sul","influenza",2024-12-29,2025,1,0
"Centro-Sul","influenza",2025-01-05,2025,2,0
"Centro-Sul","influenza",2025-01-12,2025,3,0
"Centro-Sul","influenza",2025-01-19,2025,4,0
"Centro-Sul","influenza",2025-01-26,2025,5,0
"Centro-Sul","influenza",2025-02-02,2025,6,0
"Centro-Sul","influenza",2025-02-09,2025,7,0
"Centro-Sul","influenza",2025-02-16,2025,8,0
"Centro-Sul","influenza",2025-02-23,2025,9,0
"Centro-Sul","influenza",2025-03-02,2025,10,0
"Centro-Sul","influenza",2025-03-09,2025,11,0
"Centro-Sul","influenza",2025-03-16,2025,12,0
"Centro-Sul","influenza",2025-03-23,2025,13,0
"Centro-Sul","influenza",2025-03-30,2025,14,0
"Centro-Sul","influenza",2025-04-06,2025,15,0
"Centro-Sul","influenza",2025-04-13,2025,16,0
"Centro-Sul","influenza",2025-04-20,2025,17,1
"Centro-Sul","influenza",2025-04-27,2025,18,0
"Centro-Sul","influenza",2025-05-04,2025,19,0
"Centro-Sul","influenza",2025-05-11,2025,20,4
"Centro-Sul","influenza",2025-05-18,2025,21,2
"Centro-Sul","influenza",2025-05-25,2025,22,3
"Centro-Sul","influenza",2025-06-01,2025,23,9
"Centro-Sul","influenza",2025-06-08,2025,24,10
"Centro-Sul","influenza",2025-06-15,2025,25,3
"Centro-Sul","influenza",2025-06-22,2025,26,8
"Centro-Sul","influenza",2025-06-29,2025,27,6
"Centro-Sul","influenza",2025-07-06,2025,28,3
"Centro-Sul","influenza",2025-07-13,2025,29,2
"Centro-Sul","influenza",2025-07-20,2025,30,1
"Centro-Sul","influenza",2025-07-27,2025,31,1
"Centro-Sul","influenza",2025-08-03,2025,32,0
"Centro-Sul","influenza",2025-08-10,2025,33,0
"Centro-Sul","influenza",2025-08-17,2025,34,2
"Centro-Sul","influenza",2025-08-24,2025,35,3
"Centro-Sul","influenza",2025-08-31,2025,36,5
"Centro-Sul","influenza",2025-09-07,2025,37,2
"Centro-Sul","influenza",2025-09-14,2025,38,0
"Centro-Sul","influenza",2025-09-21,2025,39,2
"Centro-Sul","influenza",2025-09-28,2025,40,1
"Centro-Sul","influenza",2025-10-05,2025,41,0
"Centro-Sul","influenza",2025-10-12,2025,42,4
"Centro-Sul","influenza",2025-10-19,2025,43,0
"Centro-Sul","influenza",2025-10-26,2025,44,3
"Centro-Sul","influenza",2025-11-02,2025,45,1
"Centro-Sul","influenza",2025-11-09,2025,46,3
"Centro-Sul","influenza",2025-11-16,2025,47,1
"Centro-Sul","influenza",2025-11-23,2025,48,0
"Centro-Sul","influenza",2025-11-30,2025,49,2
"Centro-Sul","influenza",2025-12-07,2025,50,0
"Centro-Sul","influenza",2025-12-14,2025,51,2
"Centro-Sul","influenza",2025-12-21,2025,52,0
"Centro-Sul","influenza",2025-12-28,2025,53,0
"Centro-Sul","vsr",2022-01-02,2022,1,0
"Centro-Sul","vsr",2022-01-09,2022,2,0
"Centro-Sul","vsr",2022-01-16,2022,3,0
"Centro-Sul","vsr",2022-01-23,2022,4,0
"Centro-Sul","vsr",2022-01-30,2022,5,0
"Centro-Sul","vsr",2022-02-06,2022,6,0
"Centro-Sul","vsr",2022-02-13,2022,7,0
"Centro-Sul","vsr",2022-02-20,2022,8,0
"Centro-Sul","vsr",2022-02-27,2022,9,0
"Centro-Sul","vsr",2022-03-06,2022,10,0
"Centro-Sul","vsr",2022-03-13,2022,11,0
"Centro-Sul","vsr",2022-03-20,2022,12,0
"Centro-Sul","vsr",2022-03-27,2022,13,0
"Centro-Sul","vsr",2022-04-03,2022,14,1
"Centro-Sul","vsr",2022-04-10,2022,15,0
"Centro-Sul","vsr",2022-04-17,2022,16,1
"Centro-Sul","vsr",2022-04-24,2022,17,0
"Centro-Sul","vsr",2022-05-01,2022,18,0
"Centro-Sul","vsr",2022-05-08,2022,19,0
"Centro-Sul","vsr",2022-05-15,2022,20,0
"Centro-Sul","vsr",2022-05-22,2022,21,0
"Centro-Sul","vsr",2022-05-29,2022,22,0
"Centro-Sul","vsr",2022-06-05,2022,23,0
"Centro-Sul","vsr",2022-06-12,2022,24,0
"Centro-Sul","vsr",2022-06-19,2022,25,0
"Centro-Sul","vsr",2022-06-26,2022,26,0
"Centro-Sul","vsr",2022-07-03,2022,27,0
"Centro-Sul","vsr",2022-07-10,2022,28,0
"Centro-Sul","vsr",2022-07-17,2022,29,0
"Centro-Sul","vsr",2022-07-24,2022,30,0
"Centro-Sul","vsr",2022-07-31,2022,31,0
"Centro-Sul","vsr",2022-08-07,2022,32,0
"Centro-Sul","vsr",2022-08-14,2022,33,0
"Centro-Sul","vsr",2022-08-21,2022,34,0
"Centro-Sul","vsr",2022-08-28,2022,35,0
"Centro-Sul","vsr",2022-09-04,2022,36,0
"Centro-Sul","vsr",2022-09-11,2022,37,0
"Centro-Sul","vsr",2022-09-18,2022,38,0
"Centro-Sul","vsr",2022-09-25,2022,39,0
"Centro-Sul","vsr",2022-10-02,2022,40,0
"Centro-Sul","vsr",2022-10-09,2022,41,1
"Centro-Sul","vsr",2022-10-16,2022,42,0
"Centro-Sul","vsr",2022-10-23,2022,43,0
"Centro-Sul","vsr",2022-10-30,2022,44,0
"Centro-Sul","vsr",2022-11-06,2022,45,0
"Centro-Sul","vsr",2022-11-13,2022,46,0
"Centro-Sul","vsr",2022-11-20,2022,47,0
"Centro-Sul","vsr",2022-11-27,2022,48,0
"Centro-Sul","vsr",2022-12-04,2022,49,0
"Centro-Sul","vsr",2022-12-11,2022,50,0
"Centro-Sul","vsr",2022-12-18,2022,51,0
"Centro-Sul","vsr",2022-12-25,2022,52,0
"Centro-Sul","vsr",2023-01-01,2023,1,0
"Centro-Sul","vsr",2023-01-08,2023,2,0
"Centro-Sul","vsr",2023-01-15,2023,3,0
"Centro-Sul","vsr",2023-01-22,2023,4,0
"Centro-Sul","vsr",2023-01-29,2023,5,0
"Centro-Sul","vsr",2023-02-05,2023,6,0
"Centro-Sul","vsr",2023-02-12,2023,7,0
"Centro-Sul","vsr",2023-02-19,2023,8,0
"Centro-Sul","vsr",2023-02-26,2023,9,0
"Centro-Sul","vsr",2023-03-05,2023,10,0
"Centro-Sul","vsr",2023-03-12,2023,11,0
"Centro-Sul","vsr",2023-03-19,2023,12,0
"Centro-Sul","vsr",2023-03-26,2023,13,0
"Centro-Sul","vsr",2023-04-02,2023,14,0
"Centro-Sul","vsr",2023-04-09,2023,15,0
"Centro-Sul","vsr",2023-04-16,2023,16,0
"Centro-Sul","vsr",2023-04-23,2023,17,0
"Centro-Sul","vsr",2023-04-30,2023,18,2
"Centro-Sul","vsr",2023-05-07,2023,19,0
"Centro-Sul","vsr",2023-05-14,2023,20,1
"Centro-Sul","vsr",2023-05-21,2023,21,0
"Centro-Sul","vsr",2023-05-28,2023,22,0
"Centro-Sul","vsr",2023-06-04,2023,23,0
"Centro-Sul","vsr",2023-06-11,2023,24,0
"Centro-Sul","vsr",2023-06-18,2023,25,0
"Centro-Sul","vsr",2023-06-25,2023,26,0
"Centro-Sul","vsr",2023-07-02,2023,27,0
"Centro-Sul","vsr",2023-07-09,2023,28,0
"Centro-Sul","vsr",2023-07-16,2023,29,0
"Centro-Sul","vsr",2023-07-23,2023,30,0
"Centro-Sul","vsr",2023-07-30,2023,31,0
"Centro-Sul","vsr",2023-08-06,2023,32,0
"Centro-Sul","vsr",2023-08-13,2023,33,0
"Centro-Sul","vsr",2023-08-20,2023,34,0
"Centro-Sul","vsr",2023-08-27,2023,35,0
"Centro-Sul","vsr",2023-09-03,2023,36,0
"Centro-Sul","vsr",2023-09-10,2023,37,0
"Centro-Sul","vsr",2023-09-17,2023,38,0
"Centro-Sul","vsr",2023-09-24,2023,39,0
"Centro-Sul","vsr",2023-10-01,2023,40,0
"Centro-Sul","vsr",2023-10-08,2023,41,0
"Centro-Sul","vsr",2023-10-15,2023,42,0
"Centro-Sul","vsr",2023-10-22,2023,43,0
"Centro-Sul","vsr",2023-10-29,2023,44,0
"Centro-Sul","vsr",2023-11-05,2023,45,0
"Centro-Sul","vsr",2023-11-12,2023,46,0
"Centro-Sul","vsr",2023-11-19,2023,47,0
"Centro-Sul","vsr",2023-11-26,2023,48,0
"Centro-Sul","vsr",2023-12-03,2023,49,0
"Centro-Sul","vsr",2023-12-10,2023,50,0
"Centro-Sul","vsr",2023-12-17,2023,51,0
"Centro-Sul","vsr",2023-12-24,2023,52,0
"Centro-Sul","vsr",2023-12-31,2024,1,0
"Centro-Sul","vsr",2024-01-07,2024,2,0
"Centro-Sul","vsr",2024-01-14,2024,3,0
"Centro-Sul","vsr",2024-01-21,2024,4,0
"Centro-Sul","vsr",2024-01-28,2024,5,0
"Centro-Sul","vsr",2024-02-04,2024,6,0
"Centro-Sul","vsr",2024-02-11,2024,7,0
"Centro-Sul","vsr",2024-02-18,2024,8,0
"Centro-Sul","vsr",2024-02-25,2024,9,0
"Centro-Sul","vsr",2024-03-03,2024,10,0
"Centro-Sul","vsr",2024-03-10,2024,11,0
"Centro-Sul","vsr",2024-03-17,2024,12,0
"Centro-Sul","vsr",2024-03-24,2024,13,0
"Centro-Sul","vsr",2024-03-31,2024,14,0
"Centro-Sul","vsr",2024-04-07,2024,15,0
"Centro-Sul","vsr",2024-04-14,2024,16,0
"Centro-Sul","vsr",2024-04-21,2024,17,1
"Centro-Sul","vsr",2024-04-28,2024,18,0
"Centro-Sul","vsr",2024-05-05,2024,19,0
"Centro-Sul","vsr",2024-05-12,2024,20,0
"Centro-Sul","vsr",2024-05-19,2024,21,1
"Centro-Sul","vsr",2024-05-26,2024,22,0
"Centro-Sul","vsr",2024-06-02,2024,23,0
"Centro-Sul","vsr",2024-06-09,2024,24,0
"Centro-Sul","vsr",2024-06-16,2024,25,0
"Centro-Sul","vsr",2024-06-23,2024,26,0
"Centro-Sul","vsr",2024-06-30,2024,27,0
"Centro-Sul","vsr",2024-07-07,2024,28,0
"Centro-Sul","vsr",2024-07-14,2024,29,0
"Centro-Sul","vsr",2024-07-21,2024,30,0
"Centro-Sul","vsr",2024-07-28,2024,31,0
"Centro-Sul","vsr",2024-08-04,2024,32,0
"Centro-Sul","vsr",2024-08-11,2024,33,0
"Centro-Sul","vsr",2024-08-18,2024,34,0
"Centro-Sul","vsr",2024-08-25,2024,35,0
"Centro-Sul","vsr",2024-09-01,2024,36,0
"Centro-Sul","vsr",2024-09-08,2024,37,0
"Centro-Sul","vsr",2024-09-15,2024,38,0
"Centro-Sul","vsr",2024-09-22,2024,39,0
"Centro-Sul","vsr",2024-09-29,2024,40,0
"Centro-Sul","vsr",2024-10-06,2024,41,0
"Centro-Sul","vsr",2024-10-13,2024,42,0
"Centro-Sul","vsr",2024-10-20,2024,43,0
"Centro-Sul","vsr",2024-10-27,2024,44,0
"Centro-Sul","vsr",2024-11-03,2024,45,0
"Centro-Sul","vsr",2024-11-10,2024,46,0
"Centro-Sul","vsr",2024-11-17,2024,47,0
"Centro-Sul","vsr",2024-11-24,2024,48,0
"Centro-Sul","vsr",2024-12-01,2024,49,0
"Centro-Sul","vsr",2024-12-08,2024,50,0
"Centro-Sul","vsr",2024-12-15,2024,51,0
"Centro-Sul","vsr",2024-12-22,2024,52,0
"Centro-Sul","vsr",2024-12-29,2025,1,0
"Centro-Sul","vsr",2025-01-05,2025,2,0
"Centro-Sul","vsr",2025-01-12,2025,3,0
"Centro-Sul","vsr",2025-01-19,2025,4,0
"Centro-Sul","vsr",2025-01-26,2025,5,0
"Centro-Sul","vsr",2025-02-02,2025,6,0
"Centro-Sul","vsr",2025-02-09,2025,7,0
"Centro-Sul","vsr",2025-02-16,2025,8,0
"Centro-Sul","vsr",2025-02-23,2025,9,0
"Centro-Sul","vsr",2025-03-02,2025,10,0
"Centro-Sul","vsr",2025-03-09,2025,11,0
"Centro-Sul","vsr",2025-03-16,2025,12,0
"Centro-Sul","vsr",2025-03-23,2025,13,0
"Centro-Sul","vsr",2025-03-30,2025,14,0
"Centro-Sul","vsr",2025-04-06,2025,15,1
"Centro-Sul","vsr",2025-04-13,2025,16,0
"Centro-Sul","vsr",2025-04-20,2025,17,0
"Centro-Sul","vsr",2025-04-27,2025,18,0
"Centro-Sul","vsr",2025-05-04,2025,19,0
"Centro-Sul","vsr",2025-05-11,2025,20,2
"Centro-Sul","vsr",2025-05-18,2025,21,5
"Centro-Sul","vsr",2025-05-25,2025,22,4
"Centro-Sul","vsr",2025-06-01,2025,23,2
"Centro-Sul","vsr",2025-06-08,2025,24,1
"Centro-Sul","vsr",2025-06-15,2025,25,0
"Centro-Sul","vsr",2025-06-22,2025,26,0
"Centro-Sul","vsr",2025-06-29,2025,27,1
"Centro-Sul","vsr",2025-07-06,2025,28,0
"Centro-Sul","vsr",2025-07-13,2025,29,3
"Centro-Sul","vsr",2025-07-20,2025,30,1
"Centro-Sul","vsr",2025-07-27,2025,31,0
"Centro-Sul","vsr",2025-08-03,2025,32,2
"Centro-Sul","vsr",2025-08-10,2025,33,0
"Centro-Sul","vsr",2025-08-17,2025,34,0
"Centro-Sul","vsr",2025-08-24,2025,35,0
"Centro-Sul","vsr",2025-08-31,2025,36,0
"Centro-Sul","vsr",2025-09-07,2025,37,1
"Centro-Sul","vsr",2025-09-14,2025,38,1
"Centro-Sul","vsr",2025-09-21,2025,39,0
"Centro-Sul","vsr",2025-09-28,2025,40,0
"Centro-Sul","vsr",2025-10-05,2025,41,0
"Centro-Sul","vsr",2025-10-12,2025,42,1
"Centro-Sul","vsr",2025-10-19,2025,43,0
"Centro-Sul","vsr",2025-10-26,2025,44,0
"Centro-Sul","vsr",2025-11-02,2025,45,0
"Centro-Sul","vsr",2025-11-09,2025,46,0
"Centro-Sul","vsr",2025-11-16,2025,47,0
"Centro-Sul","vsr",2025-11-23,2025,48,0
"Centro-Sul","vsr",2025-11-30,2025,49,0
"Centro-Sul","vsr",2025-12-07,2025,50,0
"Centro-Sul","vsr",2025-12-14,2025,51,0
"Centro-Sul","vsr",2025-12-21,2025,52,0
"Centro-Sul","vsr",2025-12-28,2025,53,0
"Médio Paraíba","sarscov2",2022-01-02,2022,1,41
"Médio Paraíba","sarscov2",2022-01-09,2022,2,111
"Médio Paraíba","sarscov2",2022-01-16,2022,3,195
"Médio Paraíba","sarscov2",2022-01-23,2022,4,193
"Médio Paraíba","sarscov2",2022-01-30,2022,5,114
"Médio Paraíba","sarscov2",2022-02-06,2022,6,61
"Médio Paraíba","sarscov2",2022-02-13,2022,7,28
"Médio Paraíba","sarscov2",2022-02-20,2022,8,18
"Médio Paraíba","sarscov2",2022-02-27,2022,9,7
"Médio Paraíba","sarscov2",2022-03-06,2022,10,2
"Médio Paraíba","sarscov2",2022-03-13,2022,11,3
"Médio Paraíba","sarscov2",2022-03-20,2022,12,1
"Médio Paraíba","sarscov2",2022-03-27,2022,13,2
"Médio Paraíba","sarscov2",2022-04-03,2022,14,2
"Médio Paraíba","sarscov2",2022-04-10,2022,15,6
"Médio Paraíba","sarscov2",2022-04-17,2022,16,5
"Médio Paraíba","sarscov2",2022-04-24,2022,17,2
"Médio Paraíba","sarscov2",2022-05-01,2022,18,10
"Médio Paraíba","sarscov2",2022-05-08,2022,19,10
"Médio Paraíba","sarscov2",2022-05-15,2022,20,19
"Médio Paraíba","sarscov2",2022-05-22,2022,21,29
"Médio Paraíba","sarscov2",2022-05-29,2022,22,40
"Médio Paraíba","sarscov2",2022-06-05,2022,23,59
"Médio Paraíba","sarscov2",2022-06-12,2022,24,74
"Médio Paraíba","sarscov2",2022-06-19,2022,25,95
"Médio Paraíba","sarscov2",2022-06-26,2022,26,102
"Médio Paraíba","sarscov2",2022-07-03,2022,27,72
"Médio Paraíba","sarscov2",2022-07-10,2022,28,37
"Médio Paraíba","sarscov2",2022-07-17,2022,29,16
"Médio Paraíba","sarscov2",2022-07-24,2022,30,12
"Médio Paraíba","sarscov2",2022-07-31,2022,31,6
"Médio Paraíba","sarscov2",2022-08-07,2022,32,6
"Médio Paraíba","sarscov2",2022-08-14,2022,33,3
"Médio Paraíba","sarscov2",2022-08-21,2022,34,1
"Médio Paraíba","sarscov2",2022-08-28,2022,35,1
"Médio Paraíba","sarscov2",2022-09-04,2022,36,1
"Médio Paraíba","sarscov2",2022-09-11,2022,37,1
"Médio Paraíba","sarscov2",2022-09-18,2022,38,2
"Médio Paraíba","sarscov2",2022-09-25,2022,39,1
"Médio Paraíba","sarscov2",2022-10-02,2022,40,2
"Médio Paraíba","sarscov2",2022-10-09,2022,41,0
"Médio Paraíba","sarscov2",2022-10-16,2022,42,3
"Médio Paraíba","sarscov2",2022-10-23,2022,43,4
"Médio Paraíba","sarscov2",2022-10-30,2022,44,8
"Médio Paraíba","sarscov2",2022-11-06,2022,45,52
"Médio Paraíba","sarscov2",2022-11-13,2022,46,74
"Médio Paraíba","sarscov2",2022-11-20,2022,47,53
"Médio Paraíba","sarscov2",2022-11-27,2022,48,61
"Médio Paraíba","sarscov2",2022-12-04,2022,49,55
"Médio Paraíba","sarscov2",2022-12-11,2022,50,34
"Médio Paraíba","sarscov2",2022-12-18,2022,51,29
"Médio Paraíba","sarscov2",2022-12-25,2022,52,19
"Médio Paraíba","sarscov2",2023-01-01,2023,1,11
"Médio Paraíba","sarscov2",2023-01-08,2023,2,3
"Médio Paraíba","sarscov2",2023-01-15,2023,3,9
"Médio Paraíba","sarscov2",2023-01-22,2023,4,7
"Médio Paraíba","sarscov2",2023-01-29,2023,5,5
"Médio Paraíba","sarscov2",2023-02-05,2023,6,3
"Médio Paraíba","sarscov2",2023-02-12,2023,7,11
"Médio Paraíba","sarscov2",2023-02-19,2023,8,16
"Médio Paraíba","sarscov2",2023-02-26,2023,9,27
"Médio Paraíba","sarscov2",2023-03-05,2023,10,22
"Médio Paraíba","sarscov2",2023-03-12,2023,11,20
"Médio Paraíba","sarscov2",2023-03-19,2023,12,11
"Médio Paraíba","sarscov2",2023-03-26,2023,13,15
"Médio Paraíba","sarscov2",2023-04-02,2023,14,13
"Médio Paraíba","sarscov2",2023-04-09,2023,15,23
"Médio Paraíba","sarscov2",2023-04-16,2023,16,26
"Médio Paraíba","sarscov2",2023-04-23,2023,17,16
"Médio Paraíba","sarscov2",2023-04-30,2023,18,9
"Médio Paraíba","sarscov2",2023-05-07,2023,19,7
"Médio Paraíba","sarscov2",2023-05-14,2023,20,6
"Médio Paraíba","sarscov2",2023-05-21,2023,21,4
"Médio Paraíba","sarscov2",2023-05-28,2023,22,8
"Médio Paraíba","sarscov2",2023-06-04,2023,23,4
"Médio Paraíba","sarscov2",2023-06-11,2023,24,7
"Médio Paraíba","sarscov2",2023-06-18,2023,25,1
"Médio Paraíba","sarscov2",2023-06-25,2023,26,1
"Médio Paraíba","sarscov2",2023-07-02,2023,27,3
"Médio Paraíba","sarscov2",2023-07-09,2023,28,0
"Médio Paraíba","sarscov2",2023-07-16,2023,29,3
"Médio Paraíba","sarscov2",2023-07-23,2023,30,0
"Médio Paraíba","sarscov2",2023-07-30,2023,31,0
"Médio Paraíba","sarscov2",2023-08-06,2023,32,0
"Médio Paraíba","sarscov2",2023-08-13,2023,33,1
"Médio Paraíba","sarscov2",2023-08-20,2023,34,4
"Médio Paraíba","sarscov2",2023-08-27,2023,35,8
"Médio Paraíba","sarscov2",2023-09-03,2023,36,6
"Médio Paraíba","sarscov2",2023-09-10,2023,37,19
"Médio Paraíba","sarscov2",2023-09-17,2023,38,16
"Médio Paraíba","sarscov2",2023-09-24,2023,39,13
"Médio Paraíba","sarscov2",2023-10-01,2023,40,12
"Médio Paraíba","sarscov2",2023-10-08,2023,41,11
"Médio Paraíba","sarscov2",2023-10-15,2023,42,28
"Médio Paraíba","sarscov2",2023-10-22,2023,43,14
"Médio Paraíba","sarscov2",2023-10-29,2023,44,20
"Médio Paraíba","sarscov2",2023-11-05,2023,45,25
"Médio Paraíba","sarscov2",2023-11-12,2023,46,12
"Médio Paraíba","sarscov2",2023-11-19,2023,47,6
"Médio Paraíba","sarscov2",2023-11-26,2023,48,1
"Médio Paraíba","sarscov2",2023-12-03,2023,49,0
"Médio Paraíba","sarscov2",2023-12-10,2023,50,2
"Médio Paraíba","sarscov2",2023-12-17,2023,51,1
"Médio Paraíba","sarscov2",2023-12-24,2023,52,6
"Médio Paraíba","sarscov2",2023-12-31,2024,1,3
"Médio Paraíba","sarscov2",2024-01-07,2024,2,3
"Médio Paraíba","sarscov2",2024-01-14,2024,3,3
"Médio Paraíba","sarscov2",2024-01-21,2024,4,4
"Médio Paraíba","sarscov2",2024-01-28,2024,5,9
"Médio Paraíba","sarscov2",2024-02-04,2024,6,11
"Médio Paraíba","sarscov2",2024-02-11,2024,7,7
"Médio Paraíba","sarscov2",2024-02-18,2024,8,10
"Médio Paraíba","sarscov2",2024-02-25,2024,9,14
"Médio Paraíba","sarscov2",2024-03-03,2024,10,11
"Médio Paraíba","sarscov2",2024-03-10,2024,11,10
"Médio Paraíba","sarscov2",2024-03-17,2024,12,5
"Médio Paraíba","sarscov2",2024-03-24,2024,13,6
"Médio Paraíba","sarscov2",2024-03-31,2024,14,2
"Médio Paraíba","sarscov2",2024-04-07,2024,15,2
"Médio Paraíba","sarscov2",2024-04-14,2024,16,0
"Médio Paraíba","sarscov2",2024-04-21,2024,17,0
"Médio Paraíba","sarscov2",2024-04-28,2024,18,0
"Médio Paraíba","sarscov2",2024-05-05,2024,19,0
"Médio Paraíba","sarscov2",2024-05-12,2024,20,3
"Médio Paraíba","sarscov2",2024-05-19,2024,21,1
"Médio Paraíba","sarscov2",2024-05-26,2024,22,1
"Médio Paraíba","sarscov2",2024-06-02,2024,23,1
"Médio Paraíba","sarscov2",2024-06-09,2024,24,0
"Médio Paraíba","sarscov2",2024-06-16,2024,25,0
"Médio Paraíba","sarscov2",2024-06-23,2024,26,1
"Médio Paraíba","sarscov2",2024-06-30,2024,27,0
"Médio Paraíba","sarscov2",2024-07-07,2024,28,2
"Médio Paraíba","sarscov2",2024-07-14,2024,29,1
"Médio Paraíba","sarscov2",2024-07-21,2024,30,2
"Médio Paraíba","sarscov2",2024-07-28,2024,31,1
"Médio Paraíba","sarscov2",2024-08-04,2024,32,2
"Médio Paraíba","sarscov2",2024-08-11,2024,33,5
"Médio Paraíba","sarscov2",2024-08-18,2024,34,10
"Médio Paraíba","sarscov2",2024-08-25,2024,35,8
"Médio Paraíba","sarscov2",2024-09-01,2024,36,14
"Médio Paraíba","sarscov2",2024-09-08,2024,37,8
"Médio Paraíba","sarscov2",2024-09-15,2024,38,5
"Médio Paraíba","sarscov2",2024-09-22,2024,39,9
"Médio Paraíba","sarscov2",2024-09-29,2024,40,12
"Médio Paraíba","sarscov2",2024-10-06,2024,41,4
"Médio Paraíba","sarscov2",2024-10-13,2024,42,2
"Médio Paraíba","sarscov2",2024-10-20,2024,43,5
"Médio Paraíba","sarscov2",2024-10-27,2024,44,1
"Médio Paraíba","sarscov2",2024-11-03,2024,45,6
"Médio Paraíba","sarscov2",2024-11-10,2024,46,7
"Médio Paraíba","sarscov2",2024-11-17,2024,47,3
"Médio Paraíba","sarscov2",2024-11-24,2024,48,6
"Médio Paraíba","sarscov2",2024-12-01,2024,49,4
"Médio Paraíba","sarscov2",2024-12-08,2024,50,14
"Médio Paraíba","sarscov2",2024-12-15,2024,51,12
"Médio Paraíba","sarscov2",2024-12-22,2024,52,7
"Médio Paraíba","sarscov2",2024-12-29,2025,1,3
"Médio Paraíba","sarscov2",2025-01-05,2025,2,3
"Médio Paraíba","sarscov2",2025-01-12,2025,3,2
"Médio Paraíba","sarscov2",2025-01-19,2025,4,4
"Médio Paraíba","sarscov2",2025-01-26,2025,5,1
"Médio Paraíba","sarscov2",2025-02-02,2025,6,2
"Médio Paraíba","sarscov2",2025-02-09,2025,7,1
"Médio Paraíba","sarscov2",2025-02-16,2025,8,4
"Médio Paraíba","sarscov2",2025-02-23,2025,9,0
"Médio Paraíba","sarscov2",2025-03-02,2025,10,3
"Médio Paraíba","sarscov2",2025-03-09,2025,11,2
"Médio Paraíba","sarscov2",2025-03-16,2025,12,2
"Médio Paraíba","sarscov2",2025-03-23,2025,13,0
"Médio Paraíba","sarscov2",2025-03-30,2025,14,1
"Médio Paraíba","sarscov2",2025-04-06,2025,15,1
"Médio Paraíba","sarscov2",2025-04-13,2025,16,3
"Médio Paraíba","sarscov2",2025-04-20,2025,17,2
"Médio Paraíba","sarscov2",2025-04-27,2025,18,0
"Médio Paraíba","sarscov2",2025-05-04,2025,19,0
"Médio Paraíba","sarscov2",2025-05-11,2025,20,2
"Médio Paraíba","sarscov2",2025-05-18,2025,21,1
"Médio Paraíba","sarscov2",2025-05-25,2025,22,1
"Médio Paraíba","sarscov2",2025-06-01,2025,23,2
"Médio Paraíba","sarscov2",2025-06-08,2025,24,4
"Médio Paraíba","sarscov2",2025-06-15,2025,25,4
"Médio Paraíba","sarscov2",2025-06-22,2025,26,0
"Médio Paraíba","sarscov2",2025-06-29,2025,27,1
"Médio Paraíba","sarscov2",2025-07-06,2025,28,0
"Médio Paraíba","sarscov2",2025-07-13,2025,29,4
"Médio Paraíba","sarscov2",2025-07-20,2025,30,1
"Médio Paraíba","sarscov2",2025-07-27,2025,31,2
"Médio Paraíba","sarscov2",2025-08-03,2025,32,6
"Médio Paraíba","sarscov2",2025-08-10,2025,33,3
"Médio Paraíba","sarscov2",2025-08-17,2025,34,8
"Médio Paraíba","sarscov2",2025-08-24,2025,35,3
"Médio Paraíba","sarscov2",2025-08-31,2025,36,2
"Médio Paraíba","sarscov2",2025-09-07,2025,37,3
"Médio Paraíba","sarscov2",2025-09-14,2025,38,10
"Médio Paraíba","sarscov2",2025-09-21,2025,39,5
"Médio Paraíba","sarscov2",2025-09-28,2025,40,1
"Médio Paraíba","sarscov2",2025-10-05,2025,41,4
"Médio Paraíba","sarscov2",2025-10-12,2025,42,2
"Médio Paraíba","sarscov2",2025-10-19,2025,43,1
"Médio Paraíba","sarscov2",2025-10-26,2025,44,2
"Médio Paraíba","sarscov2",2025-11-02,2025,45,1
"Médio Paraíba","sarscov2",2025-11-09,2025,46,2
"Médio Paraíba","sarscov2",2025-11-16,2025,47,2
"Médio Paraíba","sarscov2",2025-11-23,2025,48,1
"Médio Paraíba","sarscov2",2025-11-30,2025,49,0
"Médio Paraíba","sarscov2",2025-12-07,2025,50,2
"Médio Paraíba","sarscov2",2025-12-14,2025,51,0
"Médio Paraíba","sarscov2",2025-12-21,2025,52,1
"Médio Paraíba","sarscov2",2025-12-28,2025,53,4
"Médio Paraíba","influenza",2022-01-02,2022,1,20
"Médio Paraíba","influenza",2022-01-09,2022,2,11
"Médio Paraíba","influenza",2022-01-16,2022,3,3
"Médio Paraíba","influenza",2022-01-23,2022,4,0
"Médio Paraíba","influenza",2022-01-30,2022,5,0
"Médio Paraíba","influenza",2022-02-06,2022,6,1
"Médio Paraíba","influenza",2022-02-13,2022,7,1
"Médio Paraíba","influenza",2022-02-20,2022,8,1
"Médio Paraíba","influenza",2022-02-27,2022,9,0
"Médio Paraíba","influenza",2022-03-06,2022,10,0
"Médio Paraíba","influenza",2022-03-13,2022,11,0
"Médio Paraíba","influenza",2022-03-20,2022,12,0
"Médio Paraíba","influenza",2022-03-27,2022,13,0
"Médio Paraíba","influenza",2022-04-03,2022,14,0
"Médio Paraíba","influenza",2022-04-10,2022,15,0
"Médio Paraíba","influenza",2022-04-17,2022,16,0
"Médio Paraíba","influenza",2022-04-24,2022,17,0
"Médio Paraíba","influenza",2022-05-01,2022,18,0
"Médio Paraíba","influenza",2022-05-08,2022,19,0
"Médio Paraíba","influenza",2022-05-15,2022,20,1
"Médio Paraíba","influenza",2022-05-22,2022,21,0
"Médio Paraíba","influenza",2022-05-29,2022,22,1
"Médio Paraíba","influenza",2022-06-05,2022,23,0
"Médio Paraíba","influenza",2022-06-12,2022,24,2
"Médio Paraíba","influenza",2022-06-19,2022,25,0
"Médio Paraíba","influenza",2022-06-26,2022,26,0
"Médio Paraíba","influenza",2022-07-03,2022,27,1
"Médio Paraíba","influenza",2022-07-10,2022,28,1
"Médio Paraíba","influenza",2022-07-17,2022,29,1
"Médio Paraíba","influenza",2022-07-24,2022,30,0
"Médio Paraíba","influenza",2022-07-31,2022,31,0
"Médio Paraíba","influenza",2022-08-07,2022,32,3
"Médio Paraíba","influenza",2022-08-14,2022,33,1
"Médio Paraíba","influenza",2022-08-21,2022,34,0
"Médio Paraíba","influenza",2022-08-28,2022,35,0
"Médio Paraíba","influenza",2022-09-04,2022,36,0
"Médio Paraíba","influenza",2022-09-11,2022,37,1
"Médio Paraíba","influenza",2022-09-18,2022,38,1
"Médio Paraíba","influenza",2022-09-25,2022,39,0
"Médio Paraíba","influenza",2022-10-02,2022,40,1
"Médio Paraíba","influenza",2022-10-09,2022,41,0
"Médio Paraíba","influenza",2022-10-16,2022,42,5
"Médio Paraíba","influenza",2022-10-23,2022,43,3
"Médio Paraíba","influenza",2022-10-30,2022,44,2
"Médio Paraíba","influenza",2022-11-06,2022,45,1
"Médio Paraíba","influenza",2022-11-13,2022,46,1
"Médio Paraíba","influenza",2022-11-20,2022,47,0
"Médio Paraíba","influenza",2022-11-27,2022,48,1
"Médio Paraíba","influenza",2022-12-04,2022,49,1
"Médio Paraíba","influenza",2022-12-11,2022,50,0
"Médio Paraíba","influenza",2022-12-18,2022,51,1
"Médio Paraíba","influenza",2022-12-25,2022,52,0
"Médio Paraíba","influenza",2023-01-01,2023,1,0
"Médio Paraíba","influenza",2023-01-08,2023,2,1
"Médio Paraíba","influenza",2023-01-15,2023,3,0
"Médio Paraíba","influenza",2023-01-22,2023,4,1
"Médio Paraíba","influenza",2023-01-29,2023,5,0
"Médio Paraíba","influenza",2023-02-05,2023,6,1
"Médio Paraíba","influenza",2023-02-12,2023,7,1
"Médio Paraíba","influenza",2023-02-19,2023,8,0
"Médio Paraíba","influenza",2023-02-26,2023,9,1
"Médio Paraíba","influenza",2023-03-05,2023,10,0
"Médio Paraíba","influenza",2023-03-12,2023,11,1
"Médio Paraíba","influenza",2023-03-19,2023,12,0
"Médio Paraíba","influenza",2023-03-26,2023,13,2
"Médio Paraíba","influenza",2023-04-02,2023,14,0
"Médio Paraíba","influenza",2023-04-09,2023,15,1
"Médio Paraíba","influenza",2023-04-16,2023,16,4
"Médio Paraíba","influenza",2023-04-23,2023,17,5
"Médio Paraíba","influenza",2023-04-30,2023,18,11
"Médio Paraíba","influenza",2023-05-07,2023,19,3
"Médio Paraíba","influenza",2023-05-14,2023,20,3
"Médio Paraíba","influenza",2023-05-21,2023,21,4
"Médio Paraíba","influenza",2023-05-28,2023,22,9
"Médio Paraíba","influenza",2023-06-04,2023,23,3
"Médio Paraíba","influenza",2023-06-11,2023,24,1
"Médio Paraíba","influenza",2023-06-18,2023,25,3
"Médio Paraíba","influenza",2023-06-25,2023,26,2
"Médio Paraíba","influenza",2023-07-02,2023,27,0
"Médio Paraíba","influenza",2023-07-09,2023,28,2
"Médio Paraíba","influenza",2023-07-16,2023,29,1
"Médio Paraíba","influenza",2023-07-23,2023,30,4
"Médio Paraíba","influenza",2023-07-30,2023,31,1
"Médio Paraíba","influenza",2023-08-06,2023,32,1
"Médio Paraíba","influenza",2023-08-13,2023,33,2
"Médio Paraíba","influenza",2023-08-20,2023,34,1
"Médio Paraíba","influenza",2023-08-27,2023,35,0
"Médio Paraíba","influenza",2023-09-03,2023,36,0
"Médio Paraíba","influenza",2023-09-10,2023,37,0
"Médio Paraíba","influenza",2023-09-17,2023,38,0
"Médio Paraíba","influenza",2023-09-24,2023,39,0
"Médio Paraíba","influenza",2023-10-01,2023,40,0
"Médio Paraíba","influenza",2023-10-08,2023,41,0
"Médio Paraíba","influenza",2023-10-15,2023,42,0
"Médio Paraíba","influenza",2023-10-22,2023,43,0
"Médio Paraíba","influenza",2023-10-29,2023,44,0
"Médio Paraíba","influenza",2023-11-05,2023,45,1
"Médio Paraíba","influenza",2023-11-12,2023,46,0
"Médio Paraíba","influenza",2023-11-19,2023,47,0
"Médio Paraíba","influenza",2023-11-26,2023,48,0
"Médio Paraíba","influenza",2023-12-03,2023,49,0
"Médio Paraíba","influenza",2023-12-10,2023,50,0
"Médio Paraíba","influenza",2023-12-17,2023,51,0
"Médio Paraíba","influenza",2023-12-24,2023,52,1
"Médio Paraíba","influenza",2023-12-31,2024,1,0
"Médio Paraíba","influenza",2024-01-07,2024,2,0
"Médio Paraíba","influenza",2024-01-14,2024,3,0
"Médio Paraíba","influenza",2024-01-21,2024,4,1
"Médio Paraíba","influenza",2024-01-28,2024,5,4
"Médio Paraíba","influenza",2024-02-04,2024,6,2
"Médio Paraíba","influenza",2024-02-11,2024,7,1
"Médio Paraíba","influenza",2024-02-18,2024,8,2
"Médio Paraíba","influenza",2024-02-25,2024,9,6
"Médio Paraíba","influenza",2024-03-03,2024,10,4
"Médio Paraíba","influenza",2024-03-10,2024,11,11
"Médio Paraíba","influenza",2024-03-17,2024,12,8
"Médio Paraíba","influenza",2024-03-24,2024,13,4
"Médio Paraíba","influenza",2024-03-31,2024,14,9
"Médio Paraíba","influenza",2024-04-07,2024,15,9
"Médio Paraíba","influenza",2024-04-14,2024,16,6
"Médio Paraíba","influenza",2024-04-21,2024,17,5
"Médio Paraíba","influenza",2024-04-28,2024,18,6
"Médio Paraíba","influenza",2024-05-05,2024,19,2
"Médio Paraíba","influenza",2024-05-12,2024,20,1
"Médio Paraíba","influenza",2024-05-19,2024,21,2
"Médio Paraíba","influenza",2024-05-26,2024,22,1
"Médio Paraíba","influenza",2024-06-02,2024,23,1
"Médio Paraíba","influenza",2024-06-09,2024,24,5
"Médio Paraíba","influenza",2024-06-16,2024,25,4
"Médio Paraíba","influenza",2024-06-23,2024,26,2
"Médio Paraíba","influenza",2024-06-30,2024,27,4
"Médio Paraíba","influenza",2024-07-07,2024,28,5
"Médio Paraíba","influenza",2024-07-14,2024,29,4
"Médio Paraíba","influenza",2024-07-21,2024,30,0
"Médio Paraíba","influenza",2024-07-28,2024,31,3
"Médio Paraíba","influenza",2024-08-04,2024,32,1
"Médio Paraíba","influenza",2024-08-11,2024,33,2
"Médio Paraíba","influenza",2024-08-18,2024,34,2
"Médio Paraíba","influenza",2024-08-25,2024,35,10
"Médio Paraíba","influenza",2024-09-01,2024,36,12
"Médio Paraíba","influenza",2024-09-08,2024,37,6
"Médio Paraíba","influenza",2024-09-15,2024,38,2
"Médio Paraíba","influenza",2024-09-22,2024,39,3
"Médio Paraíba","influenza",2024-09-29,2024,40,2
"Médio Paraíba","influenza",2024-10-06,2024,41,0
"Médio Paraíba","influenza",2024-10-13,2024,42,4
"Médio Paraíba","influenza",2024-10-20,2024,43,1
"Médio Paraíba","influenza",2024-10-27,2024,44,3
"Médio Paraíba","influenza",2024-11-03,2024,45,1
"Médio Paraíba","influenza",2024-11-10,2024,46,1
"Médio Paraíba","influenza",2024-11-17,2024,47,3
"Médio Paraíba","influenza",2024-11-24,2024,48,3
"Médio Paraíba","influenza",2024-12-01,2024,49,2
"Médio Paraíba","influenza",2024-12-08,2024,50,2
"Médio Paraíba","influenza",2024-12-15,2024,51,2
"Médio Paraíba","influenza",2024-12-22,2024,52,1
"Médio Paraíba","influenza",2024-12-29,2025,1,3
"Médio Paraíba","influenza",2025-01-05,2025,2,1
"Médio Paraíba","influenza",2025-01-12,2025,3,0
"Médio Paraíba","influenza",2025-01-19,2025,4,1
"Médio Paraíba","influenza",2025-01-26,2025,5,1
"Médio Paraíba","influenza",2025-02-02,2025,6,1
"Médio Paraíba","influenza",2025-02-09,2025,7,1
"Médio Paraíba","influenza",2025-02-16,2025,8,0
"Médio Paraíba","influenza",2025-02-23,2025,9,0
"Médio Paraíba","influenza",2025-03-02,2025,10,0
"Médio Paraíba","influenza",2025-03-09,2025,11,0
"Médio Paraíba","influenza",2025-03-16,2025,12,0
"Médio Paraíba","influenza",2025-03-23,2025,13,0
"Médio Paraíba","influenza",2025-03-30,2025,14,1
"Médio Paraíba","influenza",2025-04-06,2025,15,2
"Médio Paraíba","influenza",2025-04-13,2025,16,6
"Médio Paraíba","influenza",2025-04-20,2025,17,4
"Médio Paraíba","influenza",2025-04-27,2025,18,13
"Médio Paraíba","influenza",2025-05-04,2025,19,22
"Médio Paraíba","influenza",2025-05-11,2025,20,32
"Médio Paraíba","influenza",2025-05-18,2025,21,58
"Médio Paraíba","influenza",2025-05-25,2025,22,52
"Médio Paraíba","influenza",2025-06-01,2025,23,44
"Médio Paraíba","influenza",2025-06-08,2025,24,22
"Médio Paraíba","influenza",2025-06-15,2025,25,11
"Médio Paraíba","influenza",2025-06-22,2025,26,3
"Médio Paraíba","influenza",2025-06-29,2025,27,5
"Médio Paraíba","influenza",2025-07-06,2025,28,3
"Médio Paraíba","influenza",2025-07-13,2025,29,2
"Médio Paraíba","influenza",2025-07-20,2025,30,0
"Médio Paraíba","influenza",2025-07-27,2025,31,0
"Médio Paraíba","influenza",2025-08-03,2025,32,0
"Médio Paraíba","influenza",2025-08-10,2025,33,1
"Médio Paraíba","influenza",2025-08-17,2025,34,1
"Médio Paraíba","influenza",2025-08-24,2025,35,0
"Médio Paraíba","influenza",2025-08-31,2025,36,1
"Médio Paraíba","influenza",2025-09-07,2025,37,0
"Médio Paraíba","influenza",2025-09-14,2025,38,2
"Médio Paraíba","influenza",2025-09-21,2025,39,1
"Médio Paraíba","influenza",2025-09-28,2025,40,0
"Médio Paraíba","influenza",2025-10-05,2025,41,0
"Médio Paraíba","influenza",2025-10-12,2025,42,5
"Médio Paraíba","influenza",2025-10-19,2025,43,3
"Médio Paraíba","influenza",2025-10-26,2025,44,7
"Médio Paraíba","influenza",2025-11-02,2025,45,9
"Médio Paraíba","influenza",2025-11-09,2025,46,6
"Médio Paraíba","influenza",2025-11-16,2025,47,12
"Médio Paraíba","influenza",2025-11-23,2025,48,9
"Médio Paraíba","influenza",2025-11-30,2025,49,19
"Médio Paraíba","influenza",2025-12-07,2025,50,17
"Médio Paraíba","influenza",2025-12-14,2025,51,5
"Médio Paraíba","influenza",2025-12-21,2025,52,4
"Médio Paraíba","influenza",2025-12-28,2025,53,1
"Médio Paraíba","vsr",2022-01-02,2022,1,0
"Médio Paraíba","vsr",2022-01-09,2022,2,1
"Médio Paraíba","vsr",2022-01-16,2022,3,0
"Médio Paraíba","vsr",2022-01-23,2022,4,0
"Médio Paraíba","vsr",2022-01-30,2022,5,0
"Médio Paraíba","vsr",2022-02-06,2022,6,0
"Médio Paraíba","vsr",2022-02-13,2022,7,0
"Médio Paraíba","vsr",2022-02-20,2022,8,0
"Médio Paraíba","vsr",2022-02-27,2022,9,1
"Médio Paraíba","vsr",2022-03-06,2022,10,0
"Médio Paraíba","vsr",2022-03-13,2022,11,4
"Médio Paraíba","vsr",2022-03-20,2022,12,4
"Médio Paraíba","vsr",2022-03-27,2022,13,5
"Médio Paraíba","vsr",2022-04-03,2022,14,5
"Médio Paraíba","vsr",2022-04-10,2022,15,3
"Médio Paraíba","vsr",2022-04-17,2022,16,2
"Médio Paraíba","vsr",2022-04-24,2022,17,3
"Médio Paraíba","vsr",2022-05-01,2022,18,4
"Médio Paraíba","vsr",2022-05-08,2022,19,5
"Médio Paraíba","vsr",2022-05-15,2022,20,1
"Médio Paraíba","vsr",2022-05-22,2022,21,0
"Médio Paraíba","vsr",2022-05-29,2022,22,4
"Médio Paraíba","vsr",2022-06-05,2022,23,2
"Médio Paraíba","vsr",2022-06-12,2022,24,1
"Médio Paraíba","vsr",2022-06-19,2022,25,0
"Médio Paraíba","vsr",2022-06-26,2022,26,0
"Médio Paraíba","vsr",2022-07-03,2022,27,0
"Médio Paraíba","vsr",2022-07-10,2022,28,0
"Médio Paraíba","vsr",2022-07-17,2022,29,0
"Médio Paraíba","vsr",2022-07-24,2022,30,0
"Médio Paraíba","vsr",2022-07-31,2022,31,0
"Médio Paraíba","vsr",2022-08-07,2022,32,0
"Médio Paraíba","vsr",2022-08-14,2022,33,0
"Médio Paraíba","vsr",2022-08-21,2022,34,0
"Médio Paraíba","vsr",2022-08-28,2022,35,0
"Médio Paraíba","vsr",2022-09-04,2022,36,0
"Médio Paraíba","vsr",2022-09-11,2022,37,0
"Médio Paraíba","vsr",2022-09-18,2022,38,0
"Médio Paraíba","vsr",2022-09-25,2022,39,0
"Médio Paraíba","vsr",2022-10-02,2022,40,0
"Médio Paraíba","vsr",2022-10-09,2022,41,0
"Médio Paraíba","vsr",2022-10-16,2022,42,0
"Médio Paraíba","vsr",2022-10-23,2022,43,0
"Médio Paraíba","vsr",2022-10-30,2022,44,0
"Médio Paraíba","vsr",2022-11-06,2022,45,0
"Médio Paraíba","vsr",2022-11-13,2022,46,0
"Médio Paraíba","vsr",2022-11-20,2022,47,0
"Médio Paraíba","vsr",2022-11-27,2022,48,0
"Médio Paraíba","vsr",2022-12-04,2022,49,0
"Médio Paraíba","vsr",2022-12-11,2022,50,0
"Médio Paraíba","vsr",2022-12-18,2022,51,0
"Médio Paraíba","vsr",2022-12-25,2022,52,0
"Médio Paraíba","vsr",2023-01-01,2023,1,0
"Médio Paraíba","vsr",2023-01-08,2023,2,0
"Médio Paraíba","vsr",2023-01-15,2023,3,0
"Médio Paraíba","vsr",2023-01-22,2023,4,0
"Médio Paraíba","vsr",2023-01-29,2023,5,0
"Médio Paraíba","vsr",2023-02-05,2023,6,0
"Médio Paraíba","vsr",2023-02-12,2023,7,0
"Médio Paraíba","vsr",2023-02-19,2023,8,1
"Médio Paraíba","vsr",2023-02-26,2023,9,1
"Médio Paraíba","vsr",2023-03-05,2023,10,0
"Médio Paraíba","vsr",2023-03-12,2023,11,2
"Médio Paraíba","vsr",2023-03-19,2023,12,1
"Médio Paraíba","vsr",2023-03-26,2023,13,0
"Médio Paraíba","vsr",2023-04-02,2023,14,1
"Médio Paraíba","vsr",2023-04-09,2023,15,2
"Médio Paraíba","vsr",2023-04-16,2023,16,2
"Médio Paraíba","vsr",2023-04-23,2023,17,1
"Médio Paraíba","vsr",2023-04-30,2023,18,1
"Médio Paraíba","vsr",2023-05-07,2023,19,0
"Médio Paraíba","vsr",2023-05-14,2023,20,1
"Médio Paraíba","vsr",2023-05-21,2023,21,3
"Médio Paraíba","vsr",2023-05-28,2023,22,0
"Médio Paraíba","vsr",2023-06-04,2023,23,1
"Médio Paraíba","vsr",2023-06-11,2023,24,0
"Médio Paraíba","vsr",2023-06-18,2023,25,0
"Médio Paraíba","vsr",2023-06-25,2023,26,0
"Médio Paraíba","vsr",2023-07-02,2023,27,0
"Médio Paraíba","vsr",2023-07-09,2023,28,0
"Médio Paraíba","vsr",2023-07-16,2023,29,1
"Médio Paraíba","vsr",2023-07-23,2023,30,0
"Médio Paraíba","vsr",2023-07-30,2023,31,0
"Médio Paraíba","vsr",2023-08-06,2023,32,0
"Médio Paraíba","vsr",2023-08-13,2023,33,0
"Médio Paraíba","vsr",2023-08-20,2023,34,0
"Médio Paraíba","vsr",2023-08-27,2023,35,0
"Médio Paraíba","vsr",2023-09-03,2023,36,0
"Médio Paraíba","vsr",2023-09-10,2023,37,0
"Médio Paraíba","vsr",2023-09-17,2023,38,0
"Médio Paraíba","vsr",2023-09-24,2023,39,0
"Médio Paraíba","vsr",2023-10-01,2023,40,0
"Médio Paraíba","vsr",2023-10-08,2023,41,0
"Médio Paraíba","vsr",2023-10-15,2023,42,0
"Médio Paraíba","vsr",2023-10-22,2023,43,0
"Médio Paraíba","vsr",2023-10-29,2023,44,0
"Médio Paraíba","vsr",2023-11-05,2023,45,1
"Médio Paraíba","vsr",2023-11-12,2023,46,0
"Médio Paraíba","vsr",2023-11-19,2023,47,0
"Médio Paraíba","vsr",2023-11-26,2023,48,0
"Médio Paraíba","vsr",2023-12-03,2023,49,0
"Médio Paraíba","vsr",2023-12-10,2023,50,0
"Médio Paraíba","vsr",2023-12-17,2023,51,0
"Médio Paraíba","vsr",2023-12-24,2023,52,0
"Médio Paraíba","vsr",2023-12-31,2024,1,0
"Médio Paraíba","vsr",2024-01-07,2024,2,0
"Médio Paraíba","vsr",2024-01-14,2024,3,0
"Médio Paraíba","vsr",2024-01-21,2024,4,0
"Médio Paraíba","vsr",2024-01-28,2024,5,0
"Médio Paraíba","vsr",2024-02-04,2024,6,0
"Médio Paraíba","vsr",2024-02-11,2024,7,0
"Médio Paraíba","vsr",2024-02-18,2024,8,0
"Médio Paraíba","vsr",2024-02-25,2024,9,1
"Médio Paraíba","vsr",2024-03-03,2024,10,0
"Médio Paraíba","vsr",2024-03-10,2024,11,1
"Médio Paraíba","vsr",2024-03-17,2024,12,2
"Médio Paraíba","vsr",2024-03-24,2024,13,1
"Médio Paraíba","vsr",2024-03-31,2024,14,4
"Médio Paraíba","vsr",2024-04-07,2024,15,2
"Médio Paraíba","vsr",2024-04-14,2024,16,3
"Médio Paraíba","vsr",2024-04-21,2024,17,3
"Médio Paraíba","vsr",2024-04-28,2024,18,5
"Médio Paraíba","vsr",2024-05-05,2024,19,3
"Médio Paraíba","vsr",2024-05-12,2024,20,3
"Médio Paraíba","vsr",2024-05-19,2024,21,3
"Médio Paraíba","vsr",2024-05-26,2024,22,3
"Médio Paraíba","vsr",2024-06-02,2024,23,5
"Médio Paraíba","vsr",2024-06-09,2024,24,9
"Médio Paraíba","vsr",2024-06-16,2024,25,7
"Médio Paraíba","vsr",2024-06-23,2024,26,4
"Médio Paraíba","vsr",2024-06-30,2024,27,3
"Médio Paraíba","vsr",2024-07-07,2024,28,2
"Médio Paraíba","vsr",2024-07-14,2024,29,3
"Médio Paraíba","vsr",2024-07-21,2024,30,2
"Médio Paraíba","vsr",2024-07-28,2024,31,2
"Médio Paraíba","vsr",2024-08-04,2024,32,1
"Médio Paraíba","vsr",2024-08-11,2024,33,0
"Médio Paraíba","vsr",2024-08-18,2024,34,0
"Médio Paraíba","vsr",2024-08-25,2024,35,0
"Médio Paraíba","vsr",2024-09-01,2024,36,0
"Médio Paraíba","vsr",2024-09-08,2024,37,0
"Médio Paraíba","vsr",2024-09-15,2024,38,2
"Médio Paraíba","vsr",2024-09-22,2024,39,0
"Médio Paraíba","vsr",2024-09-29,2024,40,0
"Médio Paraíba","vsr",2024-10-06,2024,41,0
"Médio Paraíba","vsr",2024-10-13,2024,42,0
"Médio Paraíba","vsr",2024-10-20,2024,43,0
"Médio Paraíba","vsr",2024-10-27,2024,44,0
"Médio Paraíba","vsr",2024-11-03,2024,45,0
"Médio Paraíba","vsr",2024-11-10,2024,46,0
"Médio Paraíba","vsr",2024-11-17,2024,47,0
"Médio Paraíba","vsr",2024-11-24,2024,48,0
"Médio Paraíba","vsr",2024-12-01,2024,49,1
"Médio Paraíba","vsr",2024-12-08,2024,50,1
"Médio Paraíba","vsr",2024-12-15,2024,51,1
"Médio Paraíba","vsr",2024-12-22,2024,52,0
"Médio Paraíba","vsr",2024-12-29,2025,1,0
"Médio Paraíba","vsr",2025-01-05,2025,2,0
"Médio Paraíba","vsr",2025-01-12,2025,3,0
"Médio Paraíba","vsr",2025-01-19,2025,4,0
"Médio Paraíba","vsr",2025-01-26,2025,5,0
"Médio Paraíba","vsr",2025-02-02,2025,6,0
"Médio Paraíba","vsr",2025-02-09,2025,7,0
"Médio Paraíba","vsr",2025-02-16,2025,8,0
"Médio Paraíba","vsr",2025-02-23,2025,9,0
"Médio Paraíba","vsr",2025-03-02,2025,10,1
"Médio Paraíba","vsr",2025-03-09,2025,11,1
"Médio Paraíba","vsr",2025-03-16,2025,12,2
"Médio Paraíba","vsr",2025-03-23,2025,13,2
"Médio Paraíba","vsr",2025-03-30,2025,14,0
"Médio Paraíba","vsr",2025-04-06,2025,15,2
"Médio Paraíba","vsr",2025-04-13,2025,16,4
"Médio Paraíba","vsr",2025-04-20,2025,17,4
"Médio Paraíba","vsr",2025-04-27,2025,18,8
"Médio Paraíba","vsr",2025-05-04,2025,19,9
"Médio Paraíba","vsr",2025-05-11,2025,20,8
"Médio Paraíba","vsr",2025-05-18,2025,21,15
"Médio Paraíba","vsr",2025-05-25,2025,22,14
"Médio Paraíba","vsr",2025-06-01,2025,23,18
"Médio Paraíba","vsr",2025-06-08,2025,24,13
"Médio Paraíba","vsr",2025-06-15,2025,25,17
"Médio Paraíba","vsr",2025-06-22,2025,26,15
"Médio Paraíba","vsr",2025-06-29,2025,27,6
"Médio Paraíba","vsr",2025-07-06,2025,28,3
"Médio Paraíba","vsr",2025-07-13,2025,29,8
"Médio Paraíba","vsr",2025-07-20,2025,30,2
"Médio Paraíba","vsr",2025-07-27,2025,31,0
"Médio Paraíba","vsr",2025-08-03,2025,32,0
"Médio Paraíba","vsr",2025-08-10,2025,33,1
"Médio Paraíba","vsr",2025-08-17,2025,34,2
"Médio Paraíba","vsr",2025-08-24,2025,35,1
"Médio Paraíba","vsr",2025-08-31,2025,36,0
"Médio Paraíba","vsr",2025-09-07,2025,37,0
"Médio Paraíba","vsr",2025-09-14,2025,38,0
"Médio Paraíba","vsr",2025-09-21,2025,39,0
"Médio Paraíba","vsr",2025-09-28,2025,40,0
"Médio Paraíba","vsr",2025-10-05,2025,41,0
"Médio Paraíba","vsr",2025-10-12,2025,42,0
"Médio Paraíba","vsr",2025-10-19,2025,43,0
"Médio Paraíba","vsr",2025-10-26,2025,44,0
"Médio Paraíba","vsr",2025-11-02,2025,45,1
"Médio Paraíba","vsr",2025-11-09,2025,46,0
"Médio Paraíba","vsr",2025-11-16,2025,47,0
"Médio Paraíba","vsr",2025-11-23,2025,48,0
"Médio Paraíba","vsr",2025-11-30,2025,49,0
"Médio Paraíba","vsr",2025-12-07,2025,50,0
"Médio Paraíba","vsr",2025-12-14,2025,51,0
"Médio Paraíba","vsr",2025-12-21,2025,52,0
"Médio Paraíba","vsr",2025-12-28,2025,53,0
"Metropolitana I","sarscov2",2022-01-02,2022,1,540
"Metropolitana I","sarscov2",2022-01-09,2022,2,1246
"Metropolitana I","sarscov2",2022-01-16,2022,3,1174
"Metropolitana I","sarscov2",2022-01-23,2022,4,751
"Metropolitana I","sarscov2",2022-01-30,2022,5,272
"Metropolitana I","sarscov2",2022-02-06,2022,6,118
"Metropolitana I","sarscov2",2022-02-13,2022,7,72
"Metropolitana I","sarscov2",2022-02-20,2022,8,53
"Metropolitana I","sarscov2",2022-02-27,2022,9,37
"Metropolitana I","sarscov2",2022-03-06,2022,10,29
"Metropolitana I","sarscov2",2022-03-13,2022,11,13
"Metropolitana I","sarscov2",2022-03-20,2022,12,24
"Metropolitana I","sarscov2",2022-03-27,2022,13,22
"Metropolitana I","sarscov2",2022-04-03,2022,14,19
"Metropolitana I","sarscov2",2022-04-10,2022,15,17
"Metropolitana I","sarscov2",2022-04-17,2022,16,18
"Metropolitana I","sarscov2",2022-04-24,2022,17,21
"Metropolitana I","sarscov2",2022-05-01,2022,18,29
"Metropolitana I","sarscov2",2022-05-08,2022,19,35
"Metropolitana I","sarscov2",2022-05-15,2022,20,68
"Metropolitana I","sarscov2",2022-05-22,2022,21,121
"Metropolitana I","sarscov2",2022-05-29,2022,22,205
"Metropolitana I","sarscov2",2022-06-05,2022,23,282
"Metropolitana I","sarscov2",2022-06-12,2022,24,317
"Metropolitana I","sarscov2",2022-06-19,2022,25,343
"Metropolitana I","sarscov2",2022-06-26,2022,26,266
"Metropolitana I","sarscov2",2022-07-03,2022,27,152
"Metropolitana I","sarscov2",2022-07-10,2022,28,111
"Metropolitana I","sarscov2",2022-07-17,2022,29,75
"Metropolitana I","sarscov2",2022-07-24,2022,30,35
"Metropolitana I","sarscov2",2022-07-31,2022,31,38
"Metropolitana I","sarscov2",2022-08-07,2022,32,28
"Metropolitana I","sarscov2",2022-08-14,2022,33,8
"Metropolitana I","sarscov2",2022-08-21,2022,34,16
"Metropolitana I","sarscov2",2022-08-28,2022,35,12
"Metropolitana I","sarscov2",2022-09-04,2022,36,9
"Metropolitana I","sarscov2",2022-09-11,2022,37,9
"Metropolitana I","sarscov2",2022-09-18,2022,38,14
"Metropolitana I","sarscov2",2022-09-25,2022,39,12
"Metropolitana I","sarscov2",2022-10-02,2022,40,10
"Metropolitana I","sarscov2",2022-10-09,2022,41,28
"Metropolitana I","sarscov2",2022-10-16,2022,42,29
"Metropolitana I","sarscov2",2022-10-23,2022,43,64
"Metropolitana I","sarscov2",2022-10-30,2022,44,157
"Metropolitana I","sarscov2",2022-11-06,2022,45,260
"Metropolitana I","sarscov2",2022-11-13,2022,46,315
"Metropolitana I","sarscov2",2022-11-20,2022,47,209
"Metropolitana I","sarscov2",2022-11-27,2022,48,130
"Metropolitana I","sarscov2",2022-12-04,2022,49,93
"Metropolitana I","sarscov2",2022-12-11,2022,50,44
"Metropolitana I","sarscov2",2022-12-18,2022,51,42
"Metropolitana I","sarscov2",2022-12-25,2022,52,49
"Metropolitana I","sarscov2",2023-01-01,2023,1,30
"Metropolitana I","sarscov2",2023-01-08,2023,2,29
"Metropolitana I","sarscov2",2023-01-15,2023,3,31
"Metropolitana I","sarscov2",2023-01-22,2023,4,16
"Metropolitana I","sarscov2",2023-01-29,2023,5,34
"Metropolitana I","sarscov2",2023-02-05,2023,6,49
"Metropolitana I","sarscov2",2023-02-12,2023,7,43
"Metropolitana I","sarscov2",2023-02-19,2023,8,80
"Metropolitana I","sarscov2",2023-02-26,2023,9,93
"Metropolitana I","sarscov2",2023-03-05,2023,10,91
"Metropolitana I","sarscov2",2023-03-12,2023,11,78
"Metropolitana I","sarscov2",2023-03-19,2023,12,63
"Metropolitana I","sarscov2",2023-03-26,2023,13,48
"Metropolitana I","sarscov2",2023-04-02,2023,14,36
"Metropolitana I","sarscov2",2023-04-09,2023,15,36
"Metropolitana I","sarscov2",2023-04-16,2023,16,25
"Metropolitana I","sarscov2",2023-04-23,2023,17,16
"Metropolitana I","sarscov2",2023-04-30,2023,18,14
"Metropolitana I","sarscov2",2023-05-07,2023,19,18
"Metropolitana I","sarscov2",2023-05-14,2023,20,20
"Metropolitana I","sarscov2",2023-05-21,2023,21,12
"Metropolitana I","sarscov2",2023-05-28,2023,22,14
"Metropolitana I","sarscov2",2023-06-04,2023,23,8
"Metropolitana I","sarscov2",2023-06-11,2023,24,20
"Metropolitana I","sarscov2",2023-06-18,2023,25,8
"Metropolitana I","sarscov2",2023-06-25,2023,26,12
"Metropolitana I","sarscov2",2023-07-02,2023,27,11
"Metropolitana I","sarscov2",2023-07-09,2023,28,7
"Metropolitana I","sarscov2",2023-07-16,2023,29,4
"Metropolitana I","sarscov2",2023-07-23,2023,30,12
"Metropolitana I","sarscov2",2023-07-30,2023,31,11
"Metropolitana I","sarscov2",2023-08-06,2023,32,13
"Metropolitana I","sarscov2",2023-08-13,2023,33,33
"Metropolitana I","sarscov2",2023-08-20,2023,34,28
"Metropolitana I","sarscov2",2023-08-27,2023,35,54
"Metropolitana I","sarscov2",2023-09-03,2023,36,79
"Metropolitana I","sarscov2",2023-09-10,2023,37,62
"Metropolitana I","sarscov2",2023-09-17,2023,38,77
"Metropolitana I","sarscov2",2023-09-24,2023,39,65
"Metropolitana I","sarscov2",2023-10-01,2023,40,76
"Metropolitana I","sarscov2",2023-10-08,2023,41,59
"Metropolitana I","sarscov2",2023-10-15,2023,42,37
"Metropolitana I","sarscov2",2023-10-22,2023,43,45
"Metropolitana I","sarscov2",2023-10-29,2023,44,28
"Metropolitana I","sarscov2",2023-11-05,2023,45,35
"Metropolitana I","sarscov2",2023-11-12,2023,46,25
"Metropolitana I","sarscov2",2023-11-19,2023,47,15
"Metropolitana I","sarscov2",2023-11-26,2023,48,16
"Metropolitana I","sarscov2",2023-12-03,2023,49,11
"Metropolitana I","sarscov2",2023-12-10,2023,50,8
"Metropolitana I","sarscov2",2023-12-17,2023,51,11
"Metropolitana I","sarscov2",2023-12-24,2023,52,13
"Metropolitana I","sarscov2",2023-12-31,2024,1,15
"Metropolitana I","sarscov2",2024-01-07,2024,2,15
"Metropolitana I","sarscov2",2024-01-14,2024,3,33
"Metropolitana I","sarscov2",2024-01-21,2024,4,28
"Metropolitana I","sarscov2",2024-01-28,2024,5,52
"Metropolitana I","sarscov2",2024-02-04,2024,6,86
"Metropolitana I","sarscov2",2024-02-11,2024,7,85
"Metropolitana I","sarscov2",2024-02-18,2024,8,79
"Metropolitana I","sarscov2",2024-02-25,2024,9,61
"Metropolitana I","sarscov2",2024-03-03,2024,10,31
"Metropolitana I","sarscov2",2024-03-10,2024,11,23
"Metropolitana I","sarscov2",2024-03-17,2024,12,11
"Metropolitana I","sarscov2",2024-03-24,2024,13,5
"Metropolitana I","sarscov2",2024-03-31,2024,14,10
"Metropolitana I","sarscov2",2024-04-07,2024,15,9
"Metropolitana I","sarscov2",2024-04-14,2024,16,5
"Metropolitana I","sarscov2",2024-04-21,2024,17,6
"Metropolitana I","sarscov2",2024-04-28,2024,18,4
"Metropolitana I","sarscov2",2024-05-05,2024,19,2
"Metropolitana I","sarscov2",2024-05-12,2024,20,2
"Metropolitana I","sarscov2",2024-05-19,2024,21,0
"Metropolitana I","sarscov2",2024-05-26,2024,22,4
"Metropolitana I","sarscov2",2024-06-02,2024,23,2
"Metropolitana I","sarscov2",2024-06-09,2024,24,5
"Metropolitana I","sarscov2",2024-06-16,2024,25,3
"Metropolitana I","sarscov2",2024-06-23,2024,26,0
"Metropolitana I","sarscov2",2024-06-30,2024,27,5
"Metropolitana I","sarscov2",2024-07-07,2024,28,6
"Metropolitana I","sarscov2",2024-07-14,2024,29,6
"Metropolitana I","sarscov2",2024-07-21,2024,30,11
"Metropolitana I","sarscov2",2024-07-28,2024,31,8
"Metropolitana I","sarscov2",2024-08-04,2024,32,8
"Metropolitana I","sarscov2",2024-08-11,2024,33,16
"Metropolitana I","sarscov2",2024-08-18,2024,34,12
"Metropolitana I","sarscov2",2024-08-25,2024,35,25
"Metropolitana I","sarscov2",2024-09-01,2024,36,15
"Metropolitana I","sarscov2",2024-09-08,2024,37,14
"Metropolitana I","sarscov2",2024-09-15,2024,38,15
"Metropolitana I","sarscov2",2024-09-22,2024,39,11
"Metropolitana I","sarscov2",2024-09-29,2024,40,16
"Metropolitana I","sarscov2",2024-10-06,2024,41,18
"Metropolitana I","sarscov2",2024-10-13,2024,42,19
"Metropolitana I","sarscov2",2024-10-20,2024,43,24
"Metropolitana I","sarscov2",2024-10-27,2024,44,23
"Metropolitana I","sarscov2",2024-11-03,2024,45,36
"Metropolitana I","sarscov2",2024-11-10,2024,46,35
"Metropolitana I","sarscov2",2024-11-17,2024,47,50
"Metropolitana I","sarscov2",2024-11-24,2024,48,39
"Metropolitana I","sarscov2",2024-12-01,2024,49,35
"Metropolitana I","sarscov2",2024-12-08,2024,50,19
"Metropolitana I","sarscov2",2024-12-15,2024,51,26
"Metropolitana I","sarscov2",2024-12-22,2024,52,19
"Metropolitana I","sarscov2",2024-12-29,2025,1,21
"Metropolitana I","sarscov2",2025-01-05,2025,2,12
"Metropolitana I","sarscov2",2025-01-12,2025,3,9
"Metropolitana I","sarscov2",2025-01-19,2025,4,10
"Metropolitana I","sarscov2",2025-01-26,2025,5,5
"Metropolitana I","sarscov2",2025-02-02,2025,6,5
"Metropolitana I","sarscov2",2025-02-09,2025,7,6
"Metropolitana I","sarscov2",2025-02-16,2025,8,8
"Metropolitana I","sarscov2",2025-02-23,2025,9,5
"Metropolitana I","sarscov2",2025-03-02,2025,10,0
"Metropolitana I","sarscov2",2025-03-09,2025,11,4
"Metropolitana I","sarscov2",2025-03-16,2025,12,3
"Metropolitana I","sarscov2",2025-03-23,2025,13,0
"Metropolitana I","sarscov2",2025-03-30,2025,14,7
"Metropolitana I","sarscov2",2025-04-06,2025,15,7
"Metropolitana I","sarscov2",2025-04-13,2025,16,5
"Metropolitana I","sarscov2",2025-04-20,2025,17,5
"Metropolitana I","sarscov2",2025-04-27,2025,18,10
"Metropolitana I","sarscov2",2025-05-04,2025,19,6
"Metropolitana I","sarscov2",2025-05-11,2025,20,4
"Metropolitana I","sarscov2",2025-05-18,2025,21,4
"Metropolitana I","sarscov2",2025-05-25,2025,22,11
"Metropolitana I","sarscov2",2025-06-01,2025,23,12
"Metropolitana I","sarscov2",2025-06-08,2025,24,24
"Metropolitana I","sarscov2",2025-06-15,2025,25,15
"Metropolitana I","sarscov2",2025-06-22,2025,26,19
"Metropolitana I","sarscov2",2025-06-29,2025,27,10
"Metropolitana I","sarscov2",2025-07-06,2025,28,11
"Metropolitana I","sarscov2",2025-07-13,2025,29,25
"Metropolitana I","sarscov2",2025-07-20,2025,30,37
"Metropolitana I","sarscov2",2025-07-27,2025,31,30
"Metropolitana I","sarscov2",2025-08-03,2025,32,30
"Metropolitana I","sarscov2",2025-08-10,2025,33,41
"Metropolitana I","sarscov2",2025-08-17,2025,34,28
"Metropolitana I","sarscov2",2025-08-24,2025,35,17
"Metropolitana I","sarscov2",2025-08-31,2025,36,10
"Metropolitana I","sarscov2",2025-09-07,2025,37,14
"Metropolitana I","sarscov2",2025-09-14,2025,38,11
"Metropolitana I","sarscov2",2025-09-21,2025,39,16
"Metropolitana I","sarscov2",2025-09-28,2025,40,4
"Metropolitana I","sarscov2",2025-10-05,2025,41,6
"Metropolitana I","sarscov2",2025-10-12,2025,42,3
"Metropolitana I","sarscov2",2025-10-19,2025,43,4
"Metropolitana I","sarscov2",2025-10-26,2025,44,1
"Metropolitana I","sarscov2",2025-11-02,2025,45,2
"Metropolitana I","sarscov2",2025-11-09,2025,46,2
"Metropolitana I","sarscov2",2025-11-16,2025,47,4
"Metropolitana I","sarscov2",2025-11-23,2025,48,1
"Metropolitana I","sarscov2",2025-11-30,2025,49,4
"Metropolitana I","sarscov2",2025-12-07,2025,50,2
"Metropolitana I","sarscov2",2025-12-14,2025,51,4
"Metropolitana I","sarscov2",2025-12-21,2025,52,3
"Metropolitana I","sarscov2",2025-12-28,2025,53,8
"Metropolitana I","influenza",2022-01-02,2022,1,28
"Metropolitana I","influenza",2022-01-09,2022,2,3
"Metropolitana I","influenza",2022-01-16,2022,3,2
"Metropolitana I","influenza",2022-01-23,2022,4,0
"Metropolitana I","influenza",2022-01-30,2022,5,1
"Metropolitana I","influenza",2022-02-06,2022,6,2
"Metropolitana I","influenza",2022-02-13,2022,7,3
"Metropolitana I","influenza",2022-02-20,2022,8,1
"Metropolitana I","influenza",2022-02-27,2022,9,1
"Metropolitana I","influenza",2022-03-06,2022,10,3
"Metropolitana I","influenza",2022-03-13,2022,11,1
"Metropolitana I","influenza",2022-03-20,2022,12,3
"Metropolitana I","influenza",2022-03-27,2022,13,7
"Metropolitana I","influenza",2022-04-03,2022,14,5
"Metropolitana I","influenza",2022-04-10,2022,15,3
"Metropolitana I","influenza",2022-04-17,2022,16,1
"Metropolitana I","influenza",2022-04-24,2022,17,0
"Metropolitana I","influenza",2022-05-01,2022,18,1
"Metropolitana I","influenza",2022-05-08,2022,19,1
"Metropolitana I","influenza",2022-05-15,2022,20,1
"Metropolitana I","influenza",2022-05-22,2022,21,5
"Metropolitana I","influenza",2022-05-29,2022,22,3
"Metropolitana I","influenza",2022-06-05,2022,23,0
"Metropolitana I","influenza",2022-06-12,2022,24,0
"Metropolitana I","influenza",2022-06-19,2022,25,3
"Metropolitana I","influenza",2022-06-26,2022,26,3
"Metropolitana I","influenza",2022-07-03,2022,27,1
"Metropolitana I","influenza",2022-07-10,2022,28,0
"Metropolitana I","influenza",2022-07-17,2022,29,0
"Metropolitana I","influenza",2022-07-24,2022,30,0
"Metropolitana I","influenza",2022-07-31,2022,31,1
"Metropolitana I","influenza",2022-08-07,2022,32,5
"Metropolitana I","influenza",2022-08-14,2022,33,0
"Metropolitana I","influenza",2022-08-21,2022,34,0
"Metropolitana I","influenza",2022-08-28,2022,35,1
"Metropolitana I","influenza",2022-09-04,2022,36,1
"Metropolitana I","influenza",2022-09-11,2022,37,0
"Metropolitana I","influenza",2022-09-18,2022,38,1
"Metropolitana I","influenza",2022-09-25,2022,39,2
"Metropolitana I","influenza",2022-10-02,2022,40,1
"Metropolitana I","influenza",2022-10-09,2022,41,0
"Metropolitana I","influenza",2022-10-16,2022,42,3
"Metropolitana I","influenza",2022-10-23,2022,43,4
"Metropolitana I","influenza",2022-10-30,2022,44,7
"Metropolitana I","influenza",2022-11-06,2022,45,2
"Metropolitana I","influenza",2022-11-13,2022,46,5
"Metropolitana I","influenza",2022-11-20,2022,47,2
"Metropolitana I","influenza",2022-11-27,2022,48,0
"Metropolitana I","influenza",2022-12-04,2022,49,1
"Metropolitana I","influenza",2022-12-11,2022,50,2
"Metropolitana I","influenza",2022-12-18,2022,51,2
"Metropolitana I","influenza",2022-12-25,2022,52,0
"Metropolitana I","influenza",2023-01-01,2023,1,1
"Metropolitana I","influenza",2023-01-08,2023,2,1
"Metropolitana I","influenza",2023-01-15,2023,3,0
"Metropolitana I","influenza",2023-01-22,2023,4,2
"Metropolitana I","influenza",2023-01-29,2023,5,0
"Metropolitana I","influenza",2023-02-05,2023,6,1
"Metropolitana I","influenza",2023-02-12,2023,7,0
"Metropolitana I","influenza",2023-02-19,2023,8,4
"Metropolitana I","influenza",2023-02-26,2023,9,2
"Metropolitana I","influenza",2023-03-05,2023,10,3
"Metropolitana I","influenza",2023-03-12,2023,11,7
"Metropolitana I","influenza",2023-03-19,2023,12,5
"Metropolitana I","influenza",2023-03-26,2023,13,3
"Metropolitana I","influenza",2023-04-02,2023,14,8
"Metropolitana I","influenza",2023-04-09,2023,15,7
"Metropolitana I","influenza",2023-04-16,2023,16,10
"Metropolitana I","influenza",2023-04-23,2023,17,25
"Metropolitana I","influenza",2023-04-30,2023,18,35
"Metropolitana I","influenza",2023-05-07,2023,19,24
"Metropolitana I","influenza",2023-05-14,2023,20,23
"Metropolitana I","influenza",2023-05-21,2023,21,20
"Metropolitana I","influenza",2023-05-28,2023,22,13
"Metropolitana I","influenza",2023-06-04,2023,23,13
"Metropolitana I","influenza",2023-06-11,2023,24,9
"Metropolitana I","influenza",2023-06-18,2023,25,3
"Metropolitana I","influenza",2023-06-25,2023,26,2
"Metropolitana I","influenza",2023-07-02,2023,27,8
"Metropolitana I","influenza",2023-07-09,2023,28,3
"Metropolitana I","influenza",2023-07-16,2023,29,4
"Metropolitana I","influenza",2023-07-23,2023,30,1
"Metropolitana I","influenza",2023-07-30,2023,31,4
"Metropolitana I","influenza",2023-08-06,2023,32,0
"Metropolitana I","influenza",2023-08-13,2023,33,2
"Metropolitana I","influenza",2023-08-20,2023,34,5
"Metropolitana I","influenza",2023-08-27,2023,35,0
"Metropolitana I","influenza",2023-09-03,2023,36,0
"Metropolitana I","influenza",2023-09-10,2023,37,3
"Metropolitana I","influenza",2023-09-17,2023,38,2
"Metropolitana I","influenza",2023-09-24,2023,39,1
"Metropolitana I","influenza",2023-10-01,2023,40,3
"Metropolitana I","influenza",2023-10-08,2023,41,2
"Metropolitana I","influenza",2023-10-15,2023,42,0
"Metropolitana I","influenza",2023-10-22,2023,43,2
"Metropolitana I","influenza",2023-10-29,2023,44,0
"Metropolitana I","influenza",2023-11-05,2023,45,1
"Metropolitana I","influenza",2023-11-12,2023,46,0
"Metropolitana I","influenza",2023-11-19,2023,47,2
"Metropolitana I","influenza",2023-11-26,2023,48,1
"Metropolitana I","influenza",2023-12-03,2023,49,0
"Metropolitana I","influenza",2023-12-10,2023,50,6
"Metropolitana I","influenza",2023-12-17,2023,51,8
"Metropolitana I","influenza",2023-12-24,2023,52,1
"Metropolitana I","influenza",2023-12-31,2024,1,4
"Metropolitana I","influenza",2024-01-07,2024,2,4
"Metropolitana I","influenza",2024-01-14,2024,3,9
"Metropolitana I","influenza",2024-01-21,2024,4,13
"Metropolitana I","influenza",2024-01-28,2024,5,11
"Metropolitana I","influenza",2024-02-04,2024,6,14
"Metropolitana I","influenza",2024-02-11,2024,7,20
"Metropolitana I","influenza",2024-02-18,2024,8,23
"Metropolitana I","influenza",2024-02-25,2024,9,31
"Metropolitana I","influenza",2024-03-03,2024,10,45
"Metropolitana I","influenza",2024-03-10,2024,11,30
"Metropolitana I","influenza",2024-03-17,2024,12,35
"Metropolitana I","influenza",2024-03-24,2024,13,14
"Metropolitana I","influenza",2024-03-31,2024,14,35
"Metropolitana I","influenza",2024-04-07,2024,15,35
"Metropolitana I","influenza",2024-04-14,2024,16,28
"Metropolitana I","influenza",2024-04-21,2024,17,32
"Metropolitana I","influenza",2024-04-28,2024,18,26
"Metropolitana I","influenza",2024-05-05,2024,19,23
"Metropolitana I","influenza",2024-05-12,2024,20,21
"Metropolitana I","influenza",2024-05-19,2024,21,22
"Metropolitana I","influenza",2024-05-26,2024,22,19
"Metropolitana I","influenza",2024-06-02,2024,23,15
"Metropolitana I","influenza",2024-06-09,2024,24,22
"Metropolitana I","influenza",2024-06-16,2024,25,10
"Metropolitana I","influenza",2024-06-23,2024,26,12
"Metropolitana I","influenza",2024-06-30,2024,27,21
"Metropolitana I","influenza",2024-07-07,2024,28,19
"Metropolitana I","influenza",2024-07-14,2024,29,13
"Metropolitana I","influenza",2024-07-21,2024,30,9
"Metropolitana I","influenza",2024-07-28,2024,31,9
"Metropolitana I","influenza",2024-08-04,2024,32,7
"Metropolitana I","influenza",2024-08-11,2024,33,16
"Metropolitana I","influenza",2024-08-18,2024,34,12
"Metropolitana I","influenza",2024-08-25,2024,35,8
"Metropolitana I","influenza",2024-09-01,2024,36,10
"Metropolitana I","influenza",2024-09-08,2024,37,12
"Metropolitana I","influenza",2024-09-15,2024,38,26
"Metropolitana I","influenza",2024-09-22,2024,39,16
"Metropolitana I","influenza",2024-09-29,2024,40,11
"Metropolitana I","influenza",2024-10-06,2024,41,20
"Metropolitana I","influenza",2024-10-13,2024,42,21
"Metropolitana I","influenza",2024-10-20,2024,43,21
"Metropolitana I","influenza",2024-10-27,2024,44,21
"Metropolitana I","influenza",2024-11-03,2024,45,16
"Metropolitana I","influenza",2024-11-10,2024,46,16
"Metropolitana I","influenza",2024-11-17,2024,47,9
"Metropolitana I","influenza",2024-11-24,2024,48,17
"Metropolitana I","influenza",2024-12-01,2024,49,10
"Metropolitana I","influenza",2024-12-08,2024,50,16
"Metropolitana I","influenza",2024-12-15,2024,51,12
"Metropolitana I","influenza",2024-12-22,2024,52,12
"Metropolitana I","influenza",2024-12-29,2025,1,13
"Metropolitana I","influenza",2025-01-05,2025,2,6
"Metropolitana I","influenza",2025-01-12,2025,3,4
"Metropolitana I","influenza",2025-01-19,2025,4,11
"Metropolitana I","influenza",2025-01-26,2025,5,11
"Metropolitana I","influenza",2025-02-02,2025,6,2
"Metropolitana I","influenza",2025-02-09,2025,7,6
"Metropolitana I","influenza",2025-02-16,2025,8,5
"Metropolitana I","influenza",2025-02-23,2025,9,3
"Metropolitana I","influenza",2025-03-02,2025,10,3
"Metropolitana I","influenza",2025-03-09,2025,11,11
"Metropolitana I","influenza",2025-03-16,2025,12,11
"Metropolitana I","influenza",2025-03-23,2025,13,15
"Metropolitana I","influenza",2025-03-30,2025,14,20
"Metropolitana I","influenza",2025-04-06,2025,15,21
"Metropolitana I","influenza",2025-04-13,2025,16,44
"Metropolitana I","influenza",2025-04-20,2025,17,60
"Metropolitana I","influenza",2025-04-27,2025,18,72
"Metropolitana I","influenza",2025-05-04,2025,19,78
"Metropolitana I","influenza",2025-05-11,2025,20,111
"Metropolitana I","influenza",2025-05-18,2025,21,114
"Metropolitana I","influenza",2025-05-25,2025,22,84
"Metropolitana I","influenza",2025-06-01,2025,23,76
"Metropolitana I","influenza",2025-06-08,2025,24,45
"Metropolitana I","influenza",2025-06-15,2025,25,36
"Metropolitana I","influenza",2025-06-22,2025,26,21
"Metropolitana I","influenza",2025-06-29,2025,27,25
"Metropolitana I","influenza",2025-07-06,2025,28,24
"Metropolitana I","influenza",2025-07-13,2025,29,14
"Metropolitana I","influenza",2025-07-20,2025,30,10
"Metropolitana I","influenza",2025-07-27,2025,31,4
"Metropolitana I","influenza",2025-08-03,2025,32,9
"Metropolitana I","influenza",2025-08-10,2025,33,8
"Metropolitana I","influenza",2025-08-17,2025,34,9
"Metropolitana I","influenza",2025-08-24,2025,35,16
"Metropolitana I","influenza",2025-08-31,2025,36,12
"Metropolitana I","influenza",2025-09-07,2025,37,8
"Metropolitana I","influenza",2025-09-14,2025,38,25
"Metropolitana I","influenza",2025-09-21,2025,39,24
"Metropolitana I","influenza",2025-09-28,2025,40,36
"Metropolitana I","influenza",2025-10-05,2025,41,20
"Metropolitana I","influenza",2025-10-12,2025,42,29
"Metropolitana I","influenza",2025-10-19,2025,43,37
"Metropolitana I","influenza",2025-10-26,2025,44,25
"Metropolitana I","influenza",2025-11-02,2025,45,16
"Metropolitana I","influenza",2025-11-09,2025,46,23
"Metropolitana I","influenza",2025-11-16,2025,47,18
"Metropolitana I","influenza",2025-11-23,2025,48,13
"Metropolitana I","influenza",2025-11-30,2025,49,9
"Metropolitana I","influenza",2025-12-07,2025,50,4
"Metropolitana I","influenza",2025-12-14,2025,51,14
"Metropolitana I","influenza",2025-12-21,2025,52,10
"Metropolitana I","influenza",2025-12-28,2025,53,3
"Metropolitana I","vsr",2022-01-02,2022,1,4
"Metropolitana I","vsr",2022-01-09,2022,2,5
"Metropolitana I","vsr",2022-01-16,2022,3,5
"Metropolitana I","vsr",2022-01-23,2022,4,4
"Metropolitana I","vsr",2022-01-30,2022,5,1
"Metropolitana I","vsr",2022-02-06,2022,6,5
"Metropolitana I","vsr",2022-02-13,2022,7,5
"Metropolitana I","vsr",2022-02-20,2022,8,13
"Metropolitana I","vsr",2022-02-27,2022,9,13
"Metropolitana I","vsr",2022-03-06,2022,10,16
"Metropolitana I","vsr",2022-03-13,2022,11,14
"Metropolitana I","vsr",2022-03-20,2022,12,35
"Metropolitana I","vsr",2022-03-27,2022,13,41
"Metropolitana I","vsr",2022-04-03,2022,14,43
"Metropolitana I","vsr",2022-04-10,2022,15,57
"Metropolitana I","vsr",2022-04-17,2022,16,66
"Metropolitana I","vsr",2022-04-24,2022,17,58
"Metropolitana I","vsr",2022-05-01,2022,18,71
"Metropolitana I","vsr",2022-05-08,2022,19,59
"Metropolitana I","vsr",2022-05-15,2022,20,64
"Metropolitana I","vsr",2022-05-22,2022,21,47
"Metropolitana I","vsr",2022-05-29,2022,22,30
"Metropolitana I","vsr",2022-06-05,2022,23,39
"Metropolitana I","vsr",2022-06-12,2022,24,28
"Metropolitana I","vsr",2022-06-19,2022,25,21
"Metropolitana I","vsr",2022-06-26,2022,26,13
"Metropolitana I","vsr",2022-07-03,2022,27,8
"Metropolitana I","vsr",2022-07-10,2022,28,11
"Metropolitana I","vsr",2022-07-17,2022,29,3
"Metropolitana I","vsr",2022-07-24,2022,30,0
"Metropolitana I","vsr",2022-07-31,2022,31,2
"Metropolitana I","vsr",2022-08-07,2022,32,2
"Metropolitana I","vsr",2022-08-14,2022,33,2
"Metropolitana I","vsr",2022-08-21,2022,34,3
"Metropolitana I","vsr",2022-08-28,2022,35,2
"Metropolitana I","vsr",2022-09-04,2022,36,0
"Metropolitana I","vsr",2022-09-11,2022,37,2
"Metropolitana I","vsr",2022-09-18,2022,38,1
"Metropolitana I","vsr",2022-09-25,2022,39,0
"Metropolitana I","vsr",2022-10-02,2022,40,0
"Metropolitana I","vsr",2022-10-09,2022,41,0
"Metropolitana I","vsr",2022-10-16,2022,42,2
"Metropolitana I","vsr",2022-10-23,2022,43,0
"Metropolitana I","vsr",2022-10-30,2022,44,0
"Metropolitana I","vsr",2022-11-06,2022,45,0
"Metropolitana I","vsr",2022-11-13,2022,46,2
"Metropolitana I","vsr",2022-11-20,2022,47,0
"Metropolitana I","vsr",2022-11-27,2022,48,0
"Metropolitana I","vsr",2022-12-04,2022,49,2
"Metropolitana I","vsr",2022-12-11,2022,50,2
"Metropolitana I","vsr",2022-12-18,2022,51,4
"Metropolitana I","vsr",2022-12-25,2022,52,3
"Metropolitana I","vsr",2023-01-01,2023,1,2
"Metropolitana I","vsr",2023-01-08,2023,2,3
"Metropolitana I","vsr",2023-01-15,2023,3,5
"Metropolitana I","vsr",2023-01-22,2023,4,8
"Metropolitana I","vsr",2023-01-29,2023,5,4
"Metropolitana I","vsr",2023-02-05,2023,6,2
"Metropolitana I","vsr",2023-02-12,2023,7,7
"Metropolitana I","vsr",2023-02-19,2023,8,10
"Metropolitana I","vsr",2023-02-26,2023,9,11
"Metropolitana I","vsr",2023-03-05,2023,10,10
"Metropolitana I","vsr",2023-03-12,2023,11,25
"Metropolitana I","vsr",2023-03-19,2023,12,38
"Metropolitana I","vsr",2023-03-26,2023,13,44
"Metropolitana I","vsr",2023-04-02,2023,14,50
"Metropolitana I","vsr",2023-04-09,2023,15,45
"Metropolitana I","vsr",2023-04-16,2023,16,31
"Metropolitana I","vsr",2023-04-23,2023,17,25
"Metropolitana I","vsr",2023-04-30,2023,18,32
"Metropolitana I","vsr",2023-05-07,2023,19,32
"Metropolitana I","vsr",2023-05-14,2023,20,21
"Metropolitana I","vsr",2023-05-21,2023,21,8
"Metropolitana I","vsr",2023-05-28,2023,22,16
"Metropolitana I","vsr",2023-06-04,2023,23,20
"Metropolitana I","vsr",2023-06-11,2023,24,12
"Metropolitana I","vsr",2023-06-18,2023,25,9
"Metropolitana I","vsr",2023-06-25,2023,26,1
"Metropolitana I","vsr",2023-07-02,2023,27,3
"Metropolitana I","vsr",2023-07-09,2023,28,5
"Metropolitana I","vsr",2023-07-16,2023,29,4
"Metropolitana I","vsr",2023-07-23,2023,30,5
"Metropolitana I","vsr",2023-07-30,2023,31,2
"Metropolitana I","vsr",2023-08-06,2023,32,5
"Metropolitana I","vsr",2023-08-13,2023,33,1
"Metropolitana I","vsr",2023-08-20,2023,34,2
"Metropolitana I","vsr",2023-08-27,2023,35,0
"Metropolitana I","vsr",2023-09-03,2023,36,1
"Metropolitana I","vsr",2023-09-10,2023,37,1
"Metropolitana I","vsr",2023-09-17,2023,38,0
"Metropolitana I","vsr",2023-09-24,2023,39,1
"Metropolitana I","vsr",2023-10-01,2023,40,0
"Metropolitana I","vsr",2023-10-08,2023,41,0
"Metropolitana I","vsr",2023-10-15,2023,42,1
"Metropolitana I","vsr",2023-10-22,2023,43,0
"Metropolitana I","vsr",2023-10-29,2023,44,1
"Metropolitana I","vsr",2023-11-05,2023,45,0
"Metropolitana I","vsr",2023-11-12,2023,46,1
"Metropolitana I","vsr",2023-11-19,2023,47,1
"Metropolitana I","vsr",2023-11-26,2023,48,3
"Metropolitana I","vsr",2023-12-03,2023,49,1
"Metropolitana I","vsr",2023-12-10,2023,50,0
"Metropolitana I","vsr",2023-12-17,2023,51,1
"Metropolitana I","vsr",2023-12-24,2023,52,1
"Metropolitana I","vsr",2023-12-31,2024,1,1
"Metropolitana I","vsr",2024-01-07,2024,2,0
"Metropolitana I","vsr",2024-01-14,2024,3,0
"Metropolitana I","vsr",2024-01-21,2024,4,0
"Metropolitana I","vsr",2024-01-28,2024,5,2
"Metropolitana I","vsr",2024-02-04,2024,6,3
"Metropolitana I","vsr",2024-02-11,2024,7,3
"Metropolitana I","vsr",2024-02-18,2024,8,3
"Metropolitana I","vsr",2024-02-25,2024,9,12
"Metropolitana I","vsr",2024-03-03,2024,10,16
"Metropolitana I","vsr",2024-03-10,2024,11,21
"Metropolitana I","vsr",2024-03-17,2024,12,30
"Metropolitana I","vsr",2024-03-24,2024,13,26
"Metropolitana I","vsr",2024-03-31,2024,14,45
"Metropolitana I","vsr",2024-04-07,2024,15,61
"Metropolitana I","vsr",2024-04-14,2024,16,85
"Metropolitana I","vsr",2024-04-21,2024,17,68
"Metropolitana I","vsr",2024-04-28,2024,18,62
"Metropolitana I","vsr",2024-05-05,2024,19,69
"Metropolitana I","vsr",2024-05-12,2024,20,64
"Metropolitana I","vsr",2024-05-19,2024,21,56
"Metropolitana I","vsr",2024-05-26,2024,22,70
"Metropolitana I","vsr",2024-06-02,2024,23,59
"Metropolitana I","vsr",2024-06-09,2024,24,60
"Metropolitana I","vsr",2024-06-16,2024,25,36
"Metropolitana I","vsr",2024-06-23,2024,26,59
"Metropolitana I","vsr",2024-06-30,2024,27,39
"Metropolitana I","vsr",2024-07-07,2024,28,52
"Metropolitana I","vsr",2024-07-14,2024,29,37
"Metropolitana I","vsr",2024-07-21,2024,30,20
"Metropolitana I","vsr",2024-07-28,2024,31,14
"Metropolitana I","vsr",2024-08-04,2024,32,16
"Metropolitana I","vsr",2024-08-11,2024,33,14
"Metropolitana I","vsr",2024-08-18,2024,34,15
"Metropolitana I","vsr",2024-08-25,2024,35,10
"Metropolitana I","vsr",2024-09-01,2024,36,7
"Metropolitana I","vsr",2024-09-08,2024,37,4
"Metropolitana I","vsr",2024-09-15,2024,38,7
"Metropolitana I","vsr",2024-09-22,2024,39,6
"Metropolitana I","vsr",2024-09-29,2024,40,2
"Metropolitana I","vsr",2024-10-06,2024,41,4
"Metropolitana I","vsr",2024-10-13,2024,42,7
"Metropolitana I","vsr",2024-10-20,2024,43,6
"Metropolitana I","vsr",2024-10-27,2024,44,7
"Metropolitana I","vsr",2024-11-03,2024,45,3
"Metropolitana I","vsr",2024-11-10,2024,46,3
"Metropolitana I","vsr",2024-11-17,2024,47,2
"Metropolitana I","vsr",2024-11-24,2024,48,1
"Metropolitana I","vsr",2024-12-01,2024,49,1
"Metropolitana I","vsr",2024-12-08,2024,50,1
"Metropolitana I","vsr",2024-12-15,2024,51,0
"Metropolitana I","vsr",2024-12-22,2024,52,2
"Metropolitana I","vsr",2024-12-29,2025,1,2
"Metropolitana I","vsr",2025-01-05,2025,2,3
"Metropolitana I","vsr",2025-01-12,2025,3,8
"Metropolitana I","vsr",2025-01-19,2025,4,4
"Metropolitana I","vsr",2025-01-26,2025,5,3
"Metropolitana I","vsr",2025-02-02,2025,6,3
"Metropolitana I","vsr",2025-02-09,2025,7,7
"Metropolitana I","vsr",2025-02-16,2025,8,8
"Metropolitana I","vsr",2025-02-23,2025,9,8
"Metropolitana I","vsr",2025-03-02,2025,10,14
"Metropolitana I","vsr",2025-03-09,2025,11,17
"Metropolitana I","vsr",2025-03-16,2025,12,23
"Metropolitana I","vsr",2025-03-23,2025,13,37
"Metropolitana I","vsr",2025-03-30,2025,14,53
"Metropolitana I","vsr",2025-04-06,2025,15,79
"Metropolitana I","vsr",2025-04-13,2025,16,84
"Metropolitana I","vsr",2025-04-20,2025,17,135
"Metropolitana I","vsr",2025-04-27,2025,18,146
"Metropolitana I","vsr",2025-05-04,2025,19,159
"Metropolitana I","vsr",2025-05-11,2025,20,213
"Metropolitana I","vsr",2025-05-18,2025,21,189
"Metropolitana I","vsr",2025-05-25,2025,22,163
"Metropolitana I","vsr",2025-06-01,2025,23,135
"Metropolitana I","vsr",2025-06-08,2025,24,115
"Metropolitana I","vsr",2025-06-15,2025,25,122
"Metropolitana I","vsr",2025-06-22,2025,26,98
"Metropolitana I","vsr",2025-06-29,2025,27,61
"Metropolitana I","vsr",2025-07-06,2025,28,51
"Metropolitana I","vsr",2025-07-13,2025,29,58
"Metropolitana I","vsr",2025-07-20,2025,30,38
"Metropolitana I","vsr",2025-07-27,2025,31,16
"Metropolitana I","vsr",2025-08-03,2025,32,19
"Metropolitana I","vsr",2025-08-10,2025,33,11
"Metropolitana I","vsr",2025-08-17,2025,34,11
"Metropolitana I","vsr",2025-08-24,2025,35,5
"Metropolitana I","vsr",2025-08-31,2025,36,1
"Metropolitana I","vsr",2025-09-07,2025,37,3
"Metropolitana I","vsr",2025-09-14,2025,38,8
"Metropolitana I","vsr",2025-09-21,2025,39,0
"Metropolitana I","vsr",2025-09-28,2025,40,2
"Metropolitana I","vsr",2025-10-05,2025,41,4
"Metropolitana I","vsr",2025-10-12,2025,42,0
"Metropolitana I","vsr",2025-10-19,2025,43,1
"Metropolitana I","vsr",2025-10-26,2025,44,1
"Metropolitana I","vsr",2025-11-02,2025,45,1
"Metropolitana I","vsr",2025-11-09,2025,46,1
"Metropolitana I","vsr",2025-11-16,2025,47,2
"Metropolitana I","vsr",2025-11-23,2025,48,1
"Metropolitana I","vsr",2025-11-30,2025,49,1
"Metropolitana I","vsr",2025-12-07,2025,50,1
"Metropolitana I","vsr",2025-12-14,2025,51,0
"Metropolitana I","vsr",2025-12-21,2025,52,0
"Metropolitana I","vsr",2025-12-28,2025,53,0
"Metropolitana II","sarscov2",2022-01-02,2022,1,159
"Metropolitana II","sarscov2",2022-01-09,2022,2,323
"Metropolitana II","sarscov2",2022-01-16,2022,3,427
"Metropolitana II","sarscov2",2022-01-23,2022,4,279
"Metropolitana II","sarscov2",2022-01-30,2022,5,116
"Metropolitana II","sarscov2",2022-02-06,2022,6,43
"Metropolitana II","sarscov2",2022-02-13,2022,7,31
"Metropolitana II","sarscov2",2022-02-20,2022,8,13
"Metropolitana II","sarscov2",2022-02-27,2022,9,6
"Metropolitana II","sarscov2",2022-03-06,2022,10,11
"Metropolitana II","sarscov2",2022-03-13,2022,11,6
"Metropolitana II","sarscov2",2022-03-20,2022,12,3
"Metropolitana II","sarscov2",2022-03-27,2022,13,5
"Metropolitana II","sarscov2",2022-04-03,2022,14,4
"Metropolitana II","sarscov2",2022-04-10,2022,15,2
"Metropolitana II","sarscov2",2022-04-17,2022,16,3
"Metropolitana II","sarscov2",2022-04-24,2022,17,9
"Metropolitana II","sarscov2",2022-05-01,2022,18,4
"Metropolitana II","sarscov2",2022-05-08,2022,19,13
"Metropolitana II","sarscov2",2022-05-15,2022,20,24
"Metropolitana II","sarscov2",2022-05-22,2022,21,33
"Metropolitana II","sarscov2",2022-05-29,2022,22,62
"Metropolitana II","sarscov2",2022-06-05,2022,23,110
"Metropolitana II","sarscov2",2022-06-12,2022,24,111
"Metropolitana II","sarscov2",2022-06-19,2022,25,147
"Metropolitana II","sarscov2",2022-06-26,2022,26,106
"Metropolitana II","sarscov2",2022-07-03,2022,27,73
"Metropolitana II","sarscov2",2022-07-10,2022,28,51
"Metropolitana II","sarscov2",2022-07-17,2022,29,29
"Metropolitana II","sarscov2",2022-07-24,2022,30,17
"Metropolitana II","sarscov2",2022-07-31,2022,31,12
"Metropolitana II","sarscov2",2022-08-07,2022,32,6
"Metropolitana II","sarscov2",2022-08-14,2022,33,15
"Metropolitana II","sarscov2",2022-08-21,2022,34,3
"Metropolitana II","sarscov2",2022-08-28,2022,35,10
"Metropolitana II","sarscov2",2022-09-04,2022,36,3
"Metropolitana II","sarscov2",2022-09-11,2022,37,4
"Metropolitana II","sarscov2",2022-09-18,2022,38,1
"Metropolitana II","sarscov2",2022-09-25,2022,39,1
"Metropolitana II","sarscov2",2022-10-02,2022,40,8
"Metropolitana II","sarscov2",2022-10-09,2022,41,5
"Metropolitana II","sarscov2",2022-10-16,2022,42,4
"Metropolitana II","sarscov2",2022-10-23,2022,43,14
"Metropolitana II","sarscov2",2022-10-30,2022,44,19
"Metropolitana II","sarscov2",2022-11-06,2022,45,81
"Metropolitana II","sarscov2",2022-11-13,2022,46,91
"Metropolitana II","sarscov2",2022-11-20,2022,47,74
"Metropolitana II","sarscov2",2022-11-27,2022,48,71
"Metropolitana II","sarscov2",2022-12-04,2022,49,51
"Metropolitana II","sarscov2",2022-12-11,2022,50,19
"Metropolitana II","sarscov2",2022-12-18,2022,51,13
"Metropolitana II","sarscov2",2022-12-25,2022,52,20
"Metropolitana II","sarscov2",2023-01-01,2023,1,13
"Metropolitana II","sarscov2",2023-01-08,2023,2,8
"Metropolitana II","sarscov2",2023-01-15,2023,3,4
"Metropolitana II","sarscov2",2023-01-22,2023,4,4
"Metropolitana II","sarscov2",2023-01-29,2023,5,7
"Metropolitana II","sarscov2",2023-02-05,2023,6,10
"Metropolitana II","sarscov2",2023-02-12,2023,7,7
"Metropolitana II","sarscov2",2023-02-19,2023,8,17
"Metropolitana II","sarscov2",2023-02-26,2023,9,40
"Metropolitana II","sarscov2",2023-03-05,2023,10,31
"Metropolitana II","sarscov2",2023-03-12,2023,11,38
"Metropolitana II","sarscov2",2023-03-19,2023,12,18
"Metropolitana II","sarscov2",2023-03-26,2023,13,26
"Metropolitana II","sarscov2",2023-04-02,2023,14,15
"Metropolitana II","sarscov2",2023-04-09,2023,15,22
"Metropolitana II","sarscov2",2023-04-16,2023,16,10
"Metropolitana II","sarscov2",2023-04-23,2023,17,13
"Metropolitana II","sarscov2",2023-04-30,2023,18,10
"Metropolitana II","sarscov2",2023-05-07,2023,19,5
"Metropolitana II","sarscov2",2023-05-14,2023,20,3
"Metropolitana II","sarscov2",2023-05-21,2023,21,4
"Metropolitana II","sarscov2",2023-05-28,2023,22,3
"Metropolitana II","sarscov2",2023-06-04,2023,23,8
"Metropolitana II","sarscov2",2023-06-11,2023,24,8
"Metropolitana II","sarscov2",2023-06-18,2023,25,5
"Metropolitana II","sarscov2",2023-06-25,2023,26,6
"Metropolitana II","sarscov2",2023-07-02,2023,27,3
"Metropolitana II","sarscov2",2023-07-09,2023,28,3
"Metropolitana II","sarscov2",2023-07-16,2023,29,4
"Metropolitana II","sarscov2",2023-07-23,2023,30,4
"Metropolitana II","sarscov2",2023-07-30,2023,31,4
"Metropolitana II","sarscov2",2023-08-06,2023,32,6
"Metropolitana II","sarscov2",2023-08-13,2023,33,5
"Metropolitana II","sarscov2",2023-08-20,2023,34,4
"Metropolitana II","sarscov2",2023-08-27,2023,35,9
"Metropolitana II","sarscov2",2023-09-03,2023,36,10
"Metropolitana II","sarscov2",2023-09-10,2023,37,19
"Metropolitana II","sarscov2",2023-09-17,2023,38,31
"Metropolitana II","sarscov2",2023-09-24,2023,39,27
"Metropolitana II","sarscov2",2023-10-01,2023,40,45
"Metropolitana II","sarscov2",2023-10-08,2023,41,38
"Metropolitana II","sarscov2",2023-10-15,2023,42,17
"Metropolitana II","sarscov2",2023-10-22,2023,43,15
"Metropolitana II","sarscov2",2023-10-29,2023,44,9
"Metropolitana II","sarscov2",2023-11-05,2023,45,13
"Metropolitana II","sarscov2",2023-11-12,2023,46,12
"Metropolitana II","sarscov2",2023-11-19,2023,47,10
"Metropolitana II","sarscov2",2023-11-26,2023,48,7
"Metropolitana II","sarscov2",2023-12-03,2023,49,6
"Metropolitana II","sarscov2",2023-12-10,2023,50,2
"Metropolitana II","sarscov2",2023-12-17,2023,51,5
"Metropolitana II","sarscov2",2023-12-24,2023,52,3
"Metropolitana II","sarscov2",2023-12-31,2024,1,8
"Metropolitana II","sarscov2",2024-01-07,2024,2,8
"Metropolitana II","sarscov2",2024-01-14,2024,3,7
"Metropolitana II","sarscov2",2024-01-21,2024,4,9
"Metropolitana II","sarscov2",2024-01-28,2024,5,24
"Metropolitana II","sarscov2",2024-02-04,2024,6,27
"Metropolitana II","sarscov2",2024-02-11,2024,7,35
"Metropolitana II","sarscov2",2024-02-18,2024,8,33
"Metropolitana II","sarscov2",2024-02-25,2024,9,20
"Metropolitana II","sarscov2",2024-03-03,2024,10,16
"Metropolitana II","sarscov2",2024-03-10,2024,11,2
"Metropolitana II","sarscov2",2024-03-17,2024,12,7
"Metropolitana II","sarscov2",2024-03-24,2024,13,3
"Metropolitana II","sarscov2",2024-03-31,2024,14,2
"Metropolitana II","sarscov2",2024-04-07,2024,15,0
"Metropolitana II","sarscov2",2024-04-14,2024,16,1
"Metropolitana II","sarscov2",2024-04-21,2024,17,0
"Metropolitana II","sarscov2",2024-04-28,2024,18,1
"Metropolitana II","sarscov2",2024-05-05,2024,19,2
"Metropolitana II","sarscov2",2024-05-12,2024,20,1
"Metropolitana II","sarscov2",2024-05-19,2024,21,1
"Metropolitana II","sarscov2",2024-05-26,2024,22,0
"Metropolitana II","sarscov2",2024-06-02,2024,23,0
"Metropolitana II","sarscov2",2024-06-09,2024,24,0
"Metropolitana II","sarscov2",2024-06-16,2024,25,0
"Metropolitana II","sarscov2",2024-06-23,2024,26,0
"Metropolitana II","sarscov2",2024-06-30,2024,27,2
"Metropolitana II","sarscov2",2024-07-07,2024,28,0
"Metropolitana II","sarscov2",2024-07-14,2024,29,0
"Metropolitana II","sarscov2",2024-07-21,2024,30,0
"Metropolitana II","sarscov2",2024-07-28,2024,31,0
"Metropolitana II","sarscov2",2024-08-04,2024,32,0
"Metropolitana II","sarscov2",2024-08-11,2024,33,9
"Metropolitana II","sarscov2",2024-08-18,2024,34,10
"Metropolitana II","sarscov2",2024-08-25,2024,35,3
"Metropolitana II","sarscov2",2024-09-01,2024,36,9
"Metropolitana II","sarscov2",2024-09-08,2024,37,6
"Metropolitana II","sarscov2",2024-09-15,2024,38,5
"Metropolitana II","sarscov2",2024-09-22,2024,39,13
"Metropolitana II","sarscov2",2024-09-29,2024,40,2
"Metropolitana II","sarscov2",2024-10-06,2024,41,4
"Metropolitana II","sarscov2",2024-10-13,2024,42,7
"Metropolitana II","sarscov2",2024-10-20,2024,43,2
"Metropolitana II","sarscov2",2024-10-27,2024,44,9
"Metropolitana II","sarscov2",2024-11-03,2024,45,9
"Metropolitana II","sarscov2",2024-11-10,2024,46,13
"Metropolitana II","sarscov2",2024-11-17,2024,47,11
"Metropolitana II","sarscov2",2024-11-24,2024,48,14
"Metropolitana II","sarscov2",2024-12-01,2024,49,13
"Metropolitana II","sarscov2",2024-12-08,2024,50,12
"Metropolitana II","sarscov2",2024-12-15,2024,51,9
"Metropolitana II","sarscov2",2024-12-22,2024,52,9
"Metropolitana II","sarscov2",2024-12-29,2025,1,8
"Metropolitana II","sarscov2",2025-01-05,2025,2,7
"Metropolitana II","sarscov2",2025-01-12,2025,3,8
"Metropolitana II","sarscov2",2025-01-19,2025,4,1
"Metropolitana II","sarscov2",2025-01-26,2025,5,3
"Metropolitana II","sarscov2",2025-02-02,2025,6,2
"Metropolitana II","sarscov2",2025-02-09,2025,7,1
"Metropolitana II","sarscov2",2025-02-16,2025,8,2
"Metropolitana II","sarscov2",2025-02-23,2025,9,0
"Metropolitana II","sarscov2",2025-03-02,2025,10,0
"Metropolitana II","sarscov2",2025-03-09,2025,11,1
"Metropolitana II","sarscov2",2025-03-16,2025,12,0
"Metropolitana II","sarscov2",2025-03-23,2025,13,0
"Metropolitana II","sarscov2",2025-03-30,2025,14,0
"Metropolitana II","sarscov2",2025-04-06,2025,15,0
"Metropolitana II","sarscov2",2025-04-13,2025,16,0
"Metropolitana II","sarscov2",2025-04-20,2025,17,0
"Metropolitana II","sarscov2",2025-04-27,2025,18,0
"Metropolitana II","sarscov2",2025-05-04,2025,19,0
"Metropolitana II","sarscov2",2025-05-11,2025,20,1
"Metropolitana II","sarscov2",2025-05-18,2025,21,1
"Metropolitana II","sarscov2",2025-05-25,2025,22,1
"Metropolitana II","sarscov2",2025-06-01,2025,23,4
"Metropolitana II","sarscov2",2025-06-08,2025,24,8
"Metropolitana II","sarscov2",2025-06-15,2025,25,12
"Metropolitana II","sarscov2",2025-06-22,2025,26,4
"Metropolitana II","sarscov2",2025-06-29,2025,27,4
"Metropolitana II","sarscov2",2025-07-06,2025,28,4
"Metropolitana II","sarscov2",2025-07-13,2025,29,4
"Metropolitana II","sarscov2",2025-07-20,2025,30,5
"Metropolitana II","sarscov2",2025-07-27,2025,31,4
"Metropolitana II","sarscov2",2025-08-03,2025,32,9
"Metropolitana II","sarscov2",2025-08-10,2025,33,16
"Metropolitana II","sarscov2",2025-08-17,2025,34,20
"Metropolitana II","sarscov2",2025-08-24,2025,35,6
"Metropolitana II","sarscov2",2025-08-31,2025,36,10
"Metropolitana II","sarscov2",2025-09-07,2025,37,7
"Metropolitana II","sarscov2",2025-09-14,2025,38,3
"Metropolitana II","sarscov2",2025-09-21,2025,39,2
"Metropolitana II","sarscov2",2025-09-28,2025,40,3
"Metropolitana II","sarscov2",2025-10-05,2025,41,2
"Metropolitana II","sarscov2",2025-10-12,2025,42,1
"Metropolitana II","sarscov2",2025-10-19,2025,43,1
"Metropolitana II","sarscov2",2025-10-26,2025,44,1
"Metropolitana II","sarscov2",2025-11-02,2025,45,2
"Metropolitana II","sarscov2",2025-11-09,2025,46,0
"Metropolitana II","sarscov2",2025-11-16,2025,47,1
"Metropolitana II","sarscov2",2025-11-23,2025,48,1
"Metropolitana II","sarscov2",2025-11-30,2025,49,1
"Metropolitana II","sarscov2",2025-12-07,2025,50,1
"Metropolitana II","sarscov2",2025-12-14,2025,51,2
"Metropolitana II","sarscov2",2025-12-21,2025,52,1
"Metropolitana II","sarscov2",2025-12-28,2025,53,3
"Metropolitana II","influenza",2022-01-02,2022,1,2
"Metropolitana II","influenza",2022-01-09,2022,2,0
"Metropolitana II","influenza",2022-01-16,2022,3,2
"Metropolitana II","influenza",2022-01-23,2022,4,1
"Metropolitana II","influenza",2022-01-30,2022,5,0
"Metropolitana II","influenza",2022-02-06,2022,6,0
"Metropolitana II","influenza",2022-02-13,2022,7,1
"Metropolitana II","influenza",2022-02-20,2022,8,0
"Metropolitana II","influenza",2022-02-27,2022,9,0
"Metropolitana II","influenza",2022-03-06,2022,10,0
"Metropolitana II","influenza",2022-03-13,2022,11,0
"Metropolitana II","influenza",2022-03-20,2022,12,0
"Metropolitana II","influenza",2022-03-27,2022,13,0
"Metropolitana II","influenza",2022-04-03,2022,14,0
"Metropolitana II","influenza",2022-04-10,2022,15,0
"Metropolitana II","influenza",2022-04-17,2022,16,0
"Metropolitana II","influenza",2022-04-24,2022,17,0
"Metropolitana II","influenza",2022-05-01,2022,18,0
"Metropolitana II","influenza",2022-05-08,2022,19,1
"Metropolitana II","influenza",2022-05-15,2022,20,0
"Metropolitana II","influenza",2022-05-22,2022,21,0
"Metropolitana II","influenza",2022-05-29,2022,22,0
"Metropolitana II","influenza",2022-06-05,2022,23,0
"Metropolitana II","influenza",2022-06-12,2022,24,0
"Metropolitana II","influenza",2022-06-19,2022,25,0
"Metropolitana II","influenza",2022-06-26,2022,26,1
"Metropolitana II","influenza",2022-07-03,2022,27,0
"Metropolitana II","influenza",2022-07-10,2022,28,2
"Metropolitana II","influenza",2022-07-17,2022,29,2
"Metropolitana II","influenza",2022-07-24,2022,30,0
"Metropolitana II","influenza",2022-07-31,2022,31,0
"Metropolitana II","influenza",2022-08-07,2022,32,0
"Metropolitana II","influenza",2022-08-14,2022,33,0
"Metropolitana II","influenza",2022-08-21,2022,34,0
"Metropolitana II","influenza",2022-08-28,2022,35,0
"Metropolitana II","influenza",2022-09-04,2022,36,1
"Metropolitana II","influenza",2022-09-11,2022,37,0
"Metropolitana II","influenza",2022-09-18,2022,38,0
"Metropolitana II","influenza",2022-09-25,2022,39,1
"Metropolitana II","influenza",2022-10-02,2022,40,1
"Metropolitana II","influenza",2022-10-09,2022,41,4
"Metropolitana II","influenza",2022-10-16,2022,42,1
"Metropolitana II","influenza",2022-10-23,2022,43,0
"Metropolitana II","influenza",2022-10-30,2022,44,0
"Metropolitana II","influenza",2022-11-06,2022,45,0
"Metropolitana II","influenza",2022-11-13,2022,46,1
"Metropolitana II","influenza",2022-11-20,2022,47,1
"Metropolitana II","influenza",2022-11-27,2022,48,1
"Metropolitana II","influenza",2022-12-04,2022,49,0
"Metropolitana II","influenza",2022-12-11,2022,50,0
"Metropolitana II","influenza",2022-12-18,2022,51,1
"Metropolitana II","influenza",2022-12-25,2022,52,1
"Metropolitana II","influenza",2023-01-01,2023,1,0
"Metropolitana II","influenza",2023-01-08,2023,2,1
"Metropolitana II","influenza",2023-01-15,2023,3,0
"Metropolitana II","influenza",2023-01-22,2023,4,1
"Metropolitana II","influenza",2023-01-29,2023,5,0
"Metropolitana II","influenza",2023-02-05,2023,6,1
"Metropolitana II","influenza",2023-02-12,2023,7,0
"Metropolitana II","influenza",2023-02-19,2023,8,1
"Metropolitana II","influenza",2023-02-26,2023,9,1
"Metropolitana II","influenza",2023-03-05,2023,10,1
"Metropolitana II","influenza",2023-03-12,2023,11,3
"Metropolitana II","influenza",2023-03-19,2023,12,3
"Metropolitana II","influenza",2023-03-26,2023,13,5
"Metropolitana II","influenza",2023-04-02,2023,14,2
"Metropolitana II","influenza",2023-04-09,2023,15,2
"Metropolitana II","influenza",2023-04-16,2023,16,4
"Metropolitana II","influenza",2023-04-23,2023,17,10
"Metropolitana II","influenza",2023-04-30,2023,18,6
"Metropolitana II","influenza",2023-05-07,2023,19,7
"Metropolitana II","influenza",2023-05-14,2023,20,8
"Metropolitana II","influenza",2023-05-21,2023,21,6
"Metropolitana II","influenza",2023-05-28,2023,22,7
"Metropolitana II","influenza",2023-06-04,2023,23,3
"Metropolitana II","influenza",2023-06-11,2023,24,3
"Metropolitana II","influenza",2023-06-18,2023,25,0
"Metropolitana II","influenza",2023-06-25,2023,26,1
"Metropolitana II","influenza",2023-07-02,2023,27,2
"Metropolitana II","influenza",2023-07-09,2023,28,1
"Metropolitana II","influenza",2023-07-16,2023,29,0
"Metropolitana II","influenza",2023-07-23,2023,30,2
"Metropolitana II","influenza",2023-07-30,2023,31,1
"Metropolitana II","influenza",2023-08-06,2023,32,2
"Metropolitana II","influenza",2023-08-13,2023,33,0
"Metropolitana II","influenza",2023-08-20,2023,34,1
"Metropolitana II","influenza",2023-08-27,2023,35,0
"Metropolitana II","influenza",2023-09-03,2023,36,0
"Metropolitana II","influenza",2023-09-10,2023,37,0
"Metropolitana II","influenza",2023-09-17,2023,38,0
"Metropolitana II","influenza",2023-09-24,2023,39,1
"Metropolitana II","influenza",2023-10-01,2023,40,0
"Metropolitana II","influenza",2023-10-08,2023,41,0
"Metropolitana II","influenza",2023-10-15,2023,42,1
"Metropolitana II","influenza",2023-10-22,2023,43,0
"Metropolitana II","influenza",2023-10-29,2023,44,0
"Metropolitana II","influenza",2023-11-05,2023,45,0
"Metropolitana II","influenza",2023-11-12,2023,46,2
"Metropolitana II","influenza",2023-11-19,2023,47,0
"Metropolitana II","influenza",2023-11-26,2023,48,0
"Metropolitana II","influenza",2023-12-03,2023,49,1
"Metropolitana II","influenza",2023-12-10,2023,50,0
"Metropolitana II","influenza",2023-12-17,2023,51,0
"Metropolitana II","influenza",2023-12-24,2023,52,0
"Metropolitana II","influenza",2023-12-31,2024,1,0
"Metropolitana II","influenza",2024-01-07,2024,2,0
"Metropolitana II","influenza",2024-01-14,2024,3,2
"Metropolitana II","influenza",2024-01-21,2024,4,0
"Metropolitana II","influenza",2024-01-28,2024,5,8
"Metropolitana II","influenza",2024-02-04,2024,6,11
"Metropolitana II","influenza",2024-02-11,2024,7,3
"Metropolitana II","influenza",2024-02-18,2024,8,8
"Metropolitana II","influenza",2024-02-25,2024,9,7
"Metropolitana II","influenza",2024-03-03,2024,10,12
"Metropolitana II","influenza",2024-03-10,2024,11,3
"Metropolitana II","influenza",2024-03-17,2024,12,7
"Metropolitana II","influenza",2024-03-24,2024,13,11
"Metropolitana II","influenza",2024-03-31,2024,14,9
"Metropolitana II","influenza",2024-04-07,2024,15,5
"Metropolitana II","influenza",2024-04-14,2024,16,10
"Metropolitana II","influenza",2024-04-21,2024,17,6
"Metropolitana II","influenza",2024-04-28,2024,18,2
"Metropolitana II","influenza",2024-05-05,2024,19,1
"Metropolitana II","influenza",2024-05-12,2024,20,5
"Metropolitana II","influenza",2024-05-19,2024,21,0
"Metropolitana II","influenza",2024-05-26,2024,22,1
"Metropolitana II","influenza",2024-06-02,2024,23,1
"Metropolitana II","influenza",2024-06-09,2024,24,2
"Metropolitana II","influenza",2024-06-16,2024,25,7
"Metropolitana II","influenza",2024-06-23,2024,26,3
"Metropolitana II","influenza",2024-06-30,2024,27,2
"Metropolitana II","influenza",2024-07-07,2024,28,2
"Metropolitana II","influenza",2024-07-14,2024,29,2
"Metropolitana II","influenza",2024-07-21,2024,30,1
"Metropolitana II","influenza",2024-07-28,2024,31,2
"Metropolitana II","influenza",2024-08-04,2024,32,6
"Metropolitana II","influenza",2024-08-11,2024,33,0
"Metropolitana II","influenza",2024-08-18,2024,34,2
"Metropolitana II","influenza",2024-08-25,2024,35,3
"Metropolitana II","influenza",2024-09-01,2024,36,1
"Metropolitana II","influenza",2024-09-08,2024,37,2
"Metropolitana II","influenza",2024-09-15,2024,38,1
"Metropolitana II","influenza",2024-09-22,2024,39,0
"Metropolitana II","influenza",2024-09-29,2024,40,2
"Metropolitana II","influenza",2024-10-06,2024,41,3
"Metropolitana II","influenza",2024-10-13,2024,42,1
"Metropolitana II","influenza",2024-10-20,2024,43,4
"Metropolitana II","influenza",2024-10-27,2024,44,4
"Metropolitana II","influenza",2024-11-03,2024,45,1
"Metropolitana II","influenza",2024-11-10,2024,46,1
"Metropolitana II","influenza",2024-11-17,2024,47,4
"Metropolitana II","influenza",2024-11-24,2024,48,3
"Metropolitana II","influenza",2024-12-01,2024,49,3
"Metropolitana II","influenza",2024-12-08,2024,50,2
"Metropolitana II","influenza",2024-12-15,2024,51,1
"Metropolitana II","influenza",2024-12-22,2024,52,1
"Metropolitana II","influenza",2024-12-29,2025,1,2
"Metropolitana II","influenza",2025-01-05,2025,2,2
"Metropolitana II","influenza",2025-01-12,2025,3,3
"Metropolitana II","influenza",2025-01-19,2025,4,0
"Metropolitana II","influenza",2025-01-26,2025,5,1
"Metropolitana II","influenza",2025-02-02,2025,6,1
"Metropolitana II","influenza",2025-02-09,2025,7,2
"Metropolitana II","influenza",2025-02-16,2025,8,0
"Metropolitana II","influenza",2025-02-23,2025,9,1
"Metropolitana II","influenza",2025-03-02,2025,10,0
"Metropolitana II","influenza",2025-03-09,2025,11,1
"Metropolitana II","influenza",2025-03-16,2025,12,0
"Metropolitana II","influenza",2025-03-23,2025,13,4
"Metropolitana II","influenza",2025-03-30,2025,14,5
"Metropolitana II","influenza",2025-04-06,2025,15,4
"Metropolitana II","influenza",2025-04-13,2025,16,5
"Metropolitana II","influenza",2025-04-20,2025,17,10
"Metropolitana II","influenza",2025-04-27,2025,18,15
"Metropolitana II","influenza",2025-05-04,2025,19,27
"Metropolitana II","influenza",2025-05-11,2025,20,28
"Metropolitana II","influenza",2025-05-18,2025,21,31
"Metropolitana II","influenza",2025-05-25,2025,22,26
"Metropolitana II","influenza",2025-06-01,2025,23,15
"Metropolitana II","influenza",2025-06-08,2025,24,8
"Metropolitana II","influenza",2025-06-15,2025,25,6
"Metropolitana II","influenza",2025-06-22,2025,26,5
"Metropolitana II","influenza",2025-06-29,2025,27,3
"Metropolitana II","influenza",2025-07-06,2025,28,2
"Metropolitana II","influenza",2025-07-13,2025,29,7
"Metropolitana II","influenza",2025-07-20,2025,30,1
"Metropolitana II","influenza",2025-07-27,2025,31,1
"Metropolitana II","influenza",2025-08-03,2025,32,1
"Metropolitana II","influenza",2025-08-10,2025,33,3
"Metropolitana II","influenza",2025-08-17,2025,34,3
"Metropolitana II","influenza",2025-08-24,2025,35,4
"Metropolitana II","influenza",2025-08-31,2025,36,3
"Metropolitana II","influenza",2025-09-07,2025,37,2
"Metropolitana II","influenza",2025-09-14,2025,38,3
"Metropolitana II","influenza",2025-09-21,2025,39,4
"Metropolitana II","influenza",2025-09-28,2025,40,4
"Metropolitana II","influenza",2025-10-05,2025,41,4
"Metropolitana II","influenza",2025-10-12,2025,42,5
"Metropolitana II","influenza",2025-10-19,2025,43,4
"Metropolitana II","influenza",2025-10-26,2025,44,6
"Metropolitana II","influenza",2025-11-02,2025,45,5
"Metropolitana II","influenza",2025-11-09,2025,46,8
"Metropolitana II","influenza",2025-11-16,2025,47,7
"Metropolitana II","influenza",2025-11-23,2025,48,2
"Metropolitana II","influenza",2025-11-30,2025,49,4
"Metropolitana II","influenza",2025-12-07,2025,50,2
"Metropolitana II","influenza",2025-12-14,2025,51,4
"Metropolitana II","influenza",2025-12-21,2025,52,3
"Metropolitana II","influenza",2025-12-28,2025,53,0
"Metropolitana II","vsr",2022-01-02,2022,1,0
"Metropolitana II","vsr",2022-01-09,2022,2,0
"Metropolitana II","vsr",2022-01-16,2022,3,1
"Metropolitana II","vsr",2022-01-23,2022,4,0
"Metropolitana II","vsr",2022-01-30,2022,5,1
"Metropolitana II","vsr",2022-02-06,2022,6,0
"Metropolitana II","vsr",2022-02-13,2022,7,1
"Metropolitana II","vsr",2022-02-20,2022,8,0
"Metropolitana II","vsr",2022-02-27,2022,9,0
"Metropolitana II","vsr",2022-03-06,2022,10,1
"Metropolitana II","vsr",2022-03-13,2022,11,2
"Metropolitana II","vsr",2022-03-20,2022,12,6
"Metropolitana II","vsr",2022-03-27,2022,13,5
"Metropolitana II","vsr",2022-04-03,2022,14,12
"Metropolitana II","vsr",2022-04-10,2022,15,13
"Metropolitana II","vsr",2022-04-17,2022,16,16
"Metropolitana II","vsr",2022-04-24,2022,17,4
"Metropolitana II","vsr",2022-05-01,2022,18,15
"Metropolitana II","vsr",2022-05-08,2022,19,19
"Metropolitana II","vsr",2022-05-15,2022,20,21
"Metropolitana II","vsr",2022-05-22,2022,21,17
"Metropolitana II","vsr",2022-05-29,2022,22,11
"Metropolitana II","vsr",2022-06-05,2022,23,4
"Metropolitana II","vsr",2022-06-12,2022,24,12
"Metropolitana II","vsr",2022-06-19,2022,25,5
"Metropolitana II","vsr",2022-06-26,2022,26,5
"Metropolitana II","vsr",2022-07-03,2022,27,4
"Metropolitana II","vsr",2022-07-10,2022,28,1
"Metropolitana II","vsr",2022-07-17,2022,29,0
"Metropolitana II","vsr",2022-07-24,2022,30,1
"Metropolitana II","vsr",2022-07-31,2022,31,0
"Metropolitana II","vsr",2022-08-07,2022,32,0
"Metropolitana II","vsr",2022-08-14,2022,33,0
"Metropolitana II","vsr",2022-08-21,2022,34,1
"Metropolitana II","vsr",2022-08-28,2022,35,0
"Metropolitana II","vsr",2022-09-04,2022,36,0
"Metropolitana II","vsr",2022-09-11,2022,37,0
"Metropolitana II","vsr",2022-09-18,2022,38,0
"Metropolitana II","vsr",2022-09-25,2022,39,0
"Metropolitana II","vsr",2022-10-02,2022,40,0
"Metropolitana II","vsr",2022-10-09,2022,41,0
"Metropolitana II","vsr",2022-10-16,2022,42,0
"Metropolitana II","vsr",2022-10-23,2022,43,0
"Metropolitana II","vsr",2022-10-30,2022,44,2
"Metropolitana II","vsr",2022-11-06,2022,45,0
"Metropolitana II","vsr",2022-11-13,2022,46,2
"Metropolitana II","vsr",2022-11-20,2022,47,0
"Metropolitana II","vsr",2022-11-27,2022,48,0
"Metropolitana II","vsr",2022-12-04,2022,49,0
"Metropolitana II","vsr",2022-12-11,2022,50,0
"Metropolitana II","vsr",2022-12-18,2022,51,2
"Metropolitana II","vsr",2022-12-25,2022,52,0
"Metropolitana II","vsr",2023-01-01,2023,1,0
"Metropolitana II","vsr",2023-01-08,2023,2,3
"Metropolitana II","vsr",2023-01-15,2023,3,1
"Metropolitana II","vsr",2023-01-22,2023,4,1
"Metropolitana II","vsr",2023-01-29,2023,5,1
"Metropolitana II","vsr",2023-02-05,2023,6,0
"Metropolitana II","vsr",2023-02-12,2023,7,0
"Metropolitana II","vsr",2023-02-19,2023,8,4
"Metropolitana II","vsr",2023-02-26,2023,9,4
"Metropolitana II","vsr",2023-03-05,2023,10,6
"Metropolitana II","vsr",2023-03-12,2023,11,7
"Metropolitana II","vsr",2023-03-19,2023,12,8
"Metropolitana II","vsr",2023-03-26,2023,13,16
"Metropolitana II","vsr",2023-04-02,2023,14,15
"Metropolitana II","vsr",2023-04-09,2023,15,17
"Metropolitana II","vsr",2023-04-16,2023,16,9
"Metropolitana II","vsr",2023-04-23,2023,17,4
"Metropolitana II","vsr",2023-04-30,2023,18,16
"Metropolitana II","vsr",2023-05-07,2023,19,17
"Metropolitana II","vsr",2023-05-14,2023,20,12
"Metropolitana II","vsr",2023-05-21,2023,21,5
"Metropolitana II","vsr",2023-05-28,2023,22,0
"Metropolitana II","vsr",2023-06-04,2023,23,1
"Metropolitana II","vsr",2023-06-11,2023,24,2
"Metropolitana II","vsr",2023-06-18,2023,25,1
"Metropolitana II","vsr",2023-06-25,2023,26,3
"Metropolitana II","vsr",2023-07-02,2023,27,4
"Metropolitana II","vsr",2023-07-09,2023,28,2
"Metropolitana II","vsr",2023-07-16,2023,29,2
"Metropolitana II","vsr",2023-07-23,2023,30,1
"Metropolitana II","vsr",2023-07-30,2023,31,0
"Metropolitana II","vsr",2023-08-06,2023,32,0
"Metropolitana II","vsr",2023-08-13,2023,33,0
"Metropolitana II","vsr",2023-08-20,2023,34,0
"Metropolitana II","vsr",2023-08-27,2023,35,0
"Metropolitana II","vsr",2023-09-03,2023,36,1
"Metropolitana II","vsr",2023-09-10,2023,37,0
"Metropolitana II","vsr",2023-09-17,2023,38,1
"Metropolitana II","vsr",2023-09-24,2023,39,0
"Metropolitana II","vsr",2023-10-01,2023,40,1
"Metropolitana II","vsr",2023-10-08,2023,41,0
"Metropolitana II","vsr",2023-10-15,2023,42,0
"Metropolitana II","vsr",2023-10-22,2023,43,0
"Metropolitana II","vsr",2023-10-29,2023,44,0
"Metropolitana II","vsr",2023-11-05,2023,45,0
"Metropolitana II","vsr",2023-11-12,2023,46,0
"Metropolitana II","vsr",2023-11-19,2023,47,0
"Metropolitana II","vsr",2023-11-26,2023,48,0
"Metropolitana II","vsr",2023-12-03,2023,49,0
"Metropolitana II","vsr",2023-12-10,2023,50,0
"Metropolitana II","vsr",2023-12-17,2023,51,0
"Metropolitana II","vsr",2023-12-24,2023,52,0
"Metropolitana II","vsr",2023-12-31,2024,1,0
"Metropolitana II","vsr",2024-01-07,2024,2,0
"Metropolitana II","vsr",2024-01-14,2024,3,0
"Metropolitana II","vsr",2024-01-21,2024,4,1
"Metropolitana II","vsr",2024-01-28,2024,5,0
"Metropolitana II","vsr",2024-02-04,2024,6,2
"Metropolitana II","vsr",2024-02-11,2024,7,1
"Metropolitana II","vsr",2024-02-18,2024,8,1
"Metropolitana II","vsr",2024-02-25,2024,9,2
"Metropolitana II","vsr",2024-03-03,2024,10,0
"Metropolitana II","vsr",2024-03-10,2024,11,2
"Metropolitana II","vsr",2024-03-17,2024,12,5
"Metropolitana II","vsr",2024-03-24,2024,13,6
"Metropolitana II","vsr",2024-03-31,2024,14,9
"Metropolitana II","vsr",2024-04-07,2024,15,12
"Metropolitana II","vsr",2024-04-14,2024,16,19
"Metropolitana II","vsr",2024-04-21,2024,17,22
"Metropolitana II","vsr",2024-04-28,2024,18,40
"Metropolitana II","vsr",2024-05-05,2024,19,27
"Metropolitana II","vsr",2024-05-12,2024,20,43
"Metropolitana II","vsr",2024-05-19,2024,21,31
"Metropolitana II","vsr",2024-05-26,2024,22,33
"Metropolitana II","vsr",2024-06-02,2024,23,31
"Metropolitana II","vsr",2024-06-09,2024,24,27
"Metropolitana II","vsr",2024-06-16,2024,25,17
"Metropolitana II","vsr",2024-06-23,2024,26,13
"Metropolitana II","vsr",2024-06-30,2024,27,14
"Metropolitana II","vsr",2024-07-07,2024,28,19
"Metropolitana II","vsr",2024-07-14,2024,29,5
"Metropolitana II","vsr",2024-07-21,2024,30,15
"Metropolitana II","vsr",2024-07-28,2024,31,2
"Metropolitana II","vsr",2024-08-04,2024,32,6
"Metropolitana II","vsr",2024-08-11,2024,33,4
"Metropolitana II","vsr",2024-08-18,2024,34,0
"Metropolitana II","vsr",2024-08-25,2024,35,2
"Metropolitana II","vsr",2024-09-01,2024,36,2
"Metropolitana II","vsr",2024-09-08,2024,37,5
"Metropolitana II","vsr",2024-09-15,2024,38,2
"Metropolitana II","vsr",2024-09-22,2024,39,2
"Metropolitana II","vsr",2024-09-29,2024,40,0
"Metropolitana II","vsr",2024-10-06,2024,41,2
"Metropolitana II","vsr",2024-10-13,2024,42,0
"Metropolitana II","vsr",2024-10-20,2024,43,1
"Metropolitana II","vsr",2024-10-27,2024,44,0
"Metropolitana II","vsr",2024-11-03,2024,45,1
"Metropolitana II","vsr",2024-11-10,2024,46,1
"Metropolitana II","vsr",2024-11-17,2024,47,0
"Metropolitana II","vsr",2024-11-24,2024,48,2
"Metropolitana II","vsr",2024-12-01,2024,49,0
"Metropolitana II","vsr",2024-12-08,2024,50,0
"Metropolitana II","vsr",2024-12-15,2024,51,1
"Metropolitana II","vsr",2024-12-22,2024,52,0
"Metropolitana II","vsr",2024-12-29,2025,1,1
"Metropolitana II","vsr",2025-01-05,2025,2,1
"Metropolitana II","vsr",2025-01-12,2025,3,2
"Metropolitana II","vsr",2025-01-19,2025,4,1
"Metropolitana II","vsr",2025-01-26,2025,5,0
"Metropolitana II","vsr",2025-02-02,2025,6,0
"Metropolitana II","vsr",2025-02-09,2025,7,0
"Metropolitana II","vsr",2025-02-16,2025,8,1
"Metropolitana II","vsr",2025-02-23,2025,9,5
"Metropolitana II","vsr",2025-03-02,2025,10,3
"Metropolitana II","vsr",2025-03-09,2025,11,3
"Metropolitana II","vsr",2025-03-16,2025,12,8
"Metropolitana II","vsr",2025-03-23,2025,13,7
"Metropolitana II","vsr",2025-03-30,2025,14,12
"Metropolitana II","vsr",2025-04-06,2025,15,13
"Metropolitana II","vsr",2025-04-13,2025,16,21
"Metropolitana II","vsr",2025-04-20,2025,17,22
"Metropolitana II","vsr",2025-04-27,2025,18,40
"Metropolitana II","vsr",2025-05-04,2025,19,38
"Metropolitana II","vsr",2025-05-11,2025,20,59
"Metropolitana II","vsr",2025-05-18,2025,21,76
"Metropolitana II","vsr",2025-05-25,2025,22,69
"Metropolitana II","vsr",2025-06-01,2025,23,65
"Metropolitana II","vsr",2025-06-08,2025,24,58
"Metropolitana II","vsr",2025-06-15,2025,25,71
"Metropolitana II","vsr",2025-06-22,2025,26,40
"Metropolitana II","vsr",2025-06-29,2025,27,30
"Metropolitana II","vsr",2025-07-06,2025,28,26
"Metropolitana II","vsr",2025-07-13,2025,29,22
"Metropolitana II","vsr",2025-07-20,2025,30,28
"Metropolitana II","vsr",2025-07-27,2025,31,19
"Metropolitana II","vsr",2025-08-03,2025,32,14
"Metropolitana II","vsr",2025-08-10,2025,33,6
"Metropolitana II","vsr",2025-08-17,2025,34,6
"Metropolitana II","vsr",2025-08-24,2025,35,0
"Metropolitana II","vsr",2025-08-31,2025,36,5
"Metropolitana II","vsr",2025-09-07,2025,37,3
"Metropolitana II","vsr",2025-09-14,2025,38,4
"Metropolitana II","vsr",2025-09-21,2025,39,0
"Metropolitana II","vsr",2025-09-28,2025,40,0
"Metropolitana II","vsr",2025-10-05,2025,41,1
"Metropolitana II","vsr",2025-10-12,2025,42,0
"Metropolitana II","vsr",2025-10-19,2025,43,2
"Metropolitana II","vsr",2025-10-26,2025,44,0
"Metropolitana II","vsr",2025-11-02,2025,45,0
"Metropolitana II","vsr",2025-11-09,2025,46,0
"Metropolitana II","vsr",2025-11-16,2025,47,1
"Metropolitana II","vsr",2025-11-23,2025,48,0
"Metropolitana II","vsr",2025-11-30,2025,49,0
"Metropolitana II","vsr",2025-12-07,2025,50,0
"Metropolitana II","vsr",2025-12-14,2025,51,0
"Metropolitana II","vsr",2025-12-21,2025,52,0
"Metropolitana II","vsr",2025-12-28,2025,53,0
"Noroeste","sarscov2",2022-01-02,2022,1,6
"Noroeste","sarscov2",2022-01-09,2022,2,16
"Noroeste","sarscov2",2022-01-16,2022,3,22
"Noroeste","sarscov2",2022-01-23,2022,4,42
"Noroeste","sarscov2",2022-01-30,2022,5,34
"Noroeste","sarscov2",2022-02-06,2022,6,10
"Noroeste","sarscov2",2022-02-13,2022,7,7
"Noroeste","sarscov2",2022-02-20,2022,8,3
"Noroeste","sarscov2",2022-02-27,2022,9,3
"Noroeste","sarscov2",2022-03-06,2022,10,1
"Noroeste","sarscov2",2022-03-13,2022,11,1
"Noroeste","sarscov2",2022-03-20,2022,12,2
"Noroeste","sarscov2",2022-03-27,2022,13,0
"Noroeste","sarscov2",2022-04-03,2022,14,1
"Noroeste","sarscov2",2022-04-10,2022,15,0
"Noroeste","sarscov2",2022-04-17,2022,16,0
"Noroeste","sarscov2",2022-04-24,2022,17,0
"Noroeste","sarscov2",2022-05-01,2022,18,0
"Noroeste","sarscov2",2022-05-08,2022,19,2
"Noroeste","sarscov2",2022-05-15,2022,20,2
"Noroeste","sarscov2",2022-05-22,2022,21,1
"Noroeste","sarscov2",2022-05-29,2022,22,3
"Noroeste","sarscov2",2022-06-05,2022,23,3
"Noroeste","sarscov2",2022-06-12,2022,24,9
"Noroeste","sarscov2",2022-06-19,2022,25,11
"Noroeste","sarscov2",2022-06-26,2022,26,8
"Noroeste","sarscov2",2022-07-03,2022,27,7
"Noroeste","sarscov2",2022-07-10,2022,28,5
"Noroeste","sarscov2",2022-07-17,2022,29,5
"Noroeste","sarscov2",2022-07-24,2022,30,4
"Noroeste","sarscov2",2022-07-31,2022,31,0
"Noroeste","sarscov2",2022-08-07,2022,32,0
"Noroeste","sarscov2",2022-08-14,2022,33,0
"Noroeste","sarscov2",2022-08-21,2022,34,0
"Noroeste","sarscov2",2022-08-28,2022,35,0
"Noroeste","sarscov2",2022-09-04,2022,36,0
"Noroeste","sarscov2",2022-09-11,2022,37,0
"Noroeste","sarscov2",2022-09-18,2022,38,0
"Noroeste","sarscov2",2022-09-25,2022,39,0
"Noroeste","sarscov2",2022-10-02,2022,40,0
"Noroeste","sarscov2",2022-10-09,2022,41,0
"Noroeste","sarscov2",2022-10-16,2022,42,0
"Noroeste","sarscov2",2022-10-23,2022,43,0
"Noroeste","sarscov2",2022-10-30,2022,44,0
"Noroeste","sarscov2",2022-11-06,2022,45,0
"Noroeste","sarscov2",2022-11-13,2022,46,2
"Noroeste","sarscov2",2022-11-20,2022,47,3
"Noroeste","sarscov2",2022-11-27,2022,48,7
"Noroeste","sarscov2",2022-12-04,2022,49,6
"Noroeste","sarscov2",2022-12-11,2022,50,0
"Noroeste","sarscov2",2022-12-18,2022,51,2
"Noroeste","sarscov2",2022-12-25,2022,52,3
"Noroeste","sarscov2",2023-01-01,2023,1,2
"Noroeste","sarscov2",2023-01-08,2023,2,0
"Noroeste","sarscov2",2023-01-15,2023,3,0
"Noroeste","sarscov2",2023-01-22,2023,4,1
"Noroeste","sarscov2",2023-01-29,2023,5,2
"Noroeste","sarscov2",2023-02-05,2023,6,0
"Noroeste","sarscov2",2023-02-12,2023,7,1
"Noroeste","sarscov2",2023-02-19,2023,8,0
"Noroeste","sarscov2",2023-02-26,2023,9,3
"Noroeste","sarscov2",2023-03-05,2023,10,1
"Noroeste","sarscov2",2023-03-12,2023,11,2
"Noroeste","sarscov2",2023-03-19,2023,12,2
"Noroeste","sarscov2",2023-03-26,2023,13,0
"Noroeste","sarscov2",2023-04-02,2023,14,1
"Noroeste","sarscov2",2023-04-09,2023,15,3
"Noroeste","sarscov2",2023-04-16,2023,16,0
"Noroeste","sarscov2",2023-04-23,2023,17,2
"Noroeste","sarscov2",2023-04-30,2023,18,1
"Noroeste","sarscov2",2023-05-07,2023,19,1
"Noroeste","sarscov2",2023-05-14,2023,20,0
"Noroeste","sarscov2",2023-05-21,2023,21,0
"Noroeste","sarscov2",2023-05-28,2023,22,0
"Noroeste","sarscov2",2023-06-04,2023,23,0
"Noroeste","sarscov2",2023-06-11,2023,24,0
"Noroeste","sarscov2",2023-06-18,2023,25,0
"Noroeste","sarscov2",2023-06-25,2023,26,0
"Noroeste","sarscov2",2023-07-02,2023,27,0
"Noroeste","sarscov2",2023-07-09,2023,28,0
"Noroeste","sarscov2",2023-07-16,2023,29,0
"Noroeste","sarscov2",2023-07-23,2023,30,1
"Noroeste","sarscov2",2023-07-30,2023,31,0
"Noroeste","sarscov2",2023-08-06,2023,32,0
"Noroeste","sarscov2",2023-08-13,2023,33,0
"Noroeste","sarscov2",2023-08-20,2023,34,0
"Noroeste","sarscov2",2023-08-27,2023,35,0
"Noroeste","sarscov2",2023-09-03,2023,36,1
"Noroeste","sarscov2",2023-09-10,2023,37,1
"Noroeste","sarscov2",2023-09-17,2023,38,1
"Noroeste","sarscov2",2023-09-24,2023,39,0
"Noroeste","sarscov2",2023-10-01,2023,40,2
"Noroeste","sarscov2",2023-10-08,2023,41,2
"Noroeste","sarscov2",2023-10-15,2023,42,0
"Noroeste","sarscov2",2023-10-22,2023,43,4
"Noroeste","sarscov2",2023-10-29,2023,44,3
"Noroeste","sarscov2",2023-11-05,2023,45,7
"Noroeste","sarscov2",2023-11-12,2023,46,0
"Noroeste","sarscov2",2023-11-19,2023,47,1
"Noroeste","sarscov2",2023-11-26,2023,48,0
"Noroeste","sarscov2",2023-12-03,2023,49,1
"Noroeste","sarscov2",2023-12-10,2023,50,0
"Noroeste","sarscov2",2023-12-17,2023,51,0
"Noroeste","sarscov2",2023-12-24,2023,52,0
"Noroeste","sarscov2",2023-12-31,2024,1,1
"Noroeste","sarscov2",2024-01-07,2024,2,0
"Noroeste","sarscov2",2024-01-14,2024,3,0
"Noroeste","sarscov2",2024-01-21,2024,4,0
"Noroeste","sarscov2",2024-01-28,2024,5,0
"Noroeste","sarscov2",2024-02-04,2024,6,1
"Noroeste","sarscov2",2024-02-11,2024,7,0
"Noroeste","sarscov2",2024-02-18,2024,8,2
"Noroeste","sarscov2",2024-02-25,2024,9,3
"Noroeste","sarscov2",2024-03-03,2024,10,3
"Noroeste","sarscov2",2024-03-10,2024,11,2
"Noroeste","sarscov2",2024-03-17,2024,12,4
"Noroeste","sarscov2",2024-03-24,2024,13,2
"Noroeste","sarscov2",2024-03-31,2024,14,0
"Noroeste","sarscov2",2024-04-07,2024,15,0
"Noroeste","sarscov2",2024-04-14,2024,16,0
"Noroeste","sarscov2",2024-04-21,2024,17,0
"Noroeste","sarscov2",2024-04-28,2024,18,0
"Noroeste","sarscov2",2024-05-05,2024,19,0
"Noroeste","sarscov2",2024-05-12,2024,20,0
"Noroeste","sarscov2",2024-05-19,2024,21,0
"Noroeste","sarscov2",2024-05-26,2024,22,0
"Noroeste","sarscov2",2024-06-02,2024,23,0
"Noroeste","sarscov2",2024-06-09,2024,24,0
"Noroeste","sarscov2",2024-06-16,2024,25,0
"Noroeste","sarscov2",2024-06-23,2024,26,0
"Noroeste","sarscov2",2024-06-30,2024,27,0
"Noroeste","sarscov2",2024-07-07,2024,28,0
"Noroeste","sarscov2",2024-07-14,2024,29,0
"Noroeste","sarscov2",2024-07-21,2024,30,0
"Noroeste","sarscov2",2024-07-28,2024,31,0
"Noroeste","sarscov2",2024-08-04,2024,32,0
"Noroeste","sarscov2",2024-08-11,2024,33,0
"Noroeste","sarscov2",2024-08-18,2024,34,1
"Noroeste","sarscov2",2024-08-25,2024,35,0
"Noroeste","sarscov2",2024-09-01,2024,36,0
"Noroeste","sarscov2",2024-09-08,2024,37,0
"Noroeste","sarscov2",2024-09-15,2024,38,0
"Noroeste","sarscov2",2024-09-22,2024,39,0
"Noroeste","sarscov2",2024-09-29,2024,40,0
"Noroeste","sarscov2",2024-10-06,2024,41,1
"Noroeste","sarscov2",2024-10-13,2024,42,1
"Noroeste","sarscov2",2024-10-20,2024,43,2
"Noroeste","sarscov2",2024-10-27,2024,44,0
"Noroeste","sarscov2",2024-11-03,2024,45,0
"Noroeste","sarscov2",2024-11-10,2024,46,0
"Noroeste","sarscov2",2024-11-17,2024,47,0
"Noroeste","sarscov2",2024-11-24,2024,48,1
"Noroeste","sarscov2",2024-12-01,2024,49,1
"Noroeste","sarscov2",2024-12-08,2024,50,1
"Noroeste","sarscov2",2024-12-15,2024,51,0
"Noroeste","sarscov2",2024-12-22,2024,52,4
"Noroeste","sarscov2",2024-12-29,2025,1,0
"Noroeste","sarscov2",2025-01-05,2025,2,1
"Noroeste","sarscov2",2025-01-12,2025,3,0
"Noroeste","sarscov2",2025-01-19,2025,4,0
"Noroeste","sarscov2",2025-01-26,2025,5,0
"Noroeste","sarscov2",2025-02-02,2025,6,0
"Noroeste","sarscov2",2025-02-09,2025,7,1
"Noroeste","sarscov2",2025-02-16,2025,8,0
"Noroeste","sarscov2",2025-02-23,2025,9,0
"Noroeste","sarscov2",2025-03-02,2025,10,0
"Noroeste","sarscov2",2025-03-09,2025,11,1
"Noroeste","sarscov2",2025-03-16,2025,12,0
"Noroeste","sarscov2",2025-03-23,2025,13,0
"Noroeste","sarscov2",2025-03-30,2025,14,0
"Noroeste","sarscov2",2025-04-06,2025,15,0
"Noroeste","sarscov2",2025-04-13,2025,16,0
"Noroeste","sarscov2",2025-04-20,2025,17,0
"Noroeste","sarscov2",2025-04-27,2025,18,0
"Noroeste","sarscov2",2025-05-04,2025,19,1
"Noroeste","sarscov2",2025-05-11,2025,20,0
"Noroeste","sarscov2",2025-05-18,2025,21,0
"Noroeste","sarscov2",2025-05-25,2025,22,0
"Noroeste","sarscov2",2025-06-01,2025,23,0
"Noroeste","sarscov2",2025-06-08,2025,24,0
"Noroeste","sarscov2",2025-06-15,2025,25,1
"Noroeste","sarscov2",2025-06-22,2025,26,0
"Noroeste","sarscov2",2025-06-29,2025,27,0
"Noroeste","sarscov2",2025-07-06,2025,28,0
"Noroeste","sarscov2",2025-07-13,2025,29,0
"Noroeste","sarscov2",2025-07-20,2025,30,0
"Noroeste","sarscov2",2025-07-27,2025,31,0
"Noroeste","sarscov2",2025-08-03,2025,32,0
"Noroeste","sarscov2",2025-08-10,2025,33,1
"Noroeste","sarscov2",2025-08-17,2025,34,0
"Noroeste","sarscov2",2025-08-24,2025,35,0
"Noroeste","sarscov2",2025-08-31,2025,36,0
"Noroeste","sarscov2",2025-09-07,2025,37,0
"Noroeste","sarscov2",2025-09-14,2025,38,1
"Noroeste","sarscov2",2025-09-21,2025,39,0
"Noroeste","sarscov2",2025-09-28,2025,40,0
"Noroeste","sarscov2",2025-10-05,2025,41,2
"Noroeste","sarscov2",2025-10-12,2025,42,0
"Noroeste","sarscov2",2025-10-19,2025,43,0
"Noroeste","sarscov2",2025-10-26,2025,44,0
"Noroeste","sarscov2",2025-11-02,2025,45,0
"Noroeste","sarscov2",2025-11-09,2025,46,0
"Noroeste","sarscov2",2025-11-16,2025,47,1
"Noroeste","sarscov2",2025-11-23,2025,48,0
"Noroeste","sarscov2",2025-11-30,2025,49,0
"Noroeste","sarscov2",2025-12-07,2025,50,0
"Noroeste","sarscov2",2025-12-14,2025,51,0
"Noroeste","sarscov2",2025-12-21,2025,52,0
"Noroeste","sarscov2",2025-12-28,2025,53,0
"Noroeste","influenza",2022-01-02,2022,1,0
"Noroeste","influenza",2022-01-09,2022,2,0
"Noroeste","influenza",2022-01-16,2022,3,0
"Noroeste","influenza",2022-01-23,2022,4,0
"Noroeste","influenza",2022-01-30,2022,5,0
"Noroeste","influenza",2022-02-06,2022,6,0
"Noroeste","influenza",2022-02-13,2022,7,0
"Noroeste","influenza",2022-02-20,2022,8,0
"Noroeste","influenza",2022-02-27,2022,9,0
"Noroeste","influenza",2022-03-06,2022,10,0
"Noroeste","influenza",2022-03-13,2022,11,0
"Noroeste","influenza",2022-03-20,2022,12,0
"Noroeste","influenza",2022-03-27,2022,13,0
"Noroeste","influenza",2022-04-03,2022,14,0
"Noroeste","influenza",2022-04-10,2022,15,0
"Noroeste","influenza",2022-04-17,2022,16,0
"Noroeste","influenza",2022-04-24,2022,17,0
"Noroeste","influenza",2022-05-01,2022,18,0
"Noroeste","influenza",2022-05-08,2022,19,0
"Noroeste","influenza",2022-05-15,2022,20,0
"Noroeste","influenza",2022-05-22,2022,21,0
"Noroeste","influenza",2022-05-29,2022,22,0
"Noroeste","influenza",2022-06-05,2022,23,0
"Noroeste","influenza",2022-06-12,2022,24,0
"Noroeste","influenza",2022-06-19,2022,25,0
"Noroeste","influenza",2022-06-26,2022,26,0
"Noroeste","influenza",2022-07-03,2022,27,0
"Noroeste","influenza",2022-07-10,2022,28,0
"Noroeste","influenza",2022-07-17,2022,29,0
"Noroeste","influenza",2022-07-24,2022,30,0
"Noroeste","influenza",2022-07-31,2022,31,0
"Noroeste","influenza",2022-08-07,2022,32,0
"Noroeste","influenza",2022-08-14,2022,33,0
"Noroeste","influenza",2022-08-21,2022,34,0
"Noroeste","influenza",2022-08-28,2022,35,0
"Noroeste","influenza",2022-09-04,2022,36,0
"Noroeste","influenza",2022-09-11,2022,37,0
"Noroeste","influenza",2022-09-18,2022,38,0
"Noroeste","influenza",2022-09-25,2022,39,0
"Noroeste","influenza",2022-10-02,2022,40,0
"Noroeste","influenza",2022-10-09,2022,41,0
"Noroeste","influenza",2022-10-16,2022,42,0
"Noroeste","influenza",2022-10-23,2022,43,0
"Noroeste","influenza",2022-10-30,2022,44,0
"Noroeste","influenza",2022-11-06,2022,45,1
"Noroeste","influenza",2022-11-13,2022,46,0
"Noroeste","influenza",2022-11-20,2022,47,0
"Noroeste","influenza",2022-11-27,2022,48,0
"Noroeste","influenza",2022-12-04,2022,49,0
"Noroeste","influenza",2022-12-11,2022,50,0
"Noroeste","influenza",2022-12-18,2022,51,0
"Noroeste","influenza",2022-12-25,2022,52,0
"Noroeste","influenza",2023-01-01,2023,1,0
"Noroeste","influenza",2023-01-08,2023,2,0
"Noroeste","influenza",2023-01-15,2023,3,0
"Noroeste","influenza",2023-01-22,2023,4,0
"Noroeste","influenza",2023-01-29,2023,5,0
"Noroeste","influenza",2023-02-05,2023,6,0
"Noroeste","influenza",2023-02-12,2023,7,0
"Noroeste","influenza",2023-02-19,2023,8,0
"Noroeste","influenza",2023-02-26,2023,9,0
"Noroeste","influenza",2023-03-05,2023,10,0
"Noroeste","influenza",2023-03-12,2023,11,0
"Noroeste","influenza",2023-03-19,2023,12,0
"Noroeste","influenza",2023-03-26,2023,13,0
"Noroeste","influenza",2023-04-02,2023,14,0
"Noroeste","influenza",2023-04-09,2023,15,0
"Noroeste","influenza",2023-04-16,2023,16,0
"Noroeste","influenza",2023-04-23,2023,17,0
"Noroeste","influenza",2023-04-30,2023,18,0
"Noroeste","influenza",2023-05-07,2023,19,3
"Noroeste","influenza",2023-05-14,2023,20,1
"Noroeste","influenza",2023-05-21,2023,21,0
"Noroeste","influenza",2023-05-28,2023,22,0
"Noroeste","influenza",2023-06-04,2023,23,0
"Noroeste","influenza",2023-06-11,2023,24,0
"Noroeste","influenza",2023-06-18,2023,25,0
"Noroeste","influenza",2023-06-25,2023,26,0
"Noroeste","influenza",2023-07-02,2023,27,0
"Noroeste","influenza",2023-07-09,2023,28,2
"Noroeste","influenza",2023-07-16,2023,29,0
"Noroeste","influenza",2023-07-23,2023,30,0
"Noroeste","influenza",2023-07-30,2023,31,0
"Noroeste","influenza",2023-08-06,2023,32,0
"Noroeste","influenza",2023-08-13,2023,33,0
"Noroeste","influenza",2023-08-20,2023,34,0
"Noroeste","influenza",2023-08-27,2023,35,0
"Noroeste","influenza",2023-09-03,2023,36,0
"Noroeste","influenza",2023-09-10,2023,37,0
"Noroeste","influenza",2023-09-17,2023,38,0
"Noroeste","influenza",2023-09-24,2023,39,0
"Noroeste","influenza",2023-10-01,2023,40,0
"Noroeste","influenza",2023-10-08,2023,41,0
"Noroeste","influenza",2023-10-15,2023,42,0
"Noroeste","influenza",2023-10-22,2023,43,0
"Noroeste","influenza",2023-10-29,2023,44,0
"Noroeste","influenza",2023-11-05,2023,45,0
"Noroeste","influenza",2023-11-12,2023,46,0
"Noroeste","influenza",2023-11-19,2023,47,0
"Noroeste","influenza",2023-11-26,2023,48,0
"Noroeste","influenza",2023-12-03,2023,49,0
"Noroeste","influenza",2023-12-10,2023,50,0
"Noroeste","influenza",2023-12-17,2023,51,1
"Noroeste","influenza",2023-12-24,2023,52,0
"Noroeste","influenza",2023-12-31,2024,1,0
"Noroeste","influenza",2024-01-07,2024,2,0
"Noroeste","influenza",2024-01-14,2024,3,0
"Noroeste","influenza",2024-01-21,2024,4,0
"Noroeste","influenza",2024-01-28,2024,5,0
"Noroeste","influenza",2024-02-04,2024,6,0
"Noroeste","influenza",2024-02-11,2024,7,0
"Noroeste","influenza",2024-02-18,2024,8,0
"Noroeste","influenza",2024-02-25,2024,9,0
"Noroeste","influenza",2024-03-03,2024,10,0
"Noroeste","influenza",2024-03-10,2024,11,1
"Noroeste","influenza",2024-03-17,2024,12,2
"Noroeste","influenza",2024-03-24,2024,13,0
"Noroeste","influenza",2024-03-31,2024,14,1
"Noroeste","influenza",2024-04-07,2024,15,2
"Noroeste","influenza",2024-04-14,2024,16,6
"Noroeste","influenza",2024-04-21,2024,17,5
"Noroeste","influenza",2024-04-28,2024,18,3
"Noroeste","influenza",2024-05-05,2024,19,2
"Noroeste","influenza",2024-05-12,2024,20,9
"Noroeste","influenza",2024-05-19,2024,21,3
"Noroeste","influenza",2024-05-26,2024,22,6
"Noroeste","influenza",2024-06-02,2024,23,4
"Noroeste","influenza",2024-06-09,2024,24,2
"Noroeste","influenza",2024-06-16,2024,25,1
"Noroeste","influenza",2024-06-23,2024,26,3
"Noroeste","influenza",2024-06-30,2024,27,0
"Noroeste","influenza",2024-07-07,2024,28,1
"Noroeste","influenza",2024-07-14,2024,29,1
"Noroeste","influenza",2024-07-21,2024,30,0
"Noroeste","influenza",2024-07-28,2024,31,0
"Noroeste","influenza",2024-08-04,2024,32,0
"Noroeste","influenza",2024-08-11,2024,33,0
"Noroeste","influenza",2024-08-18,2024,34,0
"Noroeste","influenza",2024-08-25,2024,35,0
"Noroeste","influenza",2024-09-01,2024,36,0
"Noroeste","influenza",2024-09-08,2024,37,2
"Noroeste","influenza",2024-09-15,2024,38,1
"Noroeste","influenza",2024-09-22,2024,39,1
"Noroeste","influenza",2024-09-29,2024,40,1
"Noroeste","influenza",2024-10-06,2024,41,0
"Noroeste","influenza",2024-10-13,2024,42,2
"Noroeste","influenza",2024-10-20,2024,43,1
"Noroeste","influenza",2024-10-27,2024,44,0
"Noroeste","influenza",2024-11-03,2024,45,4
"Noroeste","influenza",2024-11-10,2024,46,5
"Noroeste","influenza",2024-11-17,2024,47,1
"Noroeste","influenza",2024-11-24,2024,48,1
"Noroeste","influenza",2024-12-01,2024,49,0
"Noroeste","influenza",2024-12-08,2024,50,0
"Noroeste","influenza",2024-12-15,2024,51,0
"Noroeste","influenza",2024-12-22,2024,52,0
"Noroeste","influenza",2024-12-29,2025,1,1
"Noroeste","influenza",2025-01-05,2025,2,0
"Noroeste","influenza",2025-01-12,2025,3,0
"Noroeste","influenza",2025-01-19,2025,4,0
"Noroeste","influenza",2025-01-26,2025,5,0
"Noroeste","influenza",2025-02-02,2025,6,0
"Noroeste","influenza",2025-02-09,2025,7,0
"Noroeste","influenza",2025-02-16,2025,8,0
"Noroeste","influenza",2025-02-23,2025,9,0
"Noroeste","influenza",2025-03-02,2025,10,0
"Noroeste","influenza",2025-03-09,2025,11,0
"Noroeste","influenza",2025-03-16,2025,12,0
"Noroeste","influenza",2025-03-23,2025,13,1
"Noroeste","influenza",2025-03-30,2025,14,1
"Noroeste","influenza",2025-04-06,2025,15,0
"Noroeste","influenza",2025-04-13,2025,16,2
"Noroeste","influenza",2025-04-20,2025,17,1
"Noroeste","influenza",2025-04-27,2025,18,5
"Noroeste","influenza",2025-05-04,2025,19,11
"Noroeste","influenza",2025-05-11,2025,20,7
"Noroeste","influenza",2025-05-18,2025,21,15
"Noroeste","influenza",2025-05-25,2025,22,2
"Noroeste","influenza",2025-06-01,2025,23,7
"Noroeste","influenza",2025-06-08,2025,24,8
"Noroeste","influenza",2025-06-15,2025,25,7
"Noroeste","influenza",2025-06-22,2025,26,3
"Noroeste","influenza",2025-06-29,2025,27,4
"Noroeste","influenza",2025-07-06,2025,28,2
"Noroeste","influenza",2025-07-13,2025,29,0
"Noroeste","influenza",2025-07-20,2025,30,1
"Noroeste","influenza",2025-07-27,2025,31,1
"Noroeste","influenza",2025-08-03,2025,32,0
"Noroeste","influenza",2025-08-10,2025,33,0
"Noroeste","influenza",2025-08-17,2025,34,1
"Noroeste","influenza",2025-08-24,2025,35,0
"Noroeste","influenza",2025-08-31,2025,36,0
"Noroeste","influenza",2025-09-07,2025,37,1
"Noroeste","influenza",2025-09-14,2025,38,0
"Noroeste","influenza",2025-09-21,2025,39,0
"Noroeste","influenza",2025-09-28,2025,40,0
"Noroeste","influenza",2025-10-05,2025,41,0
"Noroeste","influenza",2025-10-12,2025,42,0
"Noroeste","influenza",2025-10-19,2025,43,0
"Noroeste","influenza",2025-10-26,2025,44,0
"Noroeste","influenza",2025-11-02,2025,45,0
"Noroeste","influenza",2025-11-09,2025,46,1
"Noroeste","influenza",2025-11-16,2025,47,0
"Noroeste","influenza",2025-11-23,2025,48,1
"Noroeste","influenza",2025-11-30,2025,49,0
"Noroeste","influenza",2025-12-07,2025,50,0
"Noroeste","influenza",2025-12-14,2025,51,0
"Noroeste","influenza",2025-12-21,2025,52,0
"Noroeste","influenza",2025-12-28,2025,53,0
"Noroeste","vsr",2022-01-02,2022,1,0
"Noroeste","vsr",2022-01-09,2022,2,0
"Noroeste","vsr",2022-01-16,2022,3,0
"Noroeste","vsr",2022-01-23,2022,4,0
"Noroeste","vsr",2022-01-30,2022,5,0
"Noroeste","vsr",2022-02-06,2022,6,0
"Noroeste","vsr",2022-02-13,2022,7,0
"Noroeste","vsr",2022-02-20,2022,8,0
"Noroeste","vsr",2022-02-27,2022,9,0
"Noroeste","vsr",2022-03-06,2022,10,0
"Noroeste","vsr",2022-03-13,2022,11,0
"Noroeste","vsr",2022-03-20,2022,12,1
"Noroeste","vsr",2022-03-27,2022,13,0
"Noroeste","vsr",2022-04-03,2022,14,0
"Noroeste","vsr",2022-04-10,2022,15,0
"Noroeste","vsr",2022-04-17,2022,16,0
"Noroeste","vsr",2022-04-24,2022,17,0
"Noroeste","vsr",2022-05-01,2022,18,0
"Noroeste","vsr",2022-05-08,2022,19,0
"Noroeste","vsr",2022-05-15,2022,20,0
"Noroeste","vsr",2022-05-22,2022,21,0
"Noroeste","vsr",2022-05-29,2022,22,0
"Noroeste","vsr",2022-06-05,2022,23,0
"Noroeste","vsr",2022-06-12,2022,24,0
"Noroeste","vsr",2022-06-19,2022,25,0
"Noroeste","vsr",2022-06-26,2022,26,0
"Noroeste","vsr",2022-07-03,2022,27,0
"Noroeste","vsr",2022-07-10,2022,28,0
"Noroeste","vsr",2022-07-17,2022,29,0
"Noroeste","vsr",2022-07-24,2022,30,0
"Noroeste","vsr",2022-07-31,2022,31,0
"Noroeste","vsr",2022-08-07,2022,32,0
"Noroeste","vsr",2022-08-14,2022,33,0
"Noroeste","vsr",2022-08-21,2022,34,0
"Noroeste","vsr",2022-08-28,2022,35,0
"Noroeste","vsr",2022-09-04,2022,36,0
"Noroeste","vsr",2022-09-11,2022,37,0
"Noroeste","vsr",2022-09-18,2022,38,0
"Noroeste","vsr",2022-09-25,2022,39,0
"Noroeste","vsr",2022-10-02,2022,40,0
"Noroeste","vsr",2022-10-09,2022,41,0
"Noroeste","vsr",2022-10-16,2022,42,0
"Noroeste","vsr",2022-10-23,2022,43,0
"Noroeste","vsr",2022-10-30,2022,44,0
"Noroeste","vsr",2022-11-06,2022,45,0
"Noroeste","vsr",2022-11-13,2022,46,0
"Noroeste","vsr",2022-11-20,2022,47,0
"Noroeste","vsr",2022-11-27,2022,48,0
"Noroeste","vsr",2022-12-04,2022,49,0
"Noroeste","vsr",2022-12-11,2022,50,0
"Noroeste","vsr",2022-12-18,2022,51,0
"Noroeste","vsr",2022-12-25,2022,52,0
"Noroeste","vsr",2023-01-01,2023,1,0
"Noroeste","vsr",2023-01-08,2023,2,0
"Noroeste","vsr",2023-01-15,2023,3,0
"Noroeste","vsr",2023-01-22,2023,4,0
"Noroeste","vsr",2023-01-29,2023,5,0
"Noroeste","vsr",2023-02-05,2023,6,0
"Noroeste","vsr",2023-02-12,2023,7,0
"Noroeste","vsr",2023-02-19,2023,8,0
"Noroeste","vsr",2023-02-26,2023,9,0
"Noroeste","vsr",2023-03-05,2023,10,0
"Noroeste","vsr",2023-03-12,2023,11,0
"Noroeste","vsr",2023-03-19,2023,12,0
"Noroeste","vsr",2023-03-26,2023,13,0
"Noroeste","vsr",2023-04-02,2023,14,0
"Noroeste","vsr",2023-04-09,2023,15,0
"Noroeste","vsr",2023-04-16,2023,16,0
"Noroeste","vsr",2023-04-23,2023,17,0
"Noroeste","vsr",2023-04-30,2023,18,0
"Noroeste","vsr",2023-05-07,2023,19,0
"Noroeste","vsr",2023-05-14,2023,20,0
"Noroeste","vsr",2023-05-21,2023,21,0
"Noroeste","vsr",2023-05-28,2023,22,0
"Noroeste","vsr",2023-06-04,2023,23,0
"Noroeste","vsr",2023-06-11,2023,24,0
"Noroeste","vsr",2023-06-18,2023,25,0
"Noroeste","vsr",2023-06-25,2023,26,0
"Noroeste","vsr",2023-07-02,2023,27,0
"Noroeste","vsr",2023-07-09,2023,28,0
"Noroeste","vsr",2023-07-16,2023,29,0
"Noroeste","vsr",2023-07-23,2023,30,0
"Noroeste","vsr",2023-07-30,2023,31,0
"Noroeste","vsr",2023-08-06,2023,32,0
"Noroeste","vsr",2023-08-13,2023,33,0
"Noroeste","vsr",2023-08-20,2023,34,0
"Noroeste","vsr",2023-08-27,2023,35,1
"Noroeste","vsr",2023-09-03,2023,36,0
"Noroeste","vsr",2023-09-10,2023,37,0
"Noroeste","vsr",2023-09-17,2023,38,0
"Noroeste","vsr",2023-09-24,2023,39,0
"Noroeste","vsr",2023-10-01,2023,40,0
"Noroeste","vsr",2023-10-08,2023,41,0
"Noroeste","vsr",2023-10-15,2023,42,0
"Noroeste","vsr",2023-10-22,2023,43,0
"Noroeste","vsr",2023-10-29,2023,44,0
"Noroeste","vsr",2023-11-05,2023,45,0
"Noroeste","vsr",2023-11-12,2023,46,0
"Noroeste","vsr",2023-11-19,2023,47,0
"Noroeste","vsr",2023-11-26,2023,48,0
"Noroeste","vsr",2023-12-03,2023,49,0
"Noroeste","vsr",2023-12-10,2023,50,0
"Noroeste","vsr",2023-12-17,2023,51,0
"Noroeste","vsr",2023-12-24,2023,52,0
"Noroeste","vsr",2023-12-31,2024,1,0
"Noroeste","vsr",2024-01-07,2024,2,0
"Noroeste","vsr",2024-01-14,2024,3,0
"Noroeste","vsr",2024-01-21,2024,4,0
"Noroeste","vsr",2024-01-28,2024,5,0
"Noroeste","vsr",2024-02-04,2024,6,0
"Noroeste","vsr",2024-02-11,2024,7,0
"Noroeste","vsr",2024-02-18,2024,8,0
"Noroeste","vsr",2024-02-25,2024,9,0
"Noroeste","vsr",2024-03-03,2024,10,0
"Noroeste","vsr",2024-03-10,2024,11,0
"Noroeste","vsr",2024-03-17,2024,12,0
"Noroeste","vsr",2024-03-24,2024,13,0
"Noroeste","vsr",2024-03-31,2024,14,0
"Noroeste","vsr",2024-04-07,2024,15,0
"Noroeste","vsr",2024-04-14,2024,16,0
"Noroeste","vsr",2024-04-21,2024,17,0
"Noroeste","vsr",2024-04-28,2024,18,0
"Noroeste","vsr",2024-05-05,2024,19,2
"Noroeste","vsr",2024-05-12,2024,20,0
"Noroeste","vsr",2024-05-19,2024,21,0
"Noroeste","vsr",2024-05-26,2024,22,2
"Noroeste","vsr",2024-06-02,2024,23,0
"Noroeste","vsr",2024-06-09,2024,24,1
"Noroeste","vsr",2024-06-16,2024,25,0
"Noroeste","vsr",2024-06-23,2024,26,1
"Noroeste","vsr",2024-06-30,2024,27,0
"Noroeste","vsr",2024-07-07,2024,28,0
"Noroeste","vsr",2024-07-14,2024,29,0
"Noroeste","vsr",2024-07-21,2024,30,0
"Noroeste","vsr",2024-07-28,2024,31,0
"Noroeste","vsr",2024-08-04,2024,32,0
"Noroeste","vsr",2024-08-11,2024,33,0
"Noroeste","vsr",2024-08-18,2024,34,0
"Noroeste","vsr",2024-08-25,2024,35,0
"Noroeste","vsr",2024-09-01,2024,36,0
"Noroeste","vsr",2024-09-08,2024,37,0
"Noroeste","vsr",2024-09-15,2024,38,0
"Noroeste","vsr",2024-09-22,2024,39,0
"Noroeste","vsr",2024-09-29,2024,40,0
"Noroeste","vsr",2024-10-06,2024,41,0
"Noroeste","vsr",2024-10-13,2024,42,0
"Noroeste","vsr",2024-10-20,2024,43,0
"Noroeste","vsr",2024-10-27,2024,44,0
"Noroeste","vsr",2024-11-03,2024,45,0
"Noroeste","vsr",2024-11-10,2024,46,0
"Noroeste","vsr",2024-11-17,2024,47,0
"Noroeste","vsr",2024-11-24,2024,48,0
"Noroeste","vsr",2024-12-01,2024,49,0
"Noroeste","vsr",2024-12-08,2024,50,0
"Noroeste","vsr",2024-12-15,2024,51,0
"Noroeste","vsr",2024-12-22,2024,52,0
"Noroeste","vsr",2024-12-29,2025,1,0
"Noroeste","vsr",2025-01-05,2025,2,0
"Noroeste","vsr",2025-01-12,2025,3,0
"Noroeste","vsr",2025-01-19,2025,4,0
"Noroeste","vsr",2025-01-26,2025,5,0
"Noroeste","vsr",2025-02-02,2025,6,0
"Noroeste","vsr",2025-02-09,2025,7,0
"Noroeste","vsr",2025-02-16,2025,8,0
"Noroeste","vsr",2025-02-23,2025,9,0
"Noroeste","vsr",2025-03-02,2025,10,1
"Noroeste","vsr",2025-03-09,2025,11,0
"Noroeste","vsr",2025-03-16,2025,12,2
"Noroeste","vsr",2025-03-23,2025,13,1
"Noroeste","vsr",2025-03-30,2025,14,1
"Noroeste","vsr",2025-04-06,2025,15,2
"Noroeste","vsr",2025-04-13,2025,16,1
"Noroeste","vsr",2025-04-20,2025,17,0
"Noroeste","vsr",2025-04-27,2025,18,0
"Noroeste","vsr",2025-05-04,2025,19,4
"Noroeste","vsr",2025-05-11,2025,20,0
"Noroeste","vsr",2025-05-18,2025,21,1
"Noroeste","vsr",2025-05-25,2025,22,3
"Noroeste","vsr",2025-06-01,2025,23,4
"Noroeste","vsr",2025-06-08,2025,24,1
"Noroeste","vsr",2025-06-15,2025,25,4
"Noroeste","vsr",2025-06-22,2025,26,0
"Noroeste","vsr",2025-06-29,2025,27,1
"Noroeste","vsr",2025-07-06,2025,28,1
"Noroeste","vsr",2025-07-13,2025,29,0
"Noroeste","vsr",2025-07-20,2025,30,2
"Noroeste","vsr",2025-07-27,2025,31,0
"Noroeste","vsr",2025-08-03,2025,32,0
"Noroeste","vsr",2025-08-10,2025,33,0
"Noroeste","vsr",2025-08-17,2025,34,0
"Noroeste","vsr",2025-08-24,2025,35,0
"Noroeste","vsr",2025-08-31,2025,36,0
"Noroeste","vsr",2025-09-07,2025,37,0
"Noroeste","vsr",2025-09-14,2025,38,0
"Noroeste","vsr",2025-09-21,2025,39,0
"Noroeste","vsr",2025-09-28,2025,40,0
"Noroeste","vsr",2025-10-05,2025,41,0
"Noroeste","vsr",2025-10-12,2025,42,0
"Noroeste","vsr",2025-10-19,2025,43,0
"Noroeste","vsr",2025-10-26,2025,44,0
"Noroeste","vsr",2025-11-02,2025,45,0
"Noroeste","vsr",2025-11-09,2025,46,0
"Noroeste","vsr",2025-11-16,2025,47,0
"Noroeste","vsr",2025-11-23,2025,48,0
"Noroeste","vsr",2025-11-30,2025,49,0
"Noroeste","vsr",2025-12-07,2025,50,0
"Noroeste","vsr",2025-12-14,2025,51,0
"Noroeste","vsr",2025-12-21,2025,52,0
"Noroeste","vsr",2025-12-28,2025,53,0
"Norte","sarscov2",2022-01-02,2022,1,22
"Norte","sarscov2",2022-01-09,2022,2,55
"Norte","sarscov2",2022-01-16,2022,3,75
"Norte","sarscov2",2022-01-23,2022,4,97
"Norte","sarscov2",2022-01-30,2022,5,91
"Norte","sarscov2",2022-02-06,2022,6,32
"Norte","sarscov2",2022-02-13,2022,7,27
"Norte","sarscov2",2022-02-20,2022,8,8
"Norte","sarscov2",2022-02-27,2022,9,3
"Norte","sarscov2",2022-03-06,2022,10,8
"Norte","sarscov2",2022-03-13,2022,11,1
"Norte","sarscov2",2022-03-20,2022,12,2
"Norte","sarscov2",2022-03-27,2022,13,4
"Norte","sarscov2",2022-04-03,2022,14,3
"Norte","sarscov2",2022-04-10,2022,15,3
"Norte","sarscov2",2022-04-17,2022,16,0
"Norte","sarscov2",2022-04-24,2022,17,2
"Norte","sarscov2",2022-05-01,2022,18,6
"Norte","sarscov2",2022-05-08,2022,19,4
"Norte","sarscov2",2022-05-15,2022,20,7
"Norte","sarscov2",2022-05-22,2022,21,11
"Norte","sarscov2",2022-05-29,2022,22,17
"Norte","sarscov2",2022-06-05,2022,23,38
"Norte","sarscov2",2022-06-12,2022,24,26
"Norte","sarscov2",2022-06-19,2022,25,39
"Norte","sarscov2",2022-06-26,2022,26,56
"Norte","sarscov2",2022-07-03,2022,27,37
"Norte","sarscov2",2022-07-10,2022,28,24
"Norte","sarscov2",2022-07-17,2022,29,17
"Norte","sarscov2",2022-07-24,2022,30,10
"Norte","sarscov2",2022-07-31,2022,31,6
"Norte","sarscov2",2022-08-07,2022,32,4
"Norte","sarscov2",2022-08-14,2022,33,13
"Norte","sarscov2",2022-08-21,2022,34,11
"Norte","sarscov2",2022-08-28,2022,35,5
"Norte","sarscov2",2022-09-04,2022,36,5
"Norte","sarscov2",2022-09-11,2022,37,4
"Norte","sarscov2",2022-09-18,2022,38,2
"Norte","sarscov2",2022-09-25,2022,39,2
"Norte","sarscov2",2022-10-02,2022,40,1
"Norte","sarscov2",2022-10-09,2022,41,4
"Norte","sarscov2",2022-10-16,2022,42,3
"Norte","sarscov2",2022-10-23,2022,43,4
"Norte","sarscov2",2022-10-30,2022,44,0
"Norte","sarscov2",2022-11-06,2022,45,23
"Norte","sarscov2",2022-11-13,2022,46,34
"Norte","sarscov2",2022-11-20,2022,47,25
"Norte","sarscov2",2022-11-27,2022,48,22
"Norte","sarscov2",2022-12-04,2022,49,23
"Norte","sarscov2",2022-12-11,2022,50,19
"Norte","sarscov2",2022-12-18,2022,51,9
"Norte","sarscov2",2022-12-25,2022,52,5
"Norte","sarscov2",2023-01-01,2023,1,4
"Norte","sarscov2",2023-01-08,2023,2,2
"Norte","sarscov2",2023-01-15,2023,3,4
"Norte","sarscov2",2023-01-22,2023,4,0
"Norte","sarscov2",2023-01-29,2023,5,1
"Norte","sarscov2",2023-02-05,2023,6,4
"Norte","sarscov2",2023-02-12,2023,7,6
"Norte","sarscov2",2023-02-19,2023,8,12
"Norte","sarscov2",2023-02-26,2023,9,13
"Norte","sarscov2",2023-03-05,2023,10,16
"Norte","sarscov2",2023-03-12,2023,11,15
"Norte","sarscov2",2023-03-19,2023,12,16
"Norte","sarscov2",2023-03-26,2023,13,6
"Norte","sarscov2",2023-04-02,2023,14,9
"Norte","sarscov2",2023-04-09,2023,15,11
"Norte","sarscov2",2023-04-16,2023,16,7
"Norte","sarscov2",2023-04-23,2023,17,5
"Norte","sarscov2",2023-04-30,2023,18,3
"Norte","sarscov2",2023-05-07,2023,19,3
"Norte","sarscov2",2023-05-14,2023,20,6
"Norte","sarscov2",2023-05-21,2023,21,9
"Norte","sarscov2",2023-05-28,2023,22,2
"Norte","sarscov2",2023-06-04,2023,23,1
"Norte","sarscov2",2023-06-11,2023,24,1
"Norte","sarscov2",2023-06-18,2023,25,1
"Norte","sarscov2",2023-06-25,2023,26,2
"Norte","sarscov2",2023-07-02,2023,27,2
"Norte","sarscov2",2023-07-09,2023,28,2
"Norte","sarscov2",2023-07-16,2023,29,1
"Norte","sarscov2",2023-07-23,2023,30,1
"Norte","sarscov2",2023-07-30,2023,31,3
"Norte","sarscov2",2023-08-06,2023,32,1
"Norte","sarscov2",2023-08-13,2023,33,0
"Norte","sarscov2",2023-08-20,2023,34,3
"Norte","sarscov2",2023-08-27,2023,35,2
"Norte","sarscov2",2023-09-03,2023,36,3
"Norte","sarscov2",2023-09-10,2023,37,2
"Norte","sarscov2",2023-09-17,2023,38,6
"Norte","sarscov2",2023-09-24,2023,39,9
"Norte","sarscov2",2023-10-01,2023,40,7
"Norte","sarscov2",2023-10-08,2023,41,10
"Norte","sarscov2",2023-10-15,2023,42,24
"Norte","sarscov2",2023-10-22,2023,43,11
"Norte","sarscov2",2023-10-29,2023,44,8
"Norte","sarscov2",2023-11-05,2023,45,15
"Norte","sarscov2",2023-11-12,2023,46,12
"Norte","sarscov2",2023-11-19,2023,47,6
"Norte","sarscov2",2023-11-26,2023,48,4
"Norte","sarscov2",2023-12-03,2023,49,4
"Norte","sarscov2",2023-12-10,2023,50,6
"Norte","sarscov2",2023-12-17,2023,51,1
"Norte","sarscov2",2023-12-24,2023,52,3
"Norte","sarscov2",2023-12-31,2024,1,0
"Norte","sarscov2",2024-01-07,2024,2,2
"Norte","sarscov2",2024-01-14,2024,3,4
"Norte","sarscov2",2024-01-21,2024,4,5
"Norte","sarscov2",2024-01-28,2024,5,2
"Norte","sarscov2",2024-02-04,2024,6,7
"Norte","sarscov2",2024-02-11,2024,7,17
"Norte","sarscov2",2024-02-18,2024,8,15
"Norte","sarscov2",2024-02-25,2024,9,16
"Norte","sarscov2",2024-03-03,2024,10,9
"Norte","sarscov2",2024-03-10,2024,11,4
"Norte","sarscov2",2024-03-17,2024,12,7
"Norte","sarscov2",2024-03-24,2024,13,3
"Norte","sarscov2",2024-03-31,2024,14,2
"Norte","sarscov2",2024-04-07,2024,15,1
"Norte","sarscov2",2024-04-14,2024,16,1
"Norte","sarscov2",2024-04-21,2024,17,0
"Norte","sarscov2",2024-04-28,2024,18,2
"Norte","sarscov2",2024-05-05,2024,19,0
"Norte","sarscov2",2024-05-12,2024,20,0
"Norte","sarscov2",2024-05-19,2024,21,0
"Norte","sarscov2",2024-05-26,2024,22,0
"Norte","sarscov2",2024-06-02,2024,23,0
"Norte","sarscov2",2024-06-09,2024,24,0
"Norte","sarscov2",2024-06-16,2024,25,0
"Norte","sarscov2",2024-06-23,2024,26,0
"Norte","sarscov2",2024-06-30,2024,27,0
"Norte","sarscov2",2024-07-07,2024,28,0
"Norte","sarscov2",2024-07-14,2024,29,0
"Norte","sarscov2",2024-07-21,2024,30,0
"Norte","sarscov2",2024-07-28,2024,31,0
"Norte","sarscov2",2024-08-04,2024,32,0
"Norte","sarscov2",2024-08-11,2024,33,0
"Norte","sarscov2",2024-08-18,2024,34,1
"Norte","sarscov2",2024-08-25,2024,35,0
"Norte","sarscov2",2024-09-01,2024,36,2
"Norte","sarscov2",2024-09-08,2024,37,0
"Norte","sarscov2",2024-09-15,2024,38,0
"Norte","sarscov2",2024-09-22,2024,39,1
"Norte","sarscov2",2024-09-29,2024,40,0
"Norte","sarscov2",2024-10-06,2024,41,0
"Norte","sarscov2",2024-10-13,2024,42,7
"Norte","sarscov2",2024-10-20,2024,43,1
"Norte","sarscov2",2024-10-27,2024,44,3
"Norte","sarscov2",2024-11-03,2024,45,5
"Norte","sarscov2",2024-11-10,2024,46,5
"Norte","sarscov2",2024-11-17,2024,47,4
"Norte","sarscov2",2024-11-24,2024,48,3
"Norte","sarscov2",2024-12-01,2024,49,2
"Norte","sarscov2",2024-12-08,2024,50,3
"Norte","sarscov2",2024-12-15,2024,51,6
"Norte","sarscov2",2024-12-22,2024,52,1
"Norte","sarscov2",2024-12-29,2025,1,1
"Norte","sarscov2",2025-01-05,2025,2,5
"Norte","sarscov2",2025-01-12,2025,3,2
"Norte","sarscov2",2025-01-19,2025,4,3
"Norte","sarscov2",2025-01-26,2025,5,0
"Norte","sarscov2",2025-02-02,2025,6,1
"Norte","sarscov2",2025-02-09,2025,7,1
"Norte","sarscov2",2025-02-16,2025,8,0
"Norte","sarscov2",2025-02-23,2025,9,1
"Norte","sarscov2",2025-03-02,2025,10,0
"Norte","sarscov2",2025-03-09,2025,11,1
"Norte","sarscov2",2025-03-16,2025,12,0
"Norte","sarscov2",2025-03-23,2025,13,0
"Norte","sarscov2",2025-03-30,2025,14,0
"Norte","sarscov2",2025-04-06,2025,15,0
"Norte","sarscov2",2025-04-13,2025,16,0
"Norte","sarscov2",2025-04-20,2025,17,0
"Norte","sarscov2",2025-04-27,2025,18,1
"Norte","sarscov2",2025-05-04,2025,19,0
"Norte","sarscov2",2025-05-11,2025,20,2
"Norte","sarscov2",2025-05-18,2025,21,0
"Norte","sarscov2",2025-05-25,2025,22,0
"Norte","sarscov2",2025-06-01,2025,23,3
"Norte","sarscov2",2025-06-08,2025,24,5
"Norte","sarscov2",2025-06-15,2025,25,4
"Norte","sarscov2",2025-06-22,2025,26,3
"Norte","sarscov2",2025-06-29,2025,27,2
"Norte","sarscov2",2025-07-06,2025,28,1
"Norte","sarscov2",2025-07-13,2025,29,0
"Norte","sarscov2",2025-07-20,2025,30,2
"Norte","sarscov2",2025-07-27,2025,31,0
"Norte","sarscov2",2025-08-03,2025,32,2
"Norte","sarscov2",2025-08-10,2025,33,1
"Norte","sarscov2",2025-08-17,2025,34,5
"Norte","sarscov2",2025-08-24,2025,35,2
"Norte","sarscov2",2025-08-31,2025,36,1
"Norte","sarscov2",2025-09-07,2025,37,2
"Norte","sarscov2",2025-09-14,2025,38,2
"Norte","sarscov2",2025-09-21,2025,39,3
"Norte","sarscov2",2025-09-28,2025,40,4
"Norte","sarscov2",2025-10-05,2025,41,3
"Norte","sarscov2",2025-10-12,2025,42,6
"Norte","sarscov2",2025-10-19,2025,43,1
"Norte","sarscov2",2025-10-26,2025,44,0
"Norte","sarscov2",2025-11-02,2025,45,3
"Norte","sarscov2",2025-11-09,2025,46,0
"Norte","sarscov2",2025-11-16,2025,47,3
"Norte","sarscov2",2025-11-23,2025,48,0
"Norte","sarscov2",2025-11-30,2025,49,0
"Norte","sarscov2",2025-12-07,2025,50,0
"Norte","sarscov2",2025-12-14,2025,51,0
"Norte","sarscov2",2025-12-21,2025,52,0
"Norte","sarscov2",2025-12-28,2025,53,1
"Norte","influenza",2022-01-02,2022,1,34
"Norte","influenza",2022-01-09,2022,2,4
"Norte","influenza",2022-01-16,2022,3,0
"Norte","influenza",2022-01-23,2022,4,2
"Norte","influenza",2022-01-30,2022,5,0
"Norte","influenza",2022-02-06,2022,6,1
"Norte","influenza",2022-02-13,2022,7,0
"Norte","influenza",2022-02-20,2022,8,1
"Norte","influenza",2022-02-27,2022,9,0
"Norte","influenza",2022-03-06,2022,10,0
"Norte","influenza",2022-03-13,2022,11,0
"Norte","influenza",2022-03-20,2022,12,0
"Norte","influenza",2022-03-27,2022,13,0
"Norte","influenza",2022-04-03,2022,14,0
"Norte","influenza",2022-04-10,2022,15,0
"Norte","influenza",2022-04-17,2022,16,0
"Norte","influenza",2022-04-24,2022,17,0
"Norte","influenza",2022-05-01,2022,18,0
"Norte","influenza",2022-05-08,2022,19,0
"Norte","influenza",2022-05-15,2022,20,1
"Norte","influenza",2022-05-22,2022,21,0
"Norte","influenza",2022-05-29,2022,22,0
"Norte","influenza",2022-06-05,2022,23,0
"Norte","influenza",2022-06-12,2022,24,0
"Norte","influenza",2022-06-19,2022,25,0
"Norte","influenza",2022-06-26,2022,26,0
"Norte","influenza",2022-07-03,2022,27,0
"Norte","influenza",2022-07-10,2022,28,1
"Norte","influenza",2022-07-17,2022,29,0
"Norte","influenza",2022-07-24,2022,30,1
"Norte","influenza",2022-07-31,2022,31,1
"Norte","influenza",2022-08-07,2022,32,0
"Norte","influenza",2022-08-14,2022,33,0
"Norte","influenza",2022-08-21,2022,34,0
"Norte","influenza",2022-08-28,2022,35,0
"Norte","influenza",2022-09-04,2022,36,1
"Norte","influenza",2022-09-11,2022,37,0
"Norte","influenza",2022-09-18,2022,38,1
"Norte","influenza",2022-09-25,2022,39,0
"Norte","influenza",2022-10-02,2022,40,0
"Norte","influenza",2022-10-09,2022,41,1
"Norte","influenza",2022-10-16,2022,42,1
"Norte","influenza",2022-10-23,2022,43,2
"Norte","influenza",2022-10-30,2022,44,1
"Norte","influenza",2022-11-06,2022,45,2
"Norte","influenza",2022-11-13,2022,46,2
"Norte","influenza",2022-11-20,2022,47,1
"Norte","influenza",2022-11-27,2022,48,0
"Norte","influenza",2022-12-04,2022,49,0
"Norte","influenza",2022-12-11,2022,50,0
"Norte","influenza",2022-12-18,2022,51,0
"Norte","influenza",2022-12-25,2022,52,0
"Norte","influenza",2023-01-01,2023,1,0
"Norte","influenza",2023-01-08,2023,2,0
"Norte","influenza",2023-01-15,2023,3,1
"Norte","influenza",2023-01-22,2023,4,1
"Norte","influenza",2023-01-29,2023,5,0
"Norte","influenza",2023-02-05,2023,6,0
"Norte","influenza",2023-02-12,2023,7,0
"Norte","influenza",2023-02-19,2023,8,2
"Norte","influenza",2023-02-26,2023,9,0
"Norte","influenza",2023-03-05,2023,10,0
"Norte","influenza",2023-03-12,2023,11,1
"Norte","influenza",2023-03-19,2023,12,2
"Norte","influenza",2023-03-26,2023,13,0
"Norte","influenza",2023-04-02,2023,14,1
"Norte","influenza",2023-04-09,2023,15,1
"Norte","influenza",2023-04-16,2023,16,4
"Norte","influenza",2023-04-23,2023,17,1
"Norte","influenza",2023-04-30,2023,18,4
"Norte","influenza",2023-05-07,2023,19,8
"Norte","influenza",2023-05-14,2023,20,5
"Norte","influenza",2023-05-21,2023,21,3
"Norte","influenza",2023-05-28,2023,22,7
"Norte","influenza",2023-06-04,2023,23,2
"Norte","influenza",2023-06-11,2023,24,4
"Norte","influenza",2023-06-18,2023,25,1
"Norte","influenza",2023-06-25,2023,26,2
"Norte","influenza",2023-07-02,2023,27,0
"Norte","influenza",2023-07-09,2023,28,1
"Norte","influenza",2023-07-16,2023,29,0
"Norte","influenza",2023-07-23,2023,30,0
"Norte","influenza",2023-07-30,2023,31,0
"Norte","influenza",2023-08-06,2023,32,0
"Norte","influenza",2023-08-13,2023,33,0
"Norte","influenza",2023-08-20,2023,34,0
"Norte","influenza",2023-08-27,2023,35,0
"Norte","influenza",2023-09-03,2023,36,0
"Norte","influenza",2023-09-10,2023,37,0
"Norte","influenza",2023-09-17,2023,38,1
"Norte","influenza",2023-09-24,2023,39,0
"Norte","influenza",2023-10-01,2023,40,0
"Norte","influenza",2023-10-08,2023,41,0
"Norte","influenza",2023-10-15,2023,42,0
"Norte","influenza",2023-10-22,2023,43,0
"Norte","influenza",2023-10-29,2023,44,1
"Norte","influenza",2023-11-05,2023,45,0
"Norte","influenza",2023-11-12,2023,46,1
"Norte","influenza",2023-11-19,2023,47,0
"Norte","influenza",2023-11-26,2023,48,0
"Norte","influenza",2023-12-03,2023,49,0
"Norte","influenza",2023-12-10,2023,50,0
"Norte","influenza",2023-12-17,2023,51,0
"Norte","influenza",2023-12-24,2023,52,0
"Norte","influenza",2023-12-31,2024,1,0
"Norte","influenza",2024-01-07,2024,2,0
"Norte","influenza",2024-01-14,2024,3,0
"Norte","influenza",2024-01-21,2024,4,0
"Norte","influenza",2024-01-28,2024,5,0
"Norte","influenza",2024-02-04,2024,6,0
"Norte","influenza",2024-02-11,2024,7,3
"Norte","influenza",2024-02-18,2024,8,2
"Norte","influenza",2024-02-25,2024,9,5
"Norte","influenza",2024-03-03,2024,10,4
"Norte","influenza",2024-03-10,2024,11,2
"Norte","influenza",2024-03-17,2024,12,6
"Norte","influenza",2024-03-24,2024,13,3
"Norte","influenza",2024-03-31,2024,14,0
"Norte","influenza",2024-04-07,2024,15,0
"Norte","influenza",2024-04-14,2024,16,1
"Norte","influenza",2024-04-21,2024,17,7
"Norte","influenza",2024-04-28,2024,18,0
"Norte","influenza",2024-05-05,2024,19,1
"Norte","influenza",2024-05-12,2024,20,0
"Norte","influenza",2024-05-19,2024,21,0
"Norte","influenza",2024-05-26,2024,22,0
"Norte","influenza",2024-06-02,2024,23,3
"Norte","influenza",2024-06-09,2024,24,0
"Norte","influenza",2024-06-16,2024,25,0
"Norte","influenza",2024-06-23,2024,26,0
"Norte","influenza",2024-06-30,2024,27,0
"Norte","influenza",2024-07-07,2024,28,1
"Norte","influenza",2024-07-14,2024,29,1
"Norte","influenza",2024-07-21,2024,30,0
"Norte","influenza",2024-07-28,2024,31,2
"Norte","influenza",2024-08-04,2024,32,1
"Norte","influenza",2024-08-11,2024,33,0
"Norte","influenza",2024-08-18,2024,34,2
"Norte","influenza",2024-08-25,2024,35,0
"Norte","influenza",2024-09-01,2024,36,1
"Norte","influenza",2024-09-08,2024,37,0
"Norte","influenza",2024-09-15,2024,38,0
"Norte","influenza",2024-09-22,2024,39,0
"Norte","influenza",2024-09-29,2024,40,5
"Norte","influenza",2024-10-06,2024,41,2
"Norte","influenza",2024-10-13,2024,42,3
"Norte","influenza",2024-10-20,2024,43,8
"Norte","influenza",2024-10-27,2024,44,1
"Norte","influenza",2024-11-03,2024,45,8
"Norte","influenza",2024-11-10,2024,46,3
"Norte","influenza",2024-11-17,2024,47,4
"Norte","influenza",2024-11-24,2024,48,2
"Norte","influenza",2024-12-01,2024,49,4
"Norte","influenza",2024-12-08,2024,50,5
"Norte","influenza",2024-12-15,2024,51,0
"Norte","influenza",2024-12-22,2024,52,0
"Norte","influenza",2024-12-29,2025,1,0
"Norte","influenza",2025-01-05,2025,2,1
"Norte","influenza",2025-01-12,2025,3,0
"Norte","influenza",2025-01-19,2025,4,0
"Norte","influenza",2025-01-26,2025,5,1
"Norte","influenza",2025-02-02,2025,6,0
"Norte","influenza",2025-02-09,2025,7,0
"Norte","influenza",2025-02-16,2025,8,1
"Norte","influenza",2025-02-23,2025,9,0
"Norte","influenza",2025-03-02,2025,10,1
"Norte","influenza",2025-03-09,2025,11,1
"Norte","influenza",2025-03-16,2025,12,1
"Norte","influenza",2025-03-23,2025,13,2
"Norte","influenza",2025-03-30,2025,14,0
"Norte","influenza",2025-04-06,2025,15,1
"Norte","influenza",2025-04-13,2025,16,1
"Norte","influenza",2025-04-20,2025,17,1
"Norte","influenza",2025-04-27,2025,18,9
"Norte","influenza",2025-05-04,2025,19,4
"Norte","influenza",2025-05-11,2025,20,19
"Norte","influenza",2025-05-18,2025,21,17
"Norte","influenza",2025-05-25,2025,22,28
"Norte","influenza",2025-06-01,2025,23,17
"Norte","influenza",2025-06-08,2025,24,9
"Norte","influenza",2025-06-15,2025,25,14
"Norte","influenza",2025-06-22,2025,26,6
"Norte","influenza",2025-06-29,2025,27,1
"Norte","influenza",2025-07-06,2025,28,4
"Norte","influenza",2025-07-13,2025,29,3
"Norte","influenza",2025-07-20,2025,30,1
"Norte","influenza",2025-07-27,2025,31,2
"Norte","influenza",2025-08-03,2025,32,1
"Norte","influenza",2025-08-10,2025,33,1
"Norte","influenza",2025-08-17,2025,34,0
"Norte","influenza",2025-08-24,2025,35,1
"Norte","influenza",2025-08-31,2025,36,5
"Norte","influenza",2025-09-07,2025,37,2
"Norte","influenza",2025-09-14,2025,38,0
"Norte","influenza",2025-09-21,2025,39,3
"Norte","influenza",2025-09-28,2025,40,4
"Norte","influenza",2025-10-05,2025,41,5
"Norte","influenza",2025-10-12,2025,42,3
"Norte","influenza",2025-10-19,2025,43,1
"Norte","influenza",2025-10-26,2025,44,3
"Norte","influenza",2025-11-02,2025,45,4
"Norte","influenza",2025-11-09,2025,46,1
"Norte","influenza",2025-11-16,2025,47,1
"Norte","influenza",2025-11-23,2025,48,1
"Norte","influenza",2025-11-30,2025,49,3
"Norte","influenza",2025-12-07,2025,50,0
"Norte","influenza",2025-12-14,2025,51,0
"Norte","influenza",2025-12-21,2025,52,1
"Norte","influenza",2025-12-28,2025,53,1
"Norte","vsr",2022-01-02,2022,1,0
"Norte","vsr",2022-01-09,2022,2,0
"Norte","vsr",2022-01-16,2022,3,1
"Norte","vsr",2022-01-23,2022,4,0
"Norte","vsr",2022-01-30,2022,5,0
"Norte","vsr",2022-02-06,2022,6,0
"Norte","vsr",2022-02-13,2022,7,0
"Norte","vsr",2022-02-20,2022,8,0
"Norte","vsr",2022-02-27,2022,9,0
"Norte","vsr",2022-03-06,2022,10,3
"Norte","vsr",2022-03-13,2022,11,3
"Norte","vsr",2022-03-20,2022,12,2
"Norte","vsr",2022-03-27,2022,13,2
"Norte","vsr",2022-04-03,2022,14,2
"Norte","vsr",2022-04-10,2022,15,1
"Norte","vsr",2022-04-17,2022,16,0
"Norte","vsr",2022-04-24,2022,17,2
"Norte","vsr",2022-05-01,2022,18,2
"Norte","vsr",2022-05-08,2022,19,2
"Norte","vsr",2022-05-15,2022,20,3
"Norte","vsr",2022-05-22,2022,21,2
"Norte","vsr",2022-05-29,2022,22,1
"Norte","vsr",2022-06-05,2022,23,1
"Norte","vsr",2022-06-12,2022,24,0
"Norte","vsr",2022-06-19,2022,25,0
"Norte","vsr",2022-06-26,2022,26,0
"Norte","vsr",2022-07-03,2022,27,0
"Norte","vsr",2022-07-10,2022,28,0
"Norte","vsr",2022-07-17,2022,29,0
"Norte","vsr",2022-07-24,2022,30,0
"Norte","vsr",2022-07-31,2022,31,0
"Norte","vsr",2022-08-07,2022,32,0
"Norte","vsr",2022-08-14,2022,33,0
"Norte","vsr",2022-08-21,2022,34,0
"Norte","vsr",2022-08-28,2022,35,0
"Norte","vsr",2022-09-04,2022,36,0
"Norte","vsr",2022-09-11,2022,37,0
"Norte","vsr",2022-09-18,2022,38,0
"Norte","vsr",2022-09-25,2022,39,0
"Norte","vsr",2022-10-02,2022,40,0
"Norte","vsr",2022-10-09,2022,41,0
"Norte","vsr",2022-10-16,2022,42,0
"Norte","vsr",2022-10-23,2022,43,0
"Norte","vsr",2022-10-30,2022,44,0
"Norte","vsr",2022-11-06,2022,45,0
"Norte","vsr",2022-11-13,2022,46,0
"Norte","vsr",2022-11-20,2022,47,0
"Norte","vsr",2022-11-27,2022,48,0
"Norte","vsr",2022-12-04,2022,49,0
"Norte","vsr",2022-12-11,2022,50,0
"Norte","vsr",2022-12-18,2022,51,0
"Norte","vsr",2022-12-25,2022,52,0
"Norte","vsr",2023-01-01,2023,1,0
"Norte","vsr",2023-01-08,2023,2,0
"Norte","vsr",2023-01-15,2023,3,0
"Norte","vsr",2023-01-22,2023,4,0
"Norte","vsr",2023-01-29,2023,5,0
"Norte","vsr",2023-02-05,2023,6,0
"Norte","vsr",2023-02-12,2023,7,0
"Norte","vsr",2023-02-19,2023,8,0
"Norte","vsr",2023-02-26,2023,9,0
"Norte","vsr",2023-03-05,2023,10,0
"Norte","vsr",2023-03-12,2023,11,2
"Norte","vsr",2023-03-19,2023,12,0
"Norte","vsr",2023-03-26,2023,13,1
"Norte","vsr",2023-04-02,2023,14,5
"Norte","vsr",2023-04-09,2023,15,4
"Norte","vsr",2023-04-16,2023,16,1
"Norte","vsr",2023-04-23,2023,17,4
"Norte","vsr",2023-04-30,2023,18,3
"Norte","vsr",2023-05-07,2023,19,4
"Norte","vsr",2023-05-14,2023,20,3
"Norte","vsr",2023-05-21,2023,21,2
"Norte","vsr",2023-05-28,2023,22,2
"Norte","vsr",2023-06-04,2023,23,1
"Norte","vsr",2023-06-11,2023,24,2
"Norte","vsr",2023-06-18,2023,25,1
"Norte","vsr",2023-06-25,2023,26,0
"Norte","vsr",2023-07-02,2023,27,1
"Norte","vsr",2023-07-09,2023,28,2
"Norte","vsr",2023-07-16,2023,29,0
"Norte","vsr",2023-07-23,2023,30,0
"Norte","vsr",2023-07-30,2023,31,0
"Norte","vsr",2023-08-06,2023,32,0
"Norte","vsr",2023-08-13,2023,33,0
"Norte","vsr",2023-08-20,2023,34,0
"Norte","vsr",2023-08-27,2023,35,0
"Norte","vsr",2023-09-03,2023,36,0
"Norte","vsr",2023-09-10,2023,37,0
"Norte","vsr",2023-09-17,2023,38,0
"Norte","vsr",2023-09-24,2023,39,0
"Norte","vsr",2023-10-01,2023,40,0
"Norte","vsr",2023-10-08,2023,41,0
"Norte","vsr",2023-10-15,2023,42,0
"Norte","vsr",2023-10-22,2023,43,0
"Norte","vsr",2023-10-29,2023,44,0
"Norte","vsr",2023-11-05,2023,45,0
"Norte","vsr",2023-11-12,2023,46,0
"Norte","vsr",2023-11-19,2023,47,0
"Norte","vsr",2023-11-26,2023,48,0
"Norte","vsr",2023-12-03,2023,49,0
"Norte","vsr",2023-12-10,2023,50,0
"Norte","vsr",2023-12-17,2023,51,0
"Norte","vsr",2023-12-24,2023,52,1
"Norte","vsr",2023-12-31,2024,1,0
"Norte","vsr",2024-01-07,2024,2,0
"Norte","vsr",2024-01-14,2024,3,0
"Norte","vsr",2024-01-21,2024,4,0
"Norte","vsr",2024-01-28,2024,5,0
"Norte","vsr",2024-02-04,2024,6,0
"Norte","vsr",2024-02-11,2024,7,0
"Norte","vsr",2024-02-18,2024,8,0
"Norte","vsr",2024-02-25,2024,9,0
"Norte","vsr",2024-03-03,2024,10,0
"Norte","vsr",2024-03-10,2024,11,0
"Norte","vsr",2024-03-17,2024,12,0
"Norte","vsr",2024-03-24,2024,13,0
"Norte","vsr",2024-03-31,2024,14,3
"Norte","vsr",2024-04-07,2024,15,1
"Norte","vsr",2024-04-14,2024,16,3
"Norte","vsr",2024-04-21,2024,17,10
"Norte","vsr",2024-04-28,2024,18,6
"Norte","vsr",2024-05-05,2024,19,11
"Norte","vsr",2024-05-12,2024,20,7
"Norte","vsr",2024-05-19,2024,21,6
"Norte","vsr",2024-05-26,2024,22,4
"Norte","vsr",2024-06-02,2024,23,2
"Norte","vsr",2024-06-09,2024,24,1
"Norte","vsr",2024-06-16,2024,25,2
"Norte","vsr",2024-06-23,2024,26,1
"Norte","vsr",2024-06-30,2024,27,3
"Norte","vsr",2024-07-07,2024,28,0
"Norte","vsr",2024-07-14,2024,29,5
"Norte","vsr",2024-07-21,2024,30,2
"Norte","vsr",2024-07-28,2024,31,0
"Norte","vsr",2024-08-04,2024,32,0
"Norte","vsr",2024-08-11,2024,33,1
"Norte","vsr",2024-08-18,2024,34,0
"Norte","vsr",2024-08-25,2024,35,0
"Norte","vsr",2024-09-01,2024,36,0
"Norte","vsr",2024-09-08,2024,37,0
"Norte","vsr",2024-09-15,2024,38,0
"Norte","vsr",2024-09-22,2024,39,0
"Norte","vsr",2024-09-29,2024,40,0
"Norte","vsr",2024-10-06,2024,41,0
"Norte","vsr",2024-10-13,2024,42,0
"Norte","vsr",2024-10-20,2024,43,0
"Norte","vsr",2024-10-27,2024,44,0
"Norte","vsr",2024-11-03,2024,45,1
"Norte","vsr",2024-11-10,2024,46,0
"Norte","vsr",2024-11-17,2024,47,0
"Norte","vsr",2024-11-24,2024,48,0
"Norte","vsr",2024-12-01,2024,49,0
"Norte","vsr",2024-12-08,2024,50,0
"Norte","vsr",2024-12-15,2024,51,0
"Norte","vsr",2024-12-22,2024,52,1
"Norte","vsr",2024-12-29,2025,1,0
"Norte","vsr",2025-01-05,2025,2,1
"Norte","vsr",2025-01-12,2025,3,0
"Norte","vsr",2025-01-19,2025,4,0
"Norte","vsr",2025-01-26,2025,5,1
"Norte","vsr",2025-02-02,2025,6,0
"Norte","vsr",2025-02-09,2025,7,0
"Norte","vsr",2025-02-16,2025,8,3
"Norte","vsr",2025-02-23,2025,9,0
"Norte","vsr",2025-03-02,2025,10,0
"Norte","vsr",2025-03-09,2025,11,2
"Norte","vsr",2025-03-16,2025,12,5
"Norte","vsr",2025-03-23,2025,13,7
"Norte","vsr",2025-03-30,2025,14,10
"Norte","vsr",2025-04-06,2025,15,9
"Norte","vsr",2025-04-13,2025,16,3
"Norte","vsr",2025-04-20,2025,17,16
"Norte","vsr",2025-04-27,2025,18,15
"Norte","vsr",2025-05-04,2025,19,19
"Norte","vsr",2025-05-11,2025,20,15
"Norte","vsr",2025-05-18,2025,21,12
"Norte","vsr",2025-05-25,2025,22,12
"Norte","vsr",2025-06-01,2025,23,15
"Norte","vsr",2025-06-08,2025,24,12
"Norte","vsr",2025-06-15,2025,25,10
"Norte","vsr",2025-06-22,2025,26,9
"Norte","vsr",2025-06-29,2025,27,4
"Norte","vsr",2025-07-06,2025,28,9
"Norte","vsr",2025-07-13,2025,29,7
"Norte","vsr",2025-07-20,2025,30,7
"Norte","vsr",2025-07-27,2025,31,3
"Norte","vsr",2025-08-03,2025,32,2
"Norte","vsr",2025-08-10,2025,33,2
"Norte","vsr",2025-08-17,2025,34,3
"Norte","vsr",2025-08-24,2025,35,1
"Norte","vsr",2025-08-31,2025,36,1
"Norte","vsr",2025-09-07,2025,37,0
"Norte","vsr",2025-09-14,2025,38,1
"Norte","vsr",2025-09-21,2025,39,1
"Norte","vsr",2025-09-28,2025,40,0
"Norte","vsr",2025-10-05,2025,41,0
"Norte","vsr",2025-10-12,2025,42,1
"Norte","vsr",2025-10-19,2025,43,0
"Norte","vsr",2025-10-26,2025,44,0
"Norte","vsr",2025-11-02,2025,45,0
"Norte","vsr",2025-11-09,2025,46,0
"Norte","vsr",2025-11-16,2025,47,0
"Norte","vsr",2025-11-23,2025,48,0
"Norte","vsr",2025-11-30,2025,49,0
"Norte","vsr",2025-12-07,2025,50,0
"Norte","vsr",2025-12-14,2025,51,0
"Norte","vsr",2025-12-21,2025,52,1
"Norte","vsr",2025-12-28,2025,53,0
"Serrana","sarscov2",2022-01-02,2022,1,26
"Serrana","sarscov2",2022-01-09,2022,2,115
"Serrana","sarscov2",2022-01-16,2022,3,200
"Serrana","sarscov2",2022-01-23,2022,4,186
"Serrana","sarscov2",2022-01-30,2022,5,151
"Serrana","sarscov2",2022-02-06,2022,6,70
"Serrana","sarscov2",2022-02-13,2022,7,29
"Serrana","sarscov2",2022-02-20,2022,8,12
"Serrana","sarscov2",2022-02-27,2022,9,11
"Serrana","sarscov2",2022-03-06,2022,10,9
"Serrana","sarscov2",2022-03-13,2022,11,4
"Serrana","sarscov2",2022-03-20,2022,12,0
"Serrana","sarscov2",2022-03-27,2022,13,9
"Serrana","sarscov2",2022-04-03,2022,14,1
"Serrana","sarscov2",2022-04-10,2022,15,3
"Serrana","sarscov2",2022-04-17,2022,16,7
"Serrana","sarscov2",2022-04-24,2022,17,13
"Serrana","sarscov2",2022-05-01,2022,18,9
"Serrana","sarscov2",2022-05-08,2022,19,10
"Serrana","sarscov2",2022-05-15,2022,20,17
"Serrana","sarscov2",2022-05-22,2022,21,57
"Serrana","sarscov2",2022-05-29,2022,22,101
"Serrana","sarscov2",2022-06-05,2022,23,69
"Serrana","sarscov2",2022-06-12,2022,24,73
"Serrana","sarscov2",2022-06-19,2022,25,74
"Serrana","sarscov2",2022-06-26,2022,26,67
"Serrana","sarscov2",2022-07-03,2022,27,31
"Serrana","sarscov2",2022-07-10,2022,28,25
"Serrana","sarscov2",2022-07-17,2022,29,13
"Serrana","sarscov2",2022-07-24,2022,30,12
"Serrana","sarscov2",2022-07-31,2022,31,6
"Serrana","sarscov2",2022-08-07,2022,32,2
"Serrana","sarscov2",2022-08-14,2022,33,3
"Serrana","sarscov2",2022-08-21,2022,34,3
"Serrana","sarscov2",2022-08-28,2022,35,3
"Serrana","sarscov2",2022-09-04,2022,36,2
"Serrana","sarscov2",2022-09-11,2022,37,0
"Serrana","sarscov2",2022-09-18,2022,38,0
"Serrana","sarscov2",2022-09-25,2022,39,1
"Serrana","sarscov2",2022-10-02,2022,40,0
"Serrana","sarscov2",2022-10-09,2022,41,1
"Serrana","sarscov2",2022-10-16,2022,42,2
"Serrana","sarscov2",2022-10-23,2022,43,4
"Serrana","sarscov2",2022-10-30,2022,44,13
"Serrana","sarscov2",2022-11-06,2022,45,23
"Serrana","sarscov2",2022-11-13,2022,46,46
"Serrana","sarscov2",2022-11-20,2022,47,44
"Serrana","sarscov2",2022-11-27,2022,48,37
"Serrana","sarscov2",2022-12-04,2022,49,41
"Serrana","sarscov2",2022-12-11,2022,50,29
"Serrana","sarscov2",2022-12-18,2022,51,27
"Serrana","sarscov2",2022-12-25,2022,52,14
"Serrana","sarscov2",2023-01-01,2023,1,11
"Serrana","sarscov2",2023-01-08,2023,2,10
"Serrana","sarscov2",2023-01-15,2023,3,7
"Serrana","sarscov2",2023-01-22,2023,4,8
"Serrana","sarscov2",2023-01-29,2023,5,10
"Serrana","sarscov2",2023-02-05,2023,6,5
"Serrana","sarscov2",2023-02-12,2023,7,10
"Serrana","sarscov2",2023-02-19,2023,8,8
"Serrana","sarscov2",2023-02-26,2023,9,20
"Serrana","sarscov2",2023-03-05,2023,10,16
"Serrana","sarscov2",2023-03-12,2023,11,29
"Serrana","sarscov2",2023-03-19,2023,12,19
"Serrana","sarscov2",2023-03-26,2023,13,14
"Serrana","sarscov2",2023-04-02,2023,14,16
"Serrana","sarscov2",2023-04-09,2023,15,11
"Serrana","sarscov2",2023-04-16,2023,16,9
"Serrana","sarscov2",2023-04-23,2023,17,5
"Serrana","sarscov2",2023-04-30,2023,18,5
"Serrana","sarscov2",2023-05-07,2023,19,9
"Serrana","sarscov2",2023-05-14,2023,20,3
"Serrana","sarscov2",2023-05-21,2023,21,3
"Serrana","sarscov2",2023-05-28,2023,22,3
"Serrana","sarscov2",2023-06-04,2023,23,5
"Serrana","sarscov2",2023-06-11,2023,24,7
"Serrana","sarscov2",2023-06-18,2023,25,9
"Serrana","sarscov2",2023-06-25,2023,26,5
"Serrana","sarscov2",2023-07-02,2023,27,7
"Serrana","sarscov2",2023-07-09,2023,28,7
"Serrana","sarscov2",2023-07-16,2023,29,7
"Serrana","sarscov2",2023-07-23,2023,30,4
"Serrana","sarscov2",2023-07-30,2023,31,10
"Serrana","sarscov2",2023-08-06,2023,32,5
"Serrana","sarscov2",2023-08-13,2023,33,2
"Serrana","sarscov2",2023-08-20,2023,34,15
"Serrana","sarscov2",2023-08-27,2023,35,11
"Serrana","sarscov2",2023-09-03,2023,36,7
"Serrana","sarscov2",2023-09-10,2023,37,18
"Serrana","sarscov2",2023-09-17,2023,38,32
"Serrana","sarscov2",2023-09-24,2023,39,25
"Serrana","sarscov2",2023-10-01,2023,40,28
"Serrana","sarscov2",2023-10-08,2023,41,27
"Serrana","sarscov2",2023-10-15,2023,42,28
"Serrana","sarscov2",2023-10-22,2023,43,22
"Serrana","sarscov2",2023-10-29,2023,44,19
"Serrana","sarscov2",2023-11-05,2023,45,20
"Serrana","sarscov2",2023-11-12,2023,46,14
"Serrana","sarscov2",2023-11-19,2023,47,7
"Serrana","sarscov2",2023-11-26,2023,48,8
"Serrana","sarscov2",2023-12-03,2023,49,6
"Serrana","sarscov2",2023-12-10,2023,50,7
"Serrana","sarscov2",2023-12-17,2023,51,8
"Serrana","sarscov2",2023-12-24,2023,52,5
"Serrana","sarscov2",2023-12-31,2024,1,5
"Serrana","sarscov2",2024-01-07,2024,2,7
"Serrana","sarscov2",2024-01-14,2024,3,4
"Serrana","sarscov2",2024-01-21,2024,4,11
"Serrana","sarscov2",2024-01-28,2024,5,10
"Serrana","sarscov2",2024-02-04,2024,6,17
"Serrana","sarscov2",2024-02-11,2024,7,24
"Serrana","sarscov2",2024-02-18,2024,8,26
"Serrana","sarscov2",2024-02-25,2024,9,17
"Serrana","sarscov2",2024-03-03,2024,10,7
"Serrana","sarscov2",2024-03-10,2024,11,5
"Serrana","sarscov2",2024-03-17,2024,12,3
"Serrana","sarscov2",2024-03-24,2024,13,1
"Serrana","sarscov2",2024-03-31,2024,14,1
"Serrana","sarscov2",2024-04-07,2024,15,1
"Serrana","sarscov2",2024-04-14,2024,16,1
"Serrana","sarscov2",2024-04-21,2024,17,0
"Serrana","sarscov2",2024-04-28,2024,18,1
"Serrana","sarscov2",2024-05-05,2024,19,0
"Serrana","sarscov2",2024-05-12,2024,20,0
"Serrana","sarscov2",2024-05-19,2024,21,0
"Serrana","sarscov2",2024-05-26,2024,22,0
"Serrana","sarscov2",2024-06-02,2024,23,0
"Serrana","sarscov2",2024-06-09,2024,24,4
"Serrana","sarscov2",2024-06-16,2024,25,0
"Serrana","sarscov2",2024-06-23,2024,26,1
"Serrana","sarscov2",2024-06-30,2024,27,0
"Serrana","sarscov2",2024-07-07,2024,28,0
"Serrana","sarscov2",2024-07-14,2024,29,0
"Serrana","sarscov2",2024-07-21,2024,30,0
"Serrana","sarscov2",2024-07-28,2024,31,0
"Serrana","sarscov2",2024-08-04,2024,32,0
"Serrana","sarscov2",2024-08-11,2024,33,0
"Serrana","sarscov2",2024-08-18,2024,34,0
"Serrana","sarscov2",2024-08-25,2024,35,1
"Serrana","sarscov2",2024-09-01,2024,36,8
"Serrana","sarscov2",2024-09-08,2024,37,6
"Serrana","sarscov2",2024-09-15,2024,38,4
"Serrana","sarscov2",2024-09-22,2024,39,2
"Serrana","sarscov2",2024-09-29,2024,40,3
"Serrana","sarscov2",2024-10-06,2024,41,1
"Serrana","sarscov2",2024-10-13,2024,42,2
"Serrana","sarscov2",2024-10-20,2024,43,4
"Serrana","sarscov2",2024-10-27,2024,44,6
"Serrana","sarscov2",2024-11-03,2024,45,7
"Serrana","sarscov2",2024-11-10,2024,46,8
"Serrana","sarscov2",2024-11-17,2024,47,13
"Serrana","sarscov2",2024-11-24,2024,48,12
"Serrana","sarscov2",2024-12-01,2024,49,10
"Serrana","sarscov2",2024-12-08,2024,50,9
"Serrana","sarscov2",2024-12-15,2024,51,7
"Serrana","sarscov2",2024-12-22,2024,52,7
"Serrana","sarscov2",2024-12-29,2025,1,7
"Serrana","sarscov2",2025-01-05,2025,2,7
"Serrana","sarscov2",2025-01-12,2025,3,2
"Serrana","sarscov2",2025-01-19,2025,4,2
"Serrana","sarscov2",2025-01-26,2025,5,1
"Serrana","sarscov2",2025-02-02,2025,6,1
"Serrana","sarscov2",2025-02-09,2025,7,2
"Serrana","sarscov2",2025-02-16,2025,8,1
"Serrana","sarscov2",2025-02-23,2025,9,2
"Serrana","sarscov2",2025-03-02,2025,10,1
"Serrana","sarscov2",2025-03-09,2025,11,0
"Serrana","sarscov2",2025-03-16,2025,12,0
"Serrana","sarscov2",2025-03-23,2025,13,0
"Serrana","sarscov2",2025-03-30,2025,14,1
"Serrana","sarscov2",2025-04-06,2025,15,0
"Serrana","sarscov2",2025-04-13,2025,16,0
"Serrana","sarscov2",2025-04-20,2025,17,0
"Serrana","sarscov2",2025-04-27,2025,18,0
"Serrana","sarscov2",2025-05-04,2025,19,0
"Serrana","sarscov2",2025-05-11,2025,20,1
"Serrana","sarscov2",2025-05-18,2025,21,0
"Serrana","sarscov2",2025-05-25,2025,22,1
"Serrana","sarscov2",2025-06-01,2025,23,4
"Serrana","sarscov2",2025-06-08,2025,24,3
"Serrana","sarscov2",2025-06-15,2025,25,0
"Serrana","sarscov2",2025-06-22,2025,26,0
"Serrana","sarscov2",2025-06-29,2025,27,0
"Serrana","sarscov2",2025-07-06,2025,28,1
"Serrana","sarscov2",2025-07-13,2025,29,2
"Serrana","sarscov2",2025-07-20,2025,30,3
"Serrana","sarscov2",2025-07-27,2025,31,1
"Serrana","sarscov2",2025-08-03,2025,32,4
"Serrana","sarscov2",2025-08-10,2025,33,3
"Serrana","sarscov2",2025-08-17,2025,34,4
"Serrana","sarscov2",2025-08-24,2025,35,7
"Serrana","sarscov2",2025-08-31,2025,36,4
"Serrana","sarscov2",2025-09-07,2025,37,0
"Serrana","sarscov2",2025-09-14,2025,38,3
"Serrana","sarscov2",2025-09-21,2025,39,3
"Serrana","sarscov2",2025-09-28,2025,40,1
"Serrana","sarscov2",2025-10-05,2025,41,2
"Serrana","sarscov2",2025-10-12,2025,42,1
"Serrana","sarscov2",2025-10-19,2025,43,0
"Serrana","sarscov2",2025-10-26,2025,44,0
"Serrana","sarscov2",2025-11-02,2025,45,0
"Serrana","sarscov2",2025-11-09,2025,46,0
"Serrana","sarscov2",2025-11-16,2025,47,0
"Serrana","sarscov2",2025-11-23,2025,48,0
"Serrana","sarscov2",2025-11-30,2025,49,0
"Serrana","sarscov2",2025-12-07,2025,50,0
"Serrana","sarscov2",2025-12-14,2025,51,2
"Serrana","sarscov2",2025-12-21,2025,52,1
"Serrana","sarscov2",2025-12-28,2025,53,2
"Serrana","influenza",2022-01-02,2022,1,17
"Serrana","influenza",2022-01-09,2022,2,4
"Serrana","influenza",2022-01-16,2022,3,4
"Serrana","influenza",2022-01-23,2022,4,2
"Serrana","influenza",2022-01-30,2022,5,0
"Serrana","influenza",2022-02-06,2022,6,1
"Serrana","influenza",2022-02-13,2022,7,0
"Serrana","influenza",2022-02-20,2022,8,0
"Serrana","influenza",2022-02-27,2022,9,0
"Serrana","influenza",2022-03-06,2022,10,0
"Serrana","influenza",2022-03-13,2022,11,0
"Serrana","influenza",2022-03-20,2022,12,0
"Serrana","influenza",2022-03-27,2022,13,0
"Serrana","influenza",2022-04-03,2022,14,1
"Serrana","influenza",2022-04-10,2022,15,0
"Serrana","influenza",2022-04-17,2022,16,0
"Serrana","influenza",2022-04-24,2022,17,0
"Serrana","influenza",2022-05-01,2022,18,0
"Serrana","influenza",2022-05-08,2022,19,0
"Serrana","influenza",2022-05-15,2022,20,0
"Serrana","influenza",2022-05-22,2022,21,0
"Serrana","influenza",2022-05-29,2022,22,1
"Serrana","influenza",2022-06-05,2022,23,0
"Serrana","influenza",2022-06-12,2022,24,0
"Serrana","influenza",2022-06-19,2022,25,0
"Serrana","influenza",2022-06-26,2022,26,0
"Serrana","influenza",2022-07-03,2022,27,0
"Serrana","influenza",2022-07-10,2022,28,0
"Serrana","influenza",2022-07-17,2022,29,0
"Serrana","influenza",2022-07-24,2022,30,0
"Serrana","influenza",2022-07-31,2022,31,0
"Serrana","influenza",2022-08-07,2022,32,1
"Serrana","influenza",2022-08-14,2022,33,1
"Serrana","influenza",2022-08-21,2022,34,0
"Serrana","influenza",2022-08-28,2022,35,1
"Serrana","influenza",2022-09-04,2022,36,0
"Serrana","influenza",2022-09-11,2022,37,1
"Serrana","influenza",2022-09-18,2022,38,2
"Serrana","influenza",2022-09-25,2022,39,2
"Serrana","influenza",2022-10-02,2022,40,1
"Serrana","influenza",2022-10-09,2022,41,3
"Serrana","influenza",2022-10-16,2022,42,4
"Serrana","influenza",2022-10-23,2022,43,9
"Serrana","influenza",2022-10-30,2022,44,8
"Serrana","influenza",2022-11-06,2022,45,2
"Serrana","influenza",2022-11-13,2022,46,1
"Serrana","influenza",2022-11-20,2022,47,1
"Serrana","influenza",2022-11-27,2022,48,0
"Serrana","influenza",2022-12-04,2022,49,1
"Serrana","influenza",2022-12-11,2022,50,0
"Serrana","influenza",2022-12-18,2022,51,0
"Serrana","influenza",2022-12-25,2022,52,0
"Serrana","influenza",2023-01-01,2023,1,1
"Serrana","influenza",2023-01-08,2023,2,0
"Serrana","influenza",2023-01-15,2023,3,1
"Serrana","influenza",2023-01-22,2023,4,0
"Serrana","influenza",2023-01-29,2023,5,0
"Serrana","influenza",2023-02-05,2023,6,0
"Serrana","influenza",2023-02-12,2023,7,0
"Serrana","influenza",2023-02-19,2023,8,0
"Serrana","influenza",2023-02-26,2023,9,1
"Serrana","influenza",2023-03-05,2023,10,3
"Serrana","influenza",2023-03-12,2023,11,3
"Serrana","influenza",2023-03-19,2023,12,2
"Serrana","influenza",2023-03-26,2023,13,3
"Serrana","influenza",2023-04-02,2023,14,2
"Serrana","influenza",2023-04-09,2023,15,0
"Serrana","influenza",2023-04-16,2023,16,1
"Serrana","influenza",2023-04-23,2023,17,1
"Serrana","influenza",2023-04-30,2023,18,4
"Serrana","influenza",2023-05-07,2023,19,5
"Serrana","influenza",2023-05-14,2023,20,4
"Serrana","influenza",2023-05-21,2023,21,7
"Serrana","influenza",2023-05-28,2023,22,5
"Serrana","influenza",2023-06-04,2023,23,4
"Serrana","influenza",2023-06-11,2023,24,1
"Serrana","influenza",2023-06-18,2023,25,2
"Serrana","influenza",2023-06-25,2023,26,3
"Serrana","influenza",2023-07-02,2023,27,9
"Serrana","influenza",2023-07-09,2023,28,5
"Serrana","influenza",2023-07-16,2023,29,2
"Serrana","influenza",2023-07-23,2023,30,0
"Serrana","influenza",2023-07-30,2023,31,0
"Serrana","influenza",2023-08-06,2023,32,0
"Serrana","influenza",2023-08-13,2023,33,1
"Serrana","influenza",2023-08-20,2023,34,1
"Serrana","influenza",2023-08-27,2023,35,1
"Serrana","influenza",2023-09-03,2023,36,0
"Serrana","influenza",2023-09-10,2023,37,2
"Serrana","influenza",2023-09-17,2023,38,1
"Serrana","influenza",2023-09-24,2023,39,0
"Serrana","influenza",2023-10-01,2023,40,0
"Serrana","influenza",2023-10-08,2023,41,1
"Serrana","influenza",2023-10-15,2023,42,0
"Serrana","influenza",2023-10-22,2023,43,0
"Serrana","influenza",2023-10-29,2023,44,0
"Serrana","influenza",2023-11-05,2023,45,0
"Serrana","influenza",2023-11-12,2023,46,0
"Serrana","influenza",2023-11-19,2023,47,0
"Serrana","influenza",2023-11-26,2023,48,2
"Serrana","influenza",2023-12-03,2023,49,1
"Serrana","influenza",2023-12-10,2023,50,0
"Serrana","influenza",2023-12-17,2023,51,0
"Serrana","influenza",2023-12-24,2023,52,0
"Serrana","influenza",2023-12-31,2024,1,1
"Serrana","influenza",2024-01-07,2024,2,0
"Serrana","influenza",2024-01-14,2024,3,0
"Serrana","influenza",2024-01-21,2024,4,0
"Serrana","influenza",2024-01-28,2024,5,4
"Serrana","influenza",2024-02-04,2024,6,0
"Serrana","influenza",2024-02-11,2024,7,2
"Serrana","influenza",2024-02-18,2024,8,0
"Serrana","influenza",2024-02-25,2024,9,2
"Serrana","influenza",2024-03-03,2024,10,0
"Serrana","influenza",2024-03-10,2024,11,0
"Serrana","influenza",2024-03-17,2024,12,4
"Serrana","influenza",2024-03-24,2024,13,1
"Serrana","influenza",2024-03-31,2024,14,3
"Serrana","influenza",2024-04-07,2024,15,7
"Serrana","influenza",2024-04-14,2024,16,7
"Serrana","influenza",2024-04-21,2024,17,10
"Serrana","influenza",2024-04-28,2024,18,9
"Serrana","influenza",2024-05-05,2024,19,2
"Serrana","influenza",2024-05-12,2024,20,9
"Serrana","influenza",2024-05-19,2024,21,4
"Serrana","influenza",2024-05-26,2024,22,2
"Serrana","influenza",2024-06-02,2024,23,5
"Serrana","influenza",2024-06-09,2024,24,3
"Serrana","influenza",2024-06-16,2024,25,2
"Serrana","influenza",2024-06-23,2024,26,2
"Serrana","influenza",2024-06-30,2024,27,6
"Serrana","influenza",2024-07-07,2024,28,1
"Serrana","influenza",2024-07-14,2024,29,3
"Serrana","influenza",2024-07-21,2024,30,3
"Serrana","influenza",2024-07-28,2024,31,4
"Serrana","influenza",2024-08-04,2024,32,1
"Serrana","influenza",2024-08-11,2024,33,1
"Serrana","influenza",2024-08-18,2024,34,2
"Serrana","influenza",2024-08-25,2024,35,0
"Serrana","influenza",2024-09-01,2024,36,2
"Serrana","influenza",2024-09-08,2024,37,1
"Serrana","influenza",2024-09-15,2024,38,1
"Serrana","influenza",2024-09-22,2024,39,5
"Serrana","influenza",2024-09-29,2024,40,2
"Serrana","influenza",2024-10-06,2024,41,1
"Serrana","influenza",2024-10-13,2024,42,0
"Serrana","influenza",2024-10-20,2024,43,0
"Serrana","influenza",2024-10-27,2024,44,1
"Serrana","influenza",2024-11-03,2024,45,1
"Serrana","influenza",2024-11-10,2024,46,2
"Serrana","influenza",2024-11-17,2024,47,3
"Serrana","influenza",2024-11-24,2024,48,4
"Serrana","influenza",2024-12-01,2024,49,4
"Serrana","influenza",2024-12-08,2024,50,2
"Serrana","influenza",2024-12-15,2024,51,4
"Serrana","influenza",2024-12-22,2024,52,3
"Serrana","influenza",2024-12-29,2025,1,2
"Serrana","influenza",2025-01-05,2025,2,3
"Serrana","influenza",2025-01-12,2025,3,3
"Serrana","influenza",2025-01-19,2025,4,0
"Serrana","influenza",2025-01-26,2025,5,1
"Serrana","influenza",2025-02-02,2025,6,0
"Serrana","influenza",2025-02-09,2025,7,0
"Serrana","influenza",2025-02-16,2025,8,1
"Serrana","influenza",2025-02-23,2025,9,1
"Serrana","influenza",2025-03-02,2025,10,0
"Serrana","influenza",2025-03-09,2025,11,1
"Serrana","influenza",2025-03-16,2025,12,0
"Serrana","influenza",2025-03-23,2025,13,1
"Serrana","influenza",2025-03-30,2025,14,0
"Serrana","influenza",2025-04-06,2025,15,3
"Serrana","influenza",2025-04-13,2025,16,6
"Serrana","influenza",2025-04-20,2025,17,13
"Serrana","influenza",2025-04-27,2025,18,18
"Serrana","influenza",2025-05-04,2025,19,30
"Serrana","influenza",2025-05-11,2025,20,40
"Serrana","influenza",2025-05-18,2025,21,42
"Serrana","influenza",2025-05-25,2025,22,21
"Serrana","influenza",2025-06-01,2025,23,22
"Serrana","influenza",2025-06-08,2025,24,14
"Serrana","influenza",2025-06-15,2025,25,3
"Serrana","influenza",2025-06-22,2025,26,2
"Serrana","influenza",2025-06-29,2025,27,3
"Serrana","influenza",2025-07-06,2025,28,3
"Serrana","influenza",2025-07-13,2025,29,1
"Serrana","influenza",2025-07-20,2025,30,2
"Serrana","influenza",2025-07-27,2025,31,2
"Serrana","influenza",2025-08-03,2025,32,0
"Serrana","influenza",2025-08-10,2025,33,0
"Serrana","influenza",2025-08-17,2025,34,2
"Serrana","influenza",2025-08-24,2025,35,0
"Serrana","influenza",2025-08-31,2025,36,0
"Serrana","influenza",2025-09-07,2025,37,1
"Serrana","influenza",2025-09-14,2025,38,0
"Serrana","influenza",2025-09-21,2025,39,1
"Serrana","influenza",2025-09-28,2025,40,1
"Serrana","influenza",2025-10-05,2025,41,2
"Serrana","influenza",2025-10-12,2025,42,2
"Serrana","influenza",2025-10-19,2025,43,5
"Serrana","influenza",2025-10-26,2025,44,7
"Serrana","influenza",2025-11-02,2025,45,1
"Serrana","influenza",2025-11-09,2025,46,1
"Serrana","influenza",2025-11-16,2025,47,0
"Serrana","influenza",2025-11-23,2025,48,2
"Serrana","influenza",2025-11-30,2025,49,1
"Serrana","influenza",2025-12-07,2025,50,1
"Serrana","influenza",2025-12-14,2025,51,0
"Serrana","influenza",2025-12-21,2025,52,0
"Serrana","influenza",2025-12-28,2025,53,1
"Serrana","vsr",2022-01-02,2022,1,0
"Serrana","vsr",2022-01-09,2022,2,0
"Serrana","vsr",2022-01-16,2022,3,0
"Serrana","vsr",2022-01-23,2022,4,0
"Serrana","vsr",2022-01-30,2022,5,0
"Serrana","vsr",2022-02-06,2022,6,0
"Serrana","vsr",2022-02-13,2022,7,1
"Serrana","vsr",2022-02-20,2022,8,0
"Serrana","vsr",2022-02-27,2022,9,1
"Serrana","vsr",2022-03-06,2022,10,3
"Serrana","vsr",2022-03-13,2022,11,2
"Serrana","vsr",2022-03-20,2022,12,3
"Serrana","vsr",2022-03-27,2022,13,1
"Serrana","vsr",2022-04-03,2022,14,5
"Serrana","vsr",2022-04-10,2022,15,5
"Serrana","vsr",2022-04-17,2022,16,3
"Serrana","vsr",2022-04-24,2022,17,5
"Serrana","vsr",2022-05-01,2022,18,12
"Serrana","vsr",2022-05-08,2022,19,5
"Serrana","vsr",2022-05-15,2022,20,2
"Serrana","vsr",2022-05-22,2022,21,5
"Serrana","vsr",2022-05-29,2022,22,1
"Serrana","vsr",2022-06-05,2022,23,0
"Serrana","vsr",2022-06-12,2022,24,4
"Serrana","vsr",2022-06-19,2022,25,1
"Serrana","vsr",2022-06-26,2022,26,1
"Serrana","vsr",2022-07-03,2022,27,0
"Serrana","vsr",2022-07-10,2022,28,0
"Serrana","vsr",2022-07-17,2022,29,0
"Serrana","vsr",2022-07-24,2022,30,0
"Serrana","vsr",2022-07-31,2022,31,0
"Serrana","vsr",2022-08-07,2022,32,0
"Serrana","vsr",2022-08-14,2022,33,0
"Serrana","vsr",2022-08-21,2022,34,0
"Serrana","vsr",2022-08-28,2022,35,0
"Serrana","vsr",2022-09-04,2022,36,0
"Serrana","vsr",2022-09-11,2022,37,0
"Serrana","vsr",2022-09-18,2022,38,0
"Serrana","vsr",2022-09-25,2022,39,0
"Serrana","vsr",2022-10-02,2022,40,0
"Serrana","vsr",2022-10-09,2022,41,0
"Serrana","vsr",2022-10-16,2022,42,0
"Serrana","vsr",2022-10-23,2022,43,0
"Serrana","vsr",2022-10-30,2022,44,0
"Serrana","vsr",2022-11-06,2022,45,0
"Serrana","vsr",2022-11-13,2022,46,0
"Serrana","vsr",2022-11-20,2022,47,0
"Serrana","vsr",2022-11-27,2022,48,0
"Serrana","vsr",2022-12-04,2022,49,0
"Serrana","vsr",2022-12-11,2022,50,0
"Serrana","vsr",2022-12-18,2022,51,0
"Serrana","vsr",2022-12-25,2022,52,0
"Serrana","vsr",2023-01-01,2023,1,1
"Serrana","vsr",2023-01-08,2023,2,1
"Serrana","vsr",2023-01-15,2023,3,1
"Serrana","vsr",2023-01-22,2023,4,2
"Serrana","vsr",2023-01-29,2023,5,0
"Serrana","vsr",2023-02-05,2023,6,2
"Serrana","vsr",2023-02-12,2023,7,4
"Serrana","vsr",2023-02-19,2023,8,7
"Serrana","vsr",2023-02-26,2023,9,5
"Serrana","vsr",2023-03-05,2023,10,10
"Serrana","vsr",2023-03-12,2023,11,8
"Serrana","vsr",2023-03-19,2023,12,23
"Serrana","vsr",2023-03-26,2023,13,12
"Serrana","vsr",2023-04-02,2023,14,18
"Serrana","vsr",2023-04-09,2023,15,21
"Serrana","vsr",2023-04-16,2023,16,5
"Serrana","vsr",2023-04-23,2023,17,8
"Serrana","vsr",2023-04-30,2023,18,7
"Serrana","vsr",2023-05-07,2023,19,2
"Serrana","vsr",2023-05-14,2023,20,1
"Serrana","vsr",2023-05-21,2023,21,4
"Serrana","vsr",2023-05-28,2023,22,3
"Serrana","vsr",2023-06-04,2023,23,0
"Serrana","vsr",2023-06-11,2023,24,3
"Serrana","vsr",2023-06-18,2023,25,1
"Serrana","vsr",2023-06-25,2023,26,1
"Serrana","vsr",2023-07-02,2023,27,3
"Serrana","vsr",2023-07-09,2023,28,0
"Serrana","vsr",2023-07-16,2023,29,0
"Serrana","vsr",2023-07-23,2023,30,0
"Serrana","vsr",2023-07-30,2023,31,0
"Serrana","vsr",2023-08-06,2023,32,0
"Serrana","vsr",2023-08-13,2023,33,1
"Serrana","vsr",2023-08-20,2023,34,0
"Serrana","vsr",2023-08-27,2023,35,0
"Serrana","vsr",2023-09-03,2023,36,0
"Serrana","vsr",2023-09-10,2023,37,0
"Serrana","vsr",2023-09-17,2023,38,0
"Serrana","vsr",2023-09-24,2023,39,0
"Serrana","vsr",2023-10-01,2023,40,0
"Serrana","vsr",2023-10-08,2023,41,0
"Serrana","vsr",2023-10-15,2023,42,0
"Serrana","vsr",2023-10-22,2023,43,0
"Serrana","vsr",2023-10-29,2023,44,0
"Serrana","vsr",2023-11-05,2023,45,0
"Serrana","vsr",2023-11-12,2023,46,0
"Serrana","vsr",2023-11-19,2023,47,0
"Serrana","vsr",2023-11-26,2023,48,0
"Serrana","vsr",2023-12-03,2023,49,0
"Serrana","vsr",2023-12-10,2023,50,0
"Serrana","vsr",2023-12-17,2023,51,0
"Serrana","vsr",2023-12-24,2023,52,1
"Serrana","vsr",2023-12-31,2024,1,0
"Serrana","vsr",2024-01-07,2024,2,0
"Serrana","vsr",2024-01-14,2024,3,0
"Serrana","vsr",2024-01-21,2024,4,0
"Serrana","vsr",2024-01-28,2024,5,0
"Serrana","vsr",2024-02-04,2024,6,0
"Serrana","vsr",2024-02-11,2024,7,0
"Serrana","vsr",2024-02-18,2024,8,1
"Serrana","vsr",2024-02-25,2024,9,1
"Serrana","vsr",2024-03-03,2024,10,0
"Serrana","vsr",2024-03-10,2024,11,1
"Serrana","vsr",2024-03-17,2024,12,0
"Serrana","vsr",2024-03-24,2024,13,1
"Serrana","vsr",2024-03-31,2024,14,6
"Serrana","vsr",2024-04-07,2024,15,8
"Serrana","vsr",2024-04-14,2024,16,8
"Serrana","vsr",2024-04-21,2024,17,7
"Serrana","vsr",2024-04-28,2024,18,6
"Serrana","vsr",2024-05-05,2024,19,5
"Serrana","vsr",2024-05-12,2024,20,6
"Serrana","vsr",2024-05-19,2024,21,8
"Serrana","vsr",2024-05-26,2024,22,6
"Serrana","vsr",2024-06-02,2024,23,16
"Serrana","vsr",2024-06-09,2024,24,19
"Serrana","vsr",2024-06-16,2024,25,6
"Serrana","vsr",2024-06-23,2024,26,8
"Serrana","vsr",2024-06-30,2024,27,8
"Serrana","vsr",2024-07-07,2024,28,3
"Serrana","vsr",2024-07-14,2024,29,5
"Serrana","vsr",2024-07-21,2024,30,0
"Serrana","vsr",2024-07-28,2024,31,0
"Serrana","vsr",2024-08-04,2024,32,0
"Serrana","vsr",2024-08-11,2024,33,1
"Serrana","vsr",2024-08-18,2024,34,2
"Serrana","vsr",2024-08-25,2024,35,1
"Serrana","vsr",2024-09-01,2024,36,0
"Serrana","vsr",2024-09-08,2024,37,0
"Serrana","vsr",2024-09-15,2024,38,1
"Serrana","vsr",2024-09-22,2024,39,1
"Serrana","vsr",2024-09-29,2024,40,0
"Serrana","vsr",2024-10-06,2024,41,0
"Serrana","vsr",2024-10-13,2024,42,0
"Serrana","vsr",2024-10-20,2024,43,0
"Serrana","vsr",2024-10-27,2024,44,0
"Serrana","vsr",2024-11-03,2024,45,0
"Serrana","vsr",2024-11-10,2024,46,0
"Serrana","vsr",2024-11-17,2024,47,0
"Serrana","vsr",2024-11-24,2024,48,0
"Serrana","vsr",2024-12-01,2024,49,0
"Serrana","vsr",2024-12-08,2024,50,1
"Serrana","vsr",2024-12-15,2024,51,0
"Serrana","vsr",2024-12-22,2024,52,0
"Serrana","vsr",2024-12-29,2025,1,1
"Serrana","vsr",2025-01-05,2025,2,0
"Serrana","vsr",2025-01-12,2025,3,0
"Serrana","vsr",2025-01-19,2025,4,0
"Serrana","vsr",2025-01-26,2025,5,0
"Serrana","vsr",2025-02-02,2025,6,0
"Serrana","vsr",2025-02-09,2025,7,2
"Serrana","vsr",2025-02-16,2025,8,0
"Serrana","vsr",2025-02-23,2025,9,0
"Serrana","vsr",2025-03-02,2025,10,0
"Serrana","vsr",2025-03-09,2025,11,1
"Serrana","vsr",2025-03-16,2025,12,3
"Serrana","vsr",2025-03-23,2025,13,3
"Serrana","vsr",2025-03-30,2025,14,8
"Serrana","vsr",2025-04-06,2025,15,20
"Serrana","vsr",2025-04-13,2025,16,8
"Serrana","vsr",2025-04-20,2025,17,18
"Serrana","vsr",2025-04-27,2025,18,14
"Serrana","vsr",2025-05-04,2025,19,23
"Serrana","vsr",2025-05-11,2025,20,22
"Serrana","vsr",2025-05-18,2025,21,29
"Serrana","vsr",2025-05-25,2025,22,17
"Serrana","vsr",2025-06-01,2025,23,22
"Serrana","vsr",2025-06-08,2025,24,21
"Serrana","vsr",2025-06-15,2025,25,15
"Serrana","vsr",2025-06-22,2025,26,11
"Serrana","vsr",2025-06-29,2025,27,12
"Serrana","vsr",2025-07-06,2025,28,10
"Serrana","vsr",2025-07-13,2025,29,7
"Serrana","vsr",2025-07-20,2025,30,8
"Serrana","vsr",2025-07-27,2025,31,5
"Serrana","vsr",2025-08-03,2025,32,3
"Serrana","vsr",2025-08-10,2025,33,2
"Serrana","vsr",2025-08-17,2025,34,3
"Serrana","vsr",2025-08-24,2025,35,1
"Serrana","vsr",2025-08-31,2025,36,1
"Serrana","vsr",2025-09-07,2025,37,0
"Serrana","vsr",2025-09-14,2025,38,0
"Serrana","vsr",2025-09-21,2025,39,0
"Serrana","vsr",2025-09-28,2025,40,1
"Serrana","vsr",2025-10-05,2025,41,2
"Serrana","vsr",2025-10-12,2025,42,0
"Serrana","vsr",2025-10-19,2025,43,0
"Serrana","vsr",2025-10-26,2025,44,1
"Serrana","vsr",2025-11-02,2025,45,0
"Serrana","vsr",2025-11-09,2025,46,0
"Serrana","vsr",2025-11-16,2025,47,0
"Serrana","vsr",2025-11-23,2025,48,0
"Serrana","vsr",2025-11-30,2025,49,0
"Serrana","vsr",2025-12-07,2025,50,0
"Serrana","vsr",2025-12-14,2025,51,0
"Serrana","vsr",2025-12-21,2025,52,0
"Serrana","vsr",2025-12-28,2025,53,0
